id;symbol;politician;transaction_date;filing_date;transaction_type;amount_from;amount_to;asset_name;owner_type;position_held;source;created_at
1d2399aa-4e06-4447-b71f-3425c9caa71e;T;Tim Moore;2026-05-18;2026-05-19;BUY;15001;50000;AT&T Inc.;self;House;capitol-exposed;2026-05-28 03:18:15.538899+00
e66c26d6-9c49-4ef8-91a7-13ee9cffe4a6;QCOM;Sara Jacobs;2026-05-07;2026-05-20;SELL;500001;1000000;> Merrill Lynch - SJ QCOM QUALCOMM Incorporated - Common Stock;self;House;capitol-exposed;2026-05-28 03:18:15.538899+00
1424bd59-05a4-451c-bd07-b794252ba130;INTC;Dwight Evans;2026-05-07;2026-05-15;SELL;1001;15000;ʋʎʋʐʉ Sʖʃʖʗʕ: Amended Sʗʄʊʑʎʆʋʐʉ Oʈ: PERSHING LLC Intel Corporation - Common Stock;self;House;capitol-exposed;2026-05-28 03:18:15.538899+00
cdc1bbc9-3d3f-4b79-ad23-11eb135b3595;QCOM;Sara Jacobs;2026-05-06;2026-05-20;SELL;500001;1000000;QUALCOMM Incorporated - Common Stock;self;House;capitol-exposed;2026-05-28 03:18:15.538899+00
39a1922f-9e58-49cb-87f6-73a5821a0b64;MMM;Josh Gottheimer;2026-04-28;2026-05-19;SELL;1001;15000;3M Company Common Stock;joint;House;capitol-exposed;2026-05-28 03:18:15.538899+00
f70fc752-badc-4eaa-a6bd-c4b412b6c686;AMD;Josh Gottheimer;2026-04-27;2026-05-19;BUY;1001;15000;Advanced Micro Devices, Inc.;joint;House;capitol-exposed;2026-05-28 03:18:15.538899+00
845ba167-41c6-4e25-9c33-685839676486;V;David J. Taylor;2026-04-27;2026-05-07;BUY;1001;15000;ʋʎʋʐʉ Sʖʃʖʗʕ: New Sʗʄʊʑʎʆʋʐʉ Oʈ: David Taylor Trust > Sardinia Ready Mix 401(k) - Dave Visa Inc.;self;House;capitol-exposed;2026-05-28 03:18:15.538899+00
344e38b4-60e2-4db3-9419-cebc655722b8;HD;David J. Taylor;2026-04-27;2026-05-07;SELL;1001;15000;ʋʎʋʐʉ Sʖʃʖʗʕ: New Sʗʄʊʑʎʆʋʐʉ Oʈ: David Taylor Trust > Sardinia Ready Mix 401(k) - Dave Home Depot, Inc.;self;House;capitol-exposed;2026-05-28 03:18:15.538899+00
5f29a7b8-de8e-4b6d-9051-a4dc589b6c95;PG;David J. Taylor;2026-04-27;2026-05-07;BUY;1001;15000;Cap. Gains > $200? Procter & Gamble Company;self;House;capitol-exposed;2026-05-28 03:18:15.538899+00
1cd8bd18-a2c6-4b6f-8441-5f84005c5ef6;AVGO;David J. Taylor;2026-04-27;2026-05-07;SELL;1001;15000;Broadcom Inc. - Common Stock;self;House;capitol-exposed;2026-05-28 03:18:15.538899+00
c05f9fc9-9ca2-43fc-b208-19cf144687d6;HD;David J. Taylor;2026-04-27;2026-05-07;BUY;1001;15000;ʋʎʋʐʉ Sʖʃʖʗʕ: New Sʗʄʊʑʎʆʋʐʉ Oʈ: David Taylor Trust > Sardinia Ready Mix 401(k) - Dave Home Depot, Inc.;self;House;capitol-exposed;2026-05-28 03:18:15.538899+00
1f9003dc-aa76-4348-8061-efc0fdf4984f;NVDA;Daniel Meuser;2026-04-24;2026-05-21;SELL;1001;15000;NVIDIA Corporation - Common Stock;spouse;House;capitol-exposed;2026-05-28 03:18:15.538899+00
144b62a7-ca60-46a6-bd1e-318a9e4ca113;NOW;Josh Gottheimer;2026-04-24;2026-05-19;SELL;1001;15000;ServiceNow, Inc. Common Stock;joint;House;capitol-exposed;2026-05-28 03:18:15.538899+00
c4a87532-8ca5-4fb5-be99-2f54fc9d4178;AMD;Josh Gottheimer;2026-04-23;2026-05-19;BUY;1001;15000;Advanced Micro Devices, Inc.;joint;House;capitol-exposed;2026-05-28 03:18:15.538899+00
f92975f6-fd67-4fde-a3de-8981aa875d0f;VZ;Lloyd Smucker;2026-04-23;2026-04-30;SELL;1001;15000;Cap. Gains > $200? Verizon Communications Inc. Common Stock;self;House;capitol-exposed;2026-05-28 03:18:15.538899+00
46505c5d-a261-47e2-a22c-c5d27d5181b8;WFC;Lloyd Smucker;2026-04-23;2026-04-30;SELL;15001;50000;ʋʎʋʐʉ Sʖʃʖʗʕ: New Sʗʄʊʑʎʆʋʐʉ Oʈ: Sale of Spouse Inherited Assets Wells Fargo & Company Common Stock;self;House;capitol-exposed;2026-05-28 03:18:15.538899+00
172dec6f-0296-4982-b608-a173fce4d990;AMZN;Gilbert Ray Cisneros, Jr.;2026-04-22;2026-05-08;BUY;1001;15000;Main Street Trust > Bank of America Amazon.com, Inc. - Common Stock;self;House;capitol-exposed;2026-05-28 03:18:15.538899+00
dc503513-6a86-4994-a569-8872055907bb;UNH;Maria Elvira Salazar;2026-04-22;2026-05-08;BUY;1001;15000;ʋʎʋʐʉ Sʖʃʖʗʕ: New Sʗʄʊʑʎʆʋʐʉ Oʈ: UBS IRA Account UnitedHealth Group Incorporated Common Stock;self;House;capitol-exposed;2026-05-28 03:18:15.538899+00
8ba91b24-a5e3-4ce6-81a2-85d0dc914582;MSFT;Maria Elvira Salazar;2026-04-17;2026-05-08;BUY;15001;50000;ʋʎʋʐʉ Sʖʃʖʗʕ: New Sʗʄʊʑʎʆʋʐʉ Oʈ: UBS Brokerage Account Microsoft Corporation - Common Stock;self;House;capitol-exposed;2026-05-28 03:18:15.538899+00
04fac125-3d69-4148-81a3-bed10a459f8e;AAPL;Shelley Moore Capito;2026-04-17;2026-05-07;SELL;1001;15000;AAPL;self;Senate;capitol-exposed;2026-05-28 03:18:15.538899+00
f1506935-e5a7-452e-bca5-1834fd8b9434;GS;Josh Gottheimer;2026-04-16;2026-05-19;BUY;1001;15000;Goldman Sachs Group, Inc.;joint;House;capitol-exposed;2026-05-28 03:18:15.538899+00
e3bdaa5a-dd0f-4209-882a-6075189f5a7c;AAPL;John J. McGuire III;2026-04-15;2026-05-13;BUY;1001;15000;Apple Inc. - Common Stock;spouse;House;capitol-exposed;2026-05-28 03:18:15.538899+00
ec7adbf4-e915-47a0-a5ab-7e0d0a145388;MSFT;John J. McGuire III;2026-04-15;2026-05-13;BUY;1001;15000;Microsoft Corporation - Common Stock;spouse;House;capitol-exposed;2026-05-28 03:18:15.538899+00
76baa6db-5d05-4e32-bfe4-91e55f5f17bc;NVDA;John J. McGuire III;2026-04-15;2026-05-13;BUY;1001;15000;NVIDIA Corporation - Common Stock;spouse;House;capitol-exposed;2026-05-28 03:18:15.538899+00
ed23945d-03cf-4ed3-be2b-873bce459ee8;SBUX;Jim Banks;2026-04-15;2026-04-20;SELL;1001;15000;Starbucks Corporation - Common Stock;self;Senate;capitol-exposed;2026-05-28 03:18:15.538899+00
c3f5dc55-f278-4add-bdcc-9a364b4f2278;UBER;Gilbert Ray Cisneros, Jr.;2026-04-14;2026-05-08;BUY;1001;15000;Main Street Trust > Bank of America Uber Technologies, Inc. Common Stock;self;House;capitol-exposed;2026-05-28 03:18:15.538899+00
028d5400-6d5d-462a-a199-cc14e773d4d9;VZ;Gilbert Ray Cisneros, Jr.;2026-04-14;2026-05-08;BUY;1001;15000;Main Street Trust > Bank of America Verizon Communications Inc. Common Stock;self;House;capitol-exposed;2026-05-28 03:18:15.538899+00
a0058e8e-6051-4fb1-9294-e9c6e713bd79;AMD;Gilbert Ray Cisneros, Jr.;2026-04-14;2026-05-08;BUY;15001;50000;Main Street Trust > Bank of America Advanced Micro Devices, Inc.;self;House;capitol-exposed;2026-05-28 03:18:15.538899+00
f2aec287-0298-4616-86ec-d74dca676a25;CRWD;Gilbert Ray Cisneros, Jr.;2026-04-14;2026-05-08;SELL;1001;15000;Main Street Trust > Bank of America CrowdStrike Holdings, Inc. - Class A Common Stock;self;House;capitol-exposed;2026-05-28 03:18:15.538899+00
79d44c1f-ac63-43b7-bbb7-dfd43f9873f8;NKE;Gilbert Ray Cisneros, Jr.;2026-04-14;2026-05-08;SELL;1001;15000;Cap. Gains > $200? Nike, Inc. Common Stock;self;House;capitol-exposed;2026-05-28 03:18:15.538899+00
7c51311e-85f2-4032-81cc-f94451bc25cd;NOW;Gilbert Ray Cisneros, Jr.;2026-04-14;2026-05-08;SELL;1001;15000;Main Street Trust > Bank of America ServiceNow, Inc. Common Stock;self;House;capitol-exposed;2026-05-28 03:18:15.538899+00
a7c08c41-52a8-42e7-a31b-9171cd12eae6;MSFT;Gilbert Ray Cisneros, Jr.;2026-04-14;2026-05-08;SELL;15001;50000;Main Street Trust > Bank of America Microsoft Corporation - Common Stock;self;House;capitol-exposed;2026-05-28 03:18:15.538899+00
f9ea9df8-f1f5-4a46-96f9-9ebeec81b786;ADBE;Gilbert Ray Cisneros, Jr.;2026-04-14;2026-05-08;BUY;1001;15000;Main Street Trust > Bank of America Adobe Inc. - Common Stock;self;House;capitol-exposed;2026-05-28 03:18:15.538899+00
38d94b0f-f3f9-49e3-b42a-d6e6831a7001;LLY;Gilbert Ray Cisneros, Jr.;2026-04-14;2026-05-08;BUY;1001;15000;Main Street Trust > Bank of America Eli Lilly and Company Common Stock;self;House;capitol-exposed;2026-05-28 03:18:15.538899+00
cd44af55-86b5-422a-a72f-0f3afa03f5ab;PLTR;Gilbert Ray Cisneros, Jr.;2026-04-14;2026-05-08;BUY;15001;50000;Main Street Trust > Bank of America Palantir Technologies Inc. - Class A Common Stock;self;House;capitol-exposed;2026-05-28 03:18:15.538899+00
2053b32d-f3b6-4cab-a2e5-491386ca7483;AMZN;Gilbert Ray Cisneros, Jr.;2026-04-14;2026-05-08;BUY;1001;15000;Main Street Trust > Bank of America Amazon.com, Inc. - Common Stock;self;House;capitol-exposed;2026-05-28 03:18:15.538899+00
6645417c-7311-4bac-9b7a-cb0a5120a737;COIN;Gilbert Ray Cisneros, Jr.;2026-04-14;2026-05-08;BUY;1001;15000;Cap. Gains > $200? Coinbase Global, Inc. - Class A Common Stock;self;House;capitol-exposed;2026-05-28 03:18:15.538899+00
9287870a-b0ce-4005-a735-fc7dcd7c5469;NVDA;Gilbert Ray Cisneros, Jr.;2026-04-14;2026-05-08;SELL;1001;15000;Main Street Trust > Bank of America NVIDIA Corporation - Common Stock;self;House;capitol-exposed;2026-05-28 03:18:15.538899+00
403c2155-8d35-4f4f-bb41-b36228992886;TSLA;Gilbert Ray Cisneros, Jr.;2026-04-14;2026-05-08;BUY;1001;15000;Main Street Trust > Bank of America Tesla, Inc. - Common Stock;self;House;capitol-exposed;2026-05-28 03:18:15.538899+00
26ea283a-5688-4c92-b4c0-dc73a66ac1b5;AVGO;Shelley Moore Capito;2026-04-13;2026-05-07;SELL;1001;15000;AVGO;self;Senate;capitol-exposed;2026-05-28 03:18:15.538899+00
65982be5-43be-4bd2-89d6-83a27a3706eb;JPM;Sheldon Whitehouse;2026-04-13;2026-05-05;SELL;15001;50000;JPM;self;Senate;capitol-exposed;2026-05-28 03:18:15.538899+00
5f5366f2-a69e-4804-b521-194569b770ec;T;Josh Gottheimer;2026-04-09;2026-05-19;SELL;1001;15000;AT&T Inc.;joint;House;capitol-exposed;2026-05-28 03:18:15.538899+00
65b2d50c-59c7-4521-a590-ebea58eb3ead;WFC;Mitch McConnell;2026-06-01;2026-06-30;BUY;1001;15000;WFC;self;Senate;capitol-exposed;2026-07-01 09:00:27.410193+00
106f1dd3-1a96-44ce-b5cc-57c8eff935ad;GS;Josh Gottheimer;2026-04-09;2026-05-19;SELL;15001;50000;Goldman Sachs Group, Inc.;joint;House;capitol-exposed;2026-05-28 03:18:15.538899+00
83d339b4-a03b-4710-839a-efe46fa9b77a;HD;Josh Gottheimer;2026-04-09;2026-05-19;SELL;15001;50000;Home Depot, Inc.;joint;House;capitol-exposed;2026-05-28 03:18:15.538899+00
85eeee05-17b3-4133-99bc-bebcfdfbe2b9;INTC;Cliff Bentz;2026-04-09;2026-05-09;SELL;1001;15000;Intel Corporation - Common Stock;spouse;House;capitol-exposed;2026-05-28 03:18:15.538899+00
e2185cee-b9d3-44a6-a254-0532c8b85bb7;TSM;Cleo Fields;2026-04-09;2026-04-20;BUY;1001;15000;Taiwan Semiconductor Manufacturing Company Ltd.;self;House;capitol-exposed;2026-05-28 03:18:15.538899+00
248c5fb5-492f-41c5-9815-f6c6c9b3bb46;MSFT;Lizzie Fletcher;2026-04-08;2026-05-01;SELL;1001;15000;Microsoft Corporation - Common Stock;self;House;capitol-exposed;2026-05-28 03:18:15.538899+00
80fe1774-9147-4b71-905e-9ef35ac993bc;NVDA;Lizzie Fletcher;2026-04-08;2026-05-01;SELL;1001;15000;NVIDIA Corporation - Common Stock;self;House;capitol-exposed;2026-05-28 03:18:15.538899+00
900266ba-4542-46b4-80bd-b41a2d411cab;LLY;Lizzie Fletcher;2026-04-08;2026-05-01;SELL;1001;15000;Eli Lilly and Company Common Stock;self;House;capitol-exposed;2026-05-28 03:18:15.538899+00
54fe0dff-4b0f-4650-baf0-ae18397fbca8;GOOGL;Lizzie Fletcher;2026-04-08;2026-05-01;SELL;1001;15000;Alphabet Inc. - Class A Common Stock;self;House;capitol-exposed;2026-05-28 03:18:15.538899+00
87e0c81f-f10f-4279-9126-16552d8e58ed;JPM;Lizzie Fletcher;2026-04-08;2026-05-01;SELL;1001;15000;Cap. Gains > $200? JP Morgan Chase & Co. Common Stock;self;House;capitol-exposed;2026-05-28 03:18:15.538899+00
88c47f34-1ab7-4fc9-8753-3da9f01cfdca;AAPL;Lizzie Fletcher;2026-04-08;2026-05-01;SELL;1001;15000;Apple Inc. - Common Stock;self;House;capitol-exposed;2026-05-28 03:18:15.538899+00
0f888ffa-bfa0-4e07-ba45-013d223649de;VZ;Jennifer L. McClellan;2026-04-07;2026-04-16;SELL;100001;250000;Verizon Communications Inc. Common Stock;self;House;capitol-exposed;2026-05-28 03:18:15.538899+00
bd90043c-ae1d-4410-8f3e-697afa536b8a;CRM;Maria Elvira Salazar;2026-04-06;2026-05-08;BUY;15001;50000;ʋʎʋʐʉ Sʖʃʖʗʕ: New Sʗʄʊʑʎʆʋʐʉ Oʈ: UBS Brokerage Account Salesforce, Inc. Common Stock;self;House;capitol-exposed;2026-05-28 03:18:15.538899+00
d04dc000-3669-45e4-9ea5-f0ebb2d209bd;LLY;Byron Donalds;2026-04-02;2026-05-13;BUY;1001;15000;ʋʎʋʐʉ Sʖʃʖʗʕ: New Sʗʄʊʑʎʆʋʐʉ Oʈ: Moran Wealth IRA Eli Lilly and Company Common Stock;self;House;capitol-exposed;2026-05-28 03:18:15.538899+00
eddf8bb6-ee7d-40b2-9512-0ec3cf7aa97c;KO;Lloyd Doggett;2026-04-01;2026-05-06;BUY;1001;15000;Coca-Cola Company;self;House;capitol-exposed;2026-05-28 03:18:15.538899+00
9a683084-1253-4657-b0c6-17987486d336;GD;Jared Moskowitz;2026-03-31;2026-04-30;BUY;1001;15000;Cap. Gains > $200? General Dynamics Corporation Common Stock;self;House;capitol-exposed;2026-05-28 03:18:15.538899+00
bc206c12-9d01-4359-8215-8c4ca9e1dfaf;AVGO;Jared Moskowitz;2026-03-31;2026-04-30;BUY;1001;15000;ʋʎʋʐʉ Sʖʃʖʗʕ: New Sʗʄʊʑʎʆʋʐʉ Oʈ: Morgan Stanley Active Assets (1) Broadcom Inc. - Common Stock;self;House;capitol-exposed;2026-05-28 03:18:15.538899+00
be59e9e5-8c56-4ae4-acec-4c83a3278f41;CAT;Jared Moskowitz;2026-03-31;2026-04-30;SELL;1001;15000;Cap. Gains > $200? Caterpillar, Inc. Common Stock;self;House;capitol-exposed;2026-05-28 03:18:15.538899+00
d3a8e6f0-6d53-4cef-9bfa-0cfe5363bef3;GE;Jared Moskowitz;2026-03-31;2026-04-30;BUY;1001;15000;ʋʎʋʐʉ Sʖʃʖʗʕ: New Sʗʄʊʑʎʆʋʐʉ Oʈ: Morgan Stanley Active Assets (1) GE Aerospace Common Stock;self;House;capitol-exposed;2026-05-28 03:18:15.538899+00
f2afcdc8-882a-4654-8b80-dd4fc8bb8992;QCOM;Jared Moskowitz;2026-03-31;2026-04-30;SELL;15001;50000;ST] Fʋʎʋʐʉ Sʖʃʖʗʕ: New Sʗʄʊʑʎʆʋʐʉ Oʈ: Morgan Stanley Active Assets (1) QUALCOMM Incorporated - Common Stock;self;House;capitol-exposed;2026-05-28 03:18:15.538899+00
bcf1c3ee-bdb2-4dc6-8643-622f84a8027e;HD;Jared Moskowitz;2026-03-31;2026-04-30;BUY;1001;15000;ʋʎʋʐʉ Sʖʃʖʗʕ: New Sʗʄʊʑʎʆʋʐʉ Oʈ: Morgan Stanley Active Assets (1) Home Depot, Inc.;self;House;capitol-exposed;2026-05-28 03:18:15.538899+00
15d74504-e41e-4a15-92c5-8cb144ac31f8;MCD;Jared Moskowitz;2026-03-31;2026-04-30;BUY;1001;15000;ʋʎʋʐʉ Sʖʃʖʗʕ: New Sʗʄʊʑʎʆʋʐʉ Oʈ: Morgan Stanley Active Assets (1) McDonald's Corporation Common Stock;self;House;capitol-exposed;2026-05-28 03:18:15.538899+00
1ec5c9c4-89e1-4ce3-b490-8297b5aba1ea;MMM;Tina Smith;2026-03-31;2026-04-03;SELL;50001;100000;MMM;self;Senate;capitol-exposed;2026-05-28 03:18:15.538899+00
5daba549-0aad-44f0-a1a4-6318d010d3d9;PEP;Sheldon Whitehouse;2026-03-30;2026-04-08;SELL;1001;15000;PepsiCo, Inc. - Common Stock;self;Senate;capitol-exposed;2026-05-28 03:18:15.538899+00
1a6f6e46-11a1-4cf6-b5a0-abc0f5e87aae;MSFT;John Fetterman;2026-03-30;2026-04-06;BUY;1001;15000;MSFT;self;Senate;capitol-exposed;2026-05-28 03:18:15.538899+00
5ae07b93-2caa-449f-a3a9-44e1c16d624a;GOOG;John Fetterman;2026-03-30;2026-04-06;BUY;1001;15000;GOOG;self;Senate;capitol-exposed;2026-05-28 03:18:15.538899+00
74600a2b-d47b-4d49-bbd6-a4c260eac889;AMZN;John Fetterman;2026-03-30;2026-04-06;BUY;1001;15000;AMZN;self;Senate;capitol-exposed;2026-05-28 03:18:15.538899+00
bf7eabd2-d0ee-4272-922b-adfd0e15747d;MA;Shelley Moore Capito;2026-03-28;2026-04-13;BUY;1001;15000;MA;self;Senate;capitol-exposed;2026-05-28 03:18:15.538899+00
182e8245-aa0d-4520-94d0-5562f40753ff;MSFT;John Fetterman;2026-03-27;2026-04-06;BUY;1001;15000;MSFT;self;Senate;capitol-exposed;2026-05-28 03:18:15.538899+00
3ecd9376-df49-4760-8084-09aa5f7e295d;T;John Fetterman;2026-03-27;2026-04-06;SELL;1001;15000;T;self;Senate;capitol-exposed;2026-05-28 03:18:15.538899+00
7b2c7859-c8ff-49fe-826f-4fc98c07d784;JNJ;Thomas H. Kean, Jr.;2026-03-26;2026-04-13;SELL;1001;15000;Kean Family Partnership Johnson & Johnson Common Stock;self;House;capitol-exposed;2026-05-28 03:18:15.538899+00
e0afc39a-abbf-4e66-9f85-3615f92fd9e2;PEP;Thomas H. Kean, Jr.;2026-03-26;2026-04-13;SELL;15001;50000;Kean Family Partnership Pepsico, Inc.;self;House;capitol-exposed;2026-05-28 03:18:15.538899+00
b984d854-b970-4d64-b51b-569b5b75d86a;HD;Lloyd Doggett;2026-03-26;2026-04-06;BUY;1001;15000;Home Depot, Inc.;self;House;capitol-exposed;2026-05-28 03:18:15.538899+00
967f3e35-95f1-4477-8634-263fccf4cd0a;NVDA;Daniel Meuser;2026-03-25;2026-04-21;SELL;1001;15000;NVIDIA Corporation - Common Stock;spouse;House;capitol-exposed;2026-05-28 03:18:15.538899+00
6ad8da17-79fb-4031-a36d-a724309df240;MSFT;Josh Gottheimer;2026-03-25;2026-04-08;BUY;50001;100000;Microsoft Corporation - Common Stock;joint;House;capitol-exposed;2026-05-28 03:18:15.538899+00
328860f5-3d75-4b4a-852e-d4adea151ffb;MSFT;Josh Gottheimer;2026-03-25;2026-04-08;BUY;500001;1000000;Microsoft Corporation - Common Stock;joint;House;capitol-exposed;2026-05-28 03:18:15.538899+00
4e45190e-8217-458e-93c2-ba9c34351612;NVDA;Gilbert Ray Cisneros, Jr.;2026-03-25;2026-04-07;SELL;1001;15000;Main Street Trust > Bank of America NVIDIA Corporation - Common Stock;self;House;capitol-exposed;2026-05-28 03:18:15.538899+00
dc759c65-6476-4ffd-9e1e-e9fe2b564668;AVGO;Gilbert Ray Cisneros, Jr.;2026-03-25;2026-04-07;SELL;1001;15000;Main Street Trust > Bank of America Broadcom Inc. - Common Stock;self;House;capitol-exposed;2026-05-28 03:18:15.538899+00
8fb468ea-5d80-4735-84d3-a80847e626d1;NVDA;Tim Moore;2026-03-24;2026-04-28;SELL;15001;50000;ʋʎʋʐʉ Sʖʃʖʗʕ: New NVIDIA Corporation - Common Stock;self;House;capitol-exposed;2026-05-28 03:18:15.538899+00
d6cae86d-a893-47ca-9c9c-ded532d942c6;HON;Maria Elvira Salazar;2026-03-24;2026-04-21;BUY;15001;50000;ʋʎʋʐʉ Sʖʃʖʗʕ: New Sʗʄʊʑʎʆʋʐʉ Oʈ: UBS IRA Account Honeywell International Inc.;self;House;capitol-exposed;2026-05-28 03:18:15.538899+00
e73b5875-ebf5-4307-bd9f-b6978de80a9d;GE;Maria Elvira Salazar;2026-03-24;2026-04-21;BUY;1001;15000;ʋʎʋʐʉ Sʖʃʖʗʕ: New Sʗʄʊʑʎʆʋʐʉ Oʈ: UBS IRA Account GE Aerospace Common Stock;self;House;capitol-exposed;2026-05-28 03:18:15.538899+00
79f98eb5-6e63-4b8b-8ff2-e5674094c2cd;GE;Jared Moskowitz;2026-03-23;2026-04-30;BUY;1001;15000;GE Aerospace Common Stock;child;House;capitol-exposed;2026-05-28 03:18:15.538899+00
42f6c8c3-003f-4c8a-aa05-90eae4c562e3;GD;Jared Moskowitz;2026-03-23;2026-04-30;BUY;1001;15000;ʋʎʋʐʉ Sʖʃʖʗʕ: New Sʗʄʊʑʎʆʋʐʉ Oʈ: Morgan Stanley Active Assets (5) General Dynamics Corporation Common Stock;self;House;capitol-exposed;2026-05-28 03:18:15.538899+00
0a5d584b-46bf-45b3-b0fa-a2707eb5523d;ORCL;Jared Moskowitz;2026-03-23;2026-04-30;SELL;1001;15000;Oracle Corporation Common Stock;child;House;capitol-exposed;2026-05-28 03:18:15.538899+00
43400ab8-ceaa-4d64-8404-f887c6a96312;ORCL;Jared Moskowitz;2026-03-23;2026-04-30;SELL;15001;50000;ʋʎʋʐʉ Sʖʃʖʗʕ: New Sʗʄʊʑʎʆʋʐʉ Oʈ: Morgan Stanley Active Assets (6) Oracle Corporation Common Stock;self;House;capitol-exposed;2026-05-28 03:18:15.538899+00
fbe87d21-5e1c-4e1e-a5ab-c9b26c41ab3f;GOOG;Jerry Moran;2026-05-27;2026-06-30;SELL;1001;15000;GOOG;self;Senate;capitol-exposed;2026-07-01 09:00:27.410193+00
eaba2070-d994-41af-a8ee-be6f8abaed8c;NFLX;Byron Donalds;2026-03-20;2026-04-08;BUY;1001;15000;Netflix, Inc. - Common Stock;spouse;House;capitol-exposed;2026-05-28 03:18:15.538899+00
84026f4d-e38b-41a8-b55c-314da2ed58b7;GS;Maria Elvira Salazar;2026-03-19;2026-04-21;BUY;15001;50000;ʋʎʋʐʉ Sʖʃʖʗʕ: New Sʗʄʊʑʎʆʋʐʉ Oʈ: UBS IRA Account Goldman Sachs Group, Inc.;self;House;capitol-exposed;2026-05-28 03:18:15.538899+00
01fb8934-6866-4b74-ba12-208007f1f56b;BA;Maria Elvira Salazar;2026-03-19;2026-04-21;BUY;15001;50000;ʋʎʋʐʉ Sʖʃʖʗʕ: New Sʗʄʊʑʎʆʋʐʉ Oʈ: UBS IRA Account Boeing Company;self;House;capitol-exposed;2026-05-28 03:18:15.538899+00
46962316-ec34-46a4-81bf-1a58d23806d4;BA;Maria Elvira Salazar;2026-03-19;2026-04-21;BUY;1001;15000;ʋʎʋʐʉ Sʖʃʖʗʕ: New Sʗʄʊʑʎʆʋʐʉ Oʈ: UBS Brokerage Account Boeing Company;self;House;capitol-exposed;2026-05-28 03:18:15.538899+00
08cb3a6f-6eb0-4a28-9800-1f70a6cbb3e1;NVDA;John Boozman;2026-03-19;2026-04-14;BUY;1001;15000;NVDA;self;Senate;capitol-exposed;2026-05-28 03:18:15.538899+00
ca3b41ff-735e-428f-a3ac-a630d4cc01d9;JNJ;John Boozman;2026-03-19;2026-04-14;SELL;1001;15000;JNJ;self;Senate;capitol-exposed;2026-05-28 03:18:15.538899+00
1150c8c0-2c4c-421d-9643-e2a18cbd6cbb;HD;Richard McCormick;2026-03-19;2026-04-07;BUY;1001;15000;Cap. Gains > $200? Home Depot, Inc.;self;House;capitol-exposed;2026-05-28 03:18:15.538899+00
e3149a8b-30a6-4372-86d1-76f93bdd3a0f;JNJ;Richard McCormick;2026-03-19;2026-04-07;SELL;1001;15000;Growth Partners Roth IRA Johnson & Johnson Common Stock;self;House;capitol-exposed;2026-05-28 03:18:15.538899+00
9363e8e2-7e06-4031-8097-459e583d4ad4;MSFT;Richard McCormick;2026-03-19;2026-04-07;BUY;1001;15000;Growth Partners IRA Microsoft Corporation - Common Stock;self;House;capitol-exposed;2026-05-28 03:18:15.538899+00
181f94f3-ddab-461b-bfcd-dd0d02bc418d;UNH;Richard McCormick;2026-03-19;2026-04-07;BUY;1001;15000;ST] FS: New SO: Growth Partners IRA UnitedHealth Group Incorporated Common Stock;self;House;capitol-exposed;2026-05-28 03:18:15.538899+00
85a42605-c9de-4db8-9388-9430208d0d99;AMZN;Gilbert Ray Cisneros, Jr.;2026-03-16;2026-04-07;SELL;1001;15000;Main Street Trust > Bank of America Amazon.com, Inc. - Common Stock;self;House;capitol-exposed;2026-05-28 03:18:15.538899+00
1d3d0075-6faf-4e27-bfd6-628a818e5b53;PLTR;Gilbert Ray Cisneros, Jr.;2026-03-16;2026-04-07;BUY;1001;15000;Main Street Trust > Bank of America Palantir Technologies Inc. Class A Common Stock;self;House;capitol-exposed;2026-05-28 03:18:15.538899+00
3b376352-4903-4d6e-b017-bcd112167eda;AMZN;Gilbert Ray Cisneros, Jr.;2026-03-16;2026-04-07;BUY;1001;15000;Main Street Trust > Bank of America Amazon.com, Inc. - Common Stock;self;House;capitol-exposed;2026-05-28 03:18:15.538899+00
0bbc2bd7-0267-41fb-8aaf-bcee12851880;PLTR;Gilbert Ray Cisneros, Jr.;2026-03-16;2026-04-07;SELL;1001;15000;Main Street Trust > Bank of America Palantir Technologies Inc. Class A Common Stock;self;House;capitol-exposed;2026-05-28 03:18:15.538899+00
5cc1ed76-822f-4ad5-9526-8aebb0bb7986;GOOG;Cleo Fields;2026-03-16;2026-04-07;BUY;1001;15000;Alphabet Inc. - Class C Capital Stock;self;House;capitol-exposed;2026-05-28 03:18:15.538899+00
57a0d904-24d5-4b2b-8266-4565e1a2ff6b;AAPL;Mark Alford;2026-03-16;2026-03-31;SELL;1001;15000;shares sold @ $46.04/share AMZN – 25 shares sold @ $209.40/share AAPL – 20.313 shares sold @ $253.45/share QQQ – 4.105 shares sold @ $601.68/share PYPL – 9.021 shares sold @ $47.735/share Apple Inc. - Common Stock;self;House;capitol-exposed;2026-05-28 03:18:15.538899+00
e03b336d-eea7-4e61-9341-428564dab3b8;PYPL;Mark Alford;2026-03-16;2026-03-31;SELL;1001;15000;shares sold @ $46.04/share AMZN – 25 shares sold @ $209.40/share AAPL – 20.313 shares sold @ $253.45/share QQQ – 4.105 shares sold @ $601.68/share PYPL – 9.021 shares sold @ $47.735/share PayPal Holdings, Inc. - Common Stock;self;House;capitol-exposed;2026-05-28 03:18:15.538899+00
32b970fc-20f5-49ac-9e3d-7732a65ee9bc;AMZN;Mark Alford;2026-03-16;2026-03-31;SELL;1001;15000;Amazon.com, Inc. - Common Stock;self;House;capitol-exposed;2026-05-28 03:18:15.538899+00
e6de9e2e-3fb0-4b63-8b6a-075932822705;T;Mark Alford;2026-03-16;2026-03-31;SELL;1001;15000;shares sold @ $46.04/share AMZN – 25 shares sold @ $209.40/share AAPL – 20.313 shares sold @ $253.45/share QQQ – 4.105 shares sold @ $601.68/share PYPL – 9.021 shares sold @ $47.735/share AT&T Inc.;self;House;capitol-exposed;2026-05-28 03:18:15.538899+00
186c29f9-69b6-419b-af1e-97e81f07f233;PYPL;Byron Donalds;2026-03-13;2026-04-08;BUY;1001;15000;Moran Wealth IRA PayPal Holdings, Inc. - Common Stock;self;House;capitol-exposed;2026-05-28 03:18:15.538899+00
e97bc991-ed66-49c8-a0da-839b00139a20;AMD;Gilbert Ray Cisneros, Jr.;2026-03-13;2026-04-07;SELL;1001;15000;Main Street Trust > Bank of America Advanced Micro Devices, Inc.;self;House;capitol-exposed;2026-05-28 03:18:15.538899+00
bd2c9f7e-8f29-4754-9bea-bd2af08002c9;CRWD;Gilbert Ray Cisneros, Jr.;2026-03-13;2026-04-07;BUY;1001;15000;Main Street Trust > Bank of America CrowdStrike Holdings, Inc. - Class A Common Stock;self;House;capitol-exposed;2026-05-28 03:18:15.538899+00
ab8b4a01-9815-4578-a02d-dc471cad2c93;LLY;Gilbert Ray Cisneros, Jr.;2026-03-13;2026-04-07;SELL;1001;15000;Main Street Trust > Bank of America Eli Lilly and Company Common Stock;self;House;capitol-exposed;2026-05-28 03:18:15.538899+00
40f3b472-bd37-4f60-b278-41ac55b5afd0;MSFT;Gilbert Ray Cisneros, Jr.;2026-03-13;2026-04-07;BUY;15001;50000;Main Street Trust > Bank of America Microsoft Corporation - Common Stock;self;House;capitol-exposed;2026-05-28 03:18:15.538899+00
a66ac7be-351d-430a-b866-b55742f21483;NVDA;Gilbert Ray Cisneros, Jr.;2026-03-13;2026-04-07;BUY;1001;15000;Main Street Trust > Bank of America NVIDIA Corporation - Common Stock;self;House;capitol-exposed;2026-05-28 03:18:15.538899+00
f830087f-6a7d-4c88-9ea2-104925c102c7;PYPL;Gilbert Ray Cisneros, Jr.;2026-03-13;2026-04-07;BUY;1001;15000;Main Street Trust > Bank of America PayPal Holdings, Inc. - Common Stock;self;House;capitol-exposed;2026-05-28 03:18:15.538899+00
0db2933d-6feb-4cea-aa2d-e4519a856f89;PLTR;Gilbert Ray Cisneros, Jr.;2026-03-13;2026-04-07;SELL;15001;50000;Main Street Trust > Bank of America Palantir Technologies Inc. Class A Common Stock;self;House;capitol-exposed;2026-05-28 03:18:15.538899+00
981f3ff5-eea8-4322-9de4-1937dabb445c;TSLA;Gilbert Ray Cisneros, Jr.;2026-03-13;2026-04-07;SELL;15001;50000;Main Street Trust > Bank of America Tesla, Inc. - Common Stock;self;House;capitol-exposed;2026-05-28 03:18:15.538899+00
4328ae3c-f213-4e3e-abb5-5d077d3bd8f4;UBER;Gilbert Ray Cisneros, Jr.;2026-03-13;2026-04-07;SELL;1001;15000;Cap. Gains > $200? Uber Technologies, Inc. Common Stock;self;House;capitol-exposed;2026-05-28 03:18:15.538899+00
3bc9a84e-afb8-4bf5-809b-1fd28427a558;UPS;Gilbert Ray Cisneros, Jr.;2026-03-13;2026-04-07;SELL;1001;15000;Main Street Trust > Bank of America United Parcel Service, Inc. Common Stock;self;House;capitol-exposed;2026-05-28 03:18:15.538899+00
bbf3295f-34b4-495d-a9db-e49f825f45e7;WFC;Gilbert Ray Cisneros, Jr.;2026-03-13;2026-04-07;SELL;1001;15000;Main Street Trust > Bank of America Wells Fargo & Company Common Stock;self;House;capitol-exposed;2026-05-28 03:18:15.538899+00
94d5e44a-4d81-4361-9ce3-ca3ee964a6b8;UNH;Gilbert Ray Cisneros, Jr.;2026-03-13;2026-04-07;BUY;1001;15000;Main Street Trust > Bank of America UnitedHealth Group Incorporated Common Stock;self;House;capitol-exposed;2026-05-28 03:18:15.538899+00
d0990496-e912-401d-af4e-e987f62e30f1;AMZN;Gilbert Ray Cisneros, Jr.;2026-03-13;2026-04-07;SELL;1001;15000;Main Street Trust > Bank of America D: Ticker 9988 HK Amazon.com, Inc. - Common Stock;self;House;capitol-exposed;2026-05-28 03:18:15.538899+00
da92f698-82d9-46d8-8c1c-8dfc1baa6cc8;PFE;Gilbert Ray Cisneros, Jr.;2026-03-13;2026-04-07;SELL;1001;15000;Main Street Trust > Bank of America Pfizer, Inc. Common Stock;self;House;capitol-exposed;2026-05-28 03:18:15.538899+00
1980dc72-a58f-49f3-b754-046527338040;CVX;David J. Taylor;2026-03-12;2026-03-20;SELL;1001;15000;Chevron Corporation Common Stock;self;House;capitol-exposed;2026-05-28 03:18:15.538899+00
a2ad72c3-30fa-458d-ab9d-37ca0e807329;HD;David J. Taylor;2026-03-12;2026-03-20;BUY;1001;15000;David Taylor Trust > Sardinia Ready Mix 401(k) - Dave Home Depot, Inc.;self;House;capitol-exposed;2026-05-28 03:18:15.538899+00
21d34787-1acd-44f9-be14-480689abea73;MSFT;Cleo Fields;2026-03-12;2026-03-17;BUY;1001;15000;Microsoft Corporation - Common Stock;self;House;capitol-exposed;2026-05-28 03:18:15.538899+00
60616a60-c3f4-4366-b1a7-6e4128bb316f;CVX;David J. Taylor;2026-03-11;2026-03-20;SELL;1001;15000;David Taylor Trust > Sardinia Ready Mix 401(k) - Dave Chevron Corporation Common Stock;self;House;capitol-exposed;2026-05-28 03:18:15.538899+00
3bccc9bd-d22d-4e5f-af1b-2270092c702c;JNJ;Lloyd Doggett;2026-03-10;2026-04-06;BUY;1001;15000;Automatic reinvestment of dividends earned. Johnson & Johnson Common Stock;self;House;capitol-exposed;2026-05-28 03:18:15.538899+00
7c4ca1f6-edc6-45f9-a543-0d7621c00db2;AMZN;Jonathan L. Jackson;2026-03-09;2026-04-08;SELL;1001;15000;Amazon.com, Inc. - Common Stock;self;House;capitol-exposed;2026-05-28 03:18:15.538899+00
d7f7d6b1-f7af-4067-8065-68c21776abbf;VZ;Pete Sessions;2026-03-09;2026-03-09;SELL;1001;15000;Verizon Communications Inc. Common Stock;self;House;capitol-exposed;2026-05-28 03:18:15.538899+00
3dc36204-d192-4df4-9a1c-553f9010a5a3;NOW;Josh Gottheimer;2026-03-06;2026-04-08;BUY;1001;15000;ServiceNow, Inc. Common Stock;joint;House;capitol-exposed;2026-05-28 03:18:15.538899+00
41f52b6a-4f4f-4440-a9ed-2c3e6fa3022b;MSFT;John Boozman;2026-03-05;2026-04-14;BUY;1001;15000;Microsoft Corporation - Common Stock;self;Senate;capitol-exposed;2026-05-28 03:18:15.538899+00
5643d7c5-923a-401d-a951-b390b0276c83;WFC;Mitch McConnell;2026-03-01;2026-03-19;BUY;1001;15000;WFC;self;Senate;capitol-exposed;2026-05-28 03:18:15.538899+00
7ea48113-b1d0-40ae-afcb-8788479fe264;MSFT;Michael T. McCaul;2026-02-27;2026-03-05;SELL;1001;15000;Microsoft Corp;spouse;House;capitol-exposed;2026-05-28 03:18:15.538899+00
94760573-2b1b-4bff-92ee-620550d29161;ORCL;Michael T. McCaul;2026-02-27;2026-03-05;BUY;1001;15000;Oracle Corp;spouse;House;capitol-exposed;2026-05-28 03:18:15.538899+00
a1b2e28e-bd36-45a9-88d5-42b2ef03d023;NFLX;Michael T. McCaul;2026-02-27;2026-03-05;BUY;1001;15000;Netflix Inc;spouse;House;capitol-exposed;2026-05-28 03:18:15.538899+00
36aabc47-5dca-4cbc-ac58-e28384cf02a3;TSM;Gilbert Ray Cisneros, Jr.;2026-02-26;2026-03-09;BUY;1001;15000;Main Street Trust > Bank of America Taiwan Semiconductor Manufacturing Company Ltd.;self;House;capitol-exposed;2026-05-28 03:18:15.538899+00
f66a76c6-3a56-4ada-96cf-9f39b551fab2;T;David J. Taylor;2026-02-26;2026-03-06;SELL;1001;15000;David Taylor Trust > Sardinia Ready Mix 401(k) - Dave AT&T Inc.;self;House;capitol-exposed;2026-05-28 03:18:15.538899+00
b07e6fbc-3005-4907-b368-45028c77e572;LLY;David J. Taylor;2026-02-26;2026-03-06;BUY;1001;15000;David Taylor Trust > Sardinia Ready Mix 401(k) - Dave Eli Lilly and Company Common Stock;self;House;capitol-exposed;2026-05-28 03:18:15.538899+00
57dc6f76-1c27-4238-9e1b-d26ce2428782;PG;David J. Taylor;2026-02-26;2026-03-06;SELL;1001;15000;David Taylor Trust > Schwab Joint Brokerage #1 (Home Grown) Procter & Gamble Company;self;House;capitol-exposed;2026-05-28 03:18:15.538899+00
b7bd24fa-4250-4f8f-8986-6a9591f6e143;V;David J. Taylor;2026-02-26;2026-03-06;BUY;1001;15000;David Taylor Trust > Schwab Joint Brokerage #1 (Home Grown) Visa Inc.;self;House;capitol-exposed;2026-05-28 03:18:15.538899+00
289c3b49-6afd-4395-8224-dde64be90d1b;GOOGL;David J. Taylor;2026-02-26;2026-03-06;BUY;1001;15000;Alphabet Inc. - Class A Common Stock;child;House;capitol-exposed;2026-05-28 03:18:15.538899+00
6e9e5174-3ba5-46d4-b804-2c0208ff372f;PG;John Boozman;2026-02-26;2026-03-06;SELL;1001;15000;PG;self;Senate;capitol-exposed;2026-05-28 03:18:15.538899+00
8dba7b6f-9ca7-4dc6-827f-b7ada7fa83d1;AVGO;David J. Taylor;2026-02-26;2026-03-06;BUY;1001;15000;Broadcom Inc. - Common Stock;self;House;capitol-exposed;2026-05-28 03:18:15.538899+00
1da3bf8f-c46c-49d6-a0ab-16e3fb7eb78e;CVX;David J. Taylor;2026-02-26;2026-03-06;SELL;1001;15000;David Taylor Trust > Sardinia Ready Mix 401(k) - Dave Chevron Corporation Common Stock;self;House;capitol-exposed;2026-05-28 03:18:15.538899+00
5ed259d5-293d-40c9-b9bb-a6698d1b76e4;AMZN;David J. Taylor;2026-02-26;2026-03-06;BUY;1001;15000;David Taylor Trust > Sardinia Ready Mix 401(k) - Dave Amazon.com, Inc. - Common Stock;self;House;capitol-exposed;2026-05-28 03:18:15.538899+00
ec99b86d-e5b2-442f-9548-f6533eb28fb6;AAPL;David J. Taylor;2026-02-26;2026-03-06;SELL;1001;15000;David Taylor Trust > Sardinia Ready Mix 401(k) - Dave Apple Inc. - Common Stock;self;House;capitol-exposed;2026-05-28 03:18:15.538899+00
f6b5bd82-5cf5-415c-922d-c0927515d90d;CRM;David J. Taylor;2026-02-26;2026-03-06;SELL;1001;15000;David Taylor Trust > Sardinia Ready Mix 401(k) - Dave Salesforce, Inc. Common Stock;self;House;capitol-exposed;2026-05-28 03:18:15.538899+00
4b65614e-c2aa-4286-98c1-e7e2dc5d34ad;CRM;David J. Taylor;2026-02-26;2026-03-06;SELL;15001;50000;David Taylor Trust > Sardinia Ready Mix 401(k) - Dave Salesforce, Inc. Common Stock;self;House;capitol-exposed;2026-05-28 03:18:15.538899+00
956ef79c-7393-4e72-b1ac-05a5e8d23ce2;MSFT;David J. Taylor;2026-02-26;2026-03-06;BUY;1001;15000;David Taylor Trust > Sardinia Ready Mix 401(k) - Dave Microsoft Corporation - Common Stock;self;House;capitol-exposed;2026-05-28 03:18:15.538899+00
17d12b9d-dd3e-4f22-bcec-cb7ad2485167;NVDA;Michael T. McCaul;2026-02-26;2026-03-05;SELL;1001;15000;Nvidia Corporation;spouse;House;capitol-exposed;2026-05-28 03:18:15.538899+00
972c6005-f2d9-4a18-9642-cefae9613213;NVDA;Daniel Meuser;2026-02-25;2026-04-03;SELL;1001;15000;NVIDIA Corporation - Common Stock;spouse;House;capitol-exposed;2026-05-28 03:18:15.538899+00
af41cd3c-cf71-4013-b1a1-69205d0fd9e8;UNH;Markwayne Mullin;2026-02-25;2026-03-10;BUY;50001;100000;UNH;self;Senate;capitol-exposed;2026-05-28 03:18:15.538899+00
d235cb09-94e6-49fd-8268-51b3f757c58f;ORCL;Gilbert Ray Cisneros, Jr.;2026-02-24;2026-03-09;SELL;1001;15000;Main Street Trust > Bank of America Oracle Corporation Common Stock;self;House;capitol-exposed;2026-05-28 03:18:15.538899+00
14ab9d51-216a-44c9-bccb-1e85bccf2b68;UBER;Gilbert Ray Cisneros, Jr.;2026-02-24;2026-03-09;SELL;1001;15000;Main Street Trust > Bank of America Uber Technologies, Inc. Common Stock;self;House;capitol-exposed;2026-05-28 03:18:15.538899+00
f398f4dc-c91a-43fc-8330-ec68c7be1f66;AVGO;Ro Khanna;2026-02-24;2026-03-04;BUY;1001;15000;Broadcom Inc;child;House;capitol-exposed;2026-05-28 03:18:15.538899+00
da5f61a7-b4ed-43a8-be8f-62898f00a7da;ADBE;Ro Khanna;2026-02-24;2026-03-04;BUY;1001;15000;Adobe Inc;child;House;capitol-exposed;2026-05-28 03:18:15.538899+00
1892e019-8ddb-4c61-9e9d-744b55cce70d;PEP;Ro Khanna;2026-02-24;2026-03-04;BUY;1001;15000;Pepsico Inc;child;House;capitol-exposed;2026-05-28 03:18:15.538899+00
0a57027c-949f-468a-9e1d-7f8e7db63a4b;PLTR;Ro Khanna;2026-02-24;2026-03-04;BUY;1001;15000;Palantir Technologies Inc;child;House;capitol-exposed;2026-05-28 03:18:15.538899+00
07eeddc8-bc8c-43a8-920f-f6ba6c193d77;GOOG;Ro Khanna;2026-02-24;2026-03-04;EXCHANGE;15001;50000;Alphabet Inc Class A;child;House;capitol-exposed;2026-05-28 03:18:15.538899+00
42c3042a-8697-4fff-add3-61bf5a386707;MA;Ro Khanna;2026-02-24;2026-03-04;BUY;1001;15000;Mastercard Inc Class A;child;House;capitol-exposed;2026-05-28 03:18:15.538899+00
11ca85a5-45f7-4c07-9a1c-ea6d628fa71b;NVDA;Ro Khanna;2026-02-24;2026-03-04;BUY;1001;15000;Nvidia Corporation;child;House;capitol-exposed;2026-05-28 03:18:15.538899+00
043a36fa-aa9b-493c-9901-9615f7c44918;NFLX;Ro Khanna;2026-02-24;2026-03-04;EXCHANGE;1001;15000;Netflix Inc;child;House;capitol-exposed;2026-05-28 03:18:15.538899+00
052980ff-4523-456b-84ed-9ee307645b67;UNH;Ro Khanna;2026-02-24;2026-03-04;EXCHANGE;1001;15000;UnitedHealth Group Inc;child;House;capitol-exposed;2026-05-28 03:18:15.538899+00
d1077fd2-c0eb-45ed-b2ee-618b0d6f5fab;MSFT;Ro Khanna;2026-02-24;2026-03-04;BUY;1001;15000;Microsoft Corporation;child;House;capitol-exposed;2026-05-28 03:18:15.538899+00
feed166f-776c-4eb9-b2a5-016ca9abd9ee;MCD;Ro Khanna;2026-02-24;2026-03-04;EXCHANGE;1001;15000;McDonalds Corp;child;House;capitol-exposed;2026-05-28 03:18:15.538899+00
5ae939e9-f9b8-4a54-a094-43e896205e85;WMT;Ro Khanna;2026-02-24;2026-03-04;BUY;1001;15000;Walmart Inc;child;House;capitol-exposed;2026-05-28 03:18:15.538899+00
d95d9c46-5ea5-4597-9e2a-ff875df4149f;HD;Sheldon Whitehouse;2026-02-23;2026-03-06;SELL;1001;15000;HD;self;Senate;capitol-exposed;2026-05-28 03:18:15.538899+00
6843ef3b-0ed5-41f6-a80c-1582422cf93e;MA;Sheldon Whitehouse;2026-02-23;2026-03-06;SELL;1001;15000;MA;self;Senate;capitol-exposed;2026-05-28 03:18:15.538899+00
3c2ab4a6-1ab9-4ac2-be0a-e020d5c17c9b;VZ;Sheldon Whitehouse;2026-02-23;2026-03-06;SELL;1001;15000;Verizon Communications Inc. Common Stock;self;Senate;capitol-exposed;2026-05-28 03:18:15.538899+00
a2422dcf-9a2e-4406-8a49-aa1604e304cd;PEP;Sheldon Whitehouse;2026-02-23;2026-03-06;SELL;1001;15000;PepsiCo, Inc. - Common Stock;self;Senate;capitol-exposed;2026-05-28 03:18:15.538899+00
87864b2c-f0bb-4fc7-bb4c-1cf980aadd1a;GOOG;Ro Khanna;2026-02-23;2026-03-04;EXCHANGE;1001;15000;Alphabet Inc Class C;spouse;House;capitol-exposed;2026-05-28 03:18:15.538899+00
91c598c8-bbe4-433c-9a87-4f75f353aec8;META;Michael T. McCaul;2026-02-20;2026-03-05;BUY;1001;15000;Meta Platforms Inc Class A;spouse;House;capitol-exposed;2026-05-28 03:18:15.538899+00
de228edf-60fe-4d2d-bd98-ba258f9634d3;VZ;Tim Moore;2026-02-20;2026-02-20;BUY;0;0;Common Stock (VZ);self;House;capitol-exposed;2026-05-28 03:18:15.538899+00
7b933c97-8074-4da5-9628-164250089bbc;TSM;Rick W. Allen;2026-02-19;2026-03-11;BUY;1001;15000;Taiwan Semiconductor Manufacturing Company Ltd.;spouse;House;capitol-exposed;2026-05-28 03:18:15.538899+00
050b42dd-62bb-45a2-8722-06297bd8109e;V;Tony Wied;2026-02-19;2026-03-05;BUY;50001;100000;Visa Inc Class A;joint;House;capitol-exposed;2026-05-28 03:18:15.538899+00
08b26cea-54d5-44ec-8526-aaaca3012b92;AVGO;Tony Wied;2026-02-19;2026-03-05;SELL;15001;50000;Broadcom Inc;joint;House;capitol-exposed;2026-05-28 03:18:15.538899+00
0c2c4acf-b4bc-4244-acea-a89b9a21ad75;AAPL;Thomas R. Suozzi;2026-02-18;2026-03-17;SELL;15001;50000;Thomas Suozzi IRA FBO Thomas Suozzi Apple Inc. - Common Stock;self;House;capitol-exposed;2026-05-28 03:18:15.538899+00
0a6e807d-153c-48f1-85a1-23eaddf68ddb;PLTR;Thomas R. Suozzi;2026-02-18;2026-03-17;SELL;15001;50000;Thomas Suozzi IRA FBO Thomas Suozzi Palantir Technologies Inc. - Class A Common Stock;self;House;capitol-exposed;2026-05-28 03:18:15.538899+00
88a8f42f-dc85-4acc-bf4f-4107b336400d;AMD;Thomas R. Suozzi;2026-02-18;2026-03-17;SELL;1001;15000;Advanced Micro Devices, Inc. - Common Stock;self;House;capitol-exposed;2026-05-28 03:18:15.538899+00
60fc51cc-edea-4dc9-8dc0-5c3628999d88;V;Josh Gottheimer;2026-02-18;2026-03-16;SELL;1001;15000;Visa Inc.;joint;House;capitol-exposed;2026-05-28 03:18:15.538899+00
19e00480-b34f-4da1-8ffe-efa57b09ed72;COIN;Tim Moore;2026-02-18;2026-02-20;SELL;1001;15000;Coinbase Global, Inc. - 3Class A Common Stock;self;House;capitol-exposed;2026-05-28 03:18:15.538899+00
5dfd49b4-0d2c-4dce-b93f-6fbb675a9c39;NFLX;Ro Khanna;2026-02-18;2026-02-18;BUY;1001;15000;Netflix Inc;child;House;capitol-exposed;2026-05-28 03:18:15.538899+00
16cc29c4-567a-4e77-849b-b67def074f4f;GE;Austin Scott;2026-02-17;2026-03-12;SELL;1001;15000;GE Aerospace Common Stock;spouse;House;capitol-exposed;2026-05-28 03:18:15.538899+00
839f3aa1-ab06-43ef-bb93-bef6719d71bf;PG;Lloyd Doggett;2026-02-17;2026-03-05;BUY;1001;15000;Procter & Gamble Company;child;House;capitol-exposed;2026-05-28 03:18:15.538899+00
0c52187e-e13d-4b4d-9266-07ca0eaf8e8b;CRM;Tony Wied;2026-02-17;2026-03-05;SELL;15001;50000;Salesforce Inc;joint;House;capitol-exposed;2026-05-28 03:18:15.538899+00
8fe3540a-fcd2-4755-9c37-2bd13f62d436;NFLX;Michael T. McCaul;2026-02-17;2026-03-05;BUY;1001;15000;Netflix Inc;spouse;House;capitol-exposed;2026-05-28 03:18:15.538899+00
e8e9adfe-5c5e-4c74-a3be-4265e631eba6;INTC;Ro Khanna;2026-02-17;2026-03-04;EXCHANGE;1001;15000;Intel Corporation;spouse;House;capitol-exposed;2026-05-28 03:18:15.538899+00
028f5e3a-0386-4fab-9e92-213e30429d1f;NFLX;Ro Khanna;2026-02-17;2026-03-04;BUY;1001;15000;Netflix Inc;spouse;House;capitol-exposed;2026-05-28 03:18:15.538899+00
80f563f1-613f-41e1-83cc-bce33c54dc02;AMD;Ro Khanna;2026-02-17;2026-03-04;EXCHANGE;15001;50000;Advanced Micro Devices Inc;spouse;House;capitol-exposed;2026-05-28 03:18:15.538899+00
ca665809-716f-4968-bf8b-48e252066d13;UNH;Ro Khanna;2026-02-17;2026-03-04;EXCHANGE;15001;50000;UnitedHealth Group Inc;spouse;House;capitol-exposed;2026-05-28 03:18:15.538899+00
93c8e2fa-da0f-415f-9bdd-3b2d10d0f3b2;V;Ro Khanna;2026-02-17;2026-03-04;BUY;1001;15000;Visa Inc Class A;spouse;House;capitol-exposed;2026-05-28 03:18:15.538899+00
8973ccb0-ee38-438d-b62c-318cddeb194e;SBUX;Ro Khanna;2026-02-17;2026-03-04;BUY;1001;15000;Starbucks Corp;spouse;House;capitol-exposed;2026-05-28 03:18:15.538899+00
c055f7bb-2439-4ada-8847-3cc7dcf03616;ADBE;Ro Khanna;2026-02-17;2026-03-04;BUY;1001;15000;Adobe Inc;spouse;House;capitol-exposed;2026-05-28 03:18:15.538899+00
baa08344-044c-4d2b-b641-54b9ea503351;MA;Ro Khanna;2026-02-17;2026-03-04;BUY;1001;15000;Mastercard Inc Class A;spouse;House;capitol-exposed;2026-05-28 03:18:15.538899+00
a7ee1607-b12c-417d-a67c-f04beacd1766;MSFT;Ro Khanna;2026-02-17;2026-03-04;EXCHANGE;15001;50000;Microsoft Corporation;spouse;House;capitol-exposed;2026-05-28 03:18:15.538899+00
61c9e03e-6d27-4378-8cac-a892ec008e01;META;Angus S. King, Jr.;2026-02-13;2026-03-24;SELL;1001;15000;Meta Platforms, Inc. - Class A Common Stock;self;Senate;capitol-exposed;2026-05-28 03:18:15.538899+00
bc06bc79-d885-47df-a04e-2d4d792ff10b;LLY;Angus S. King, Jr.;2026-02-13;2026-03-24;SELL;1001;15000;Eli Lilly and Company Common Stock;self;Senate;capitol-exposed;2026-05-28 03:18:15.538899+00
daa3e486-2db4-4872-8bbc-9acfc4bbf448;PYPL;Angus S. King, Jr.;2026-02-13;2026-03-24;SELL;1001;15000;PYPL;self;Senate;capitol-exposed;2026-05-28 03:18:15.538899+00
e72cc426-5cb1-4431-8129-77d0276b0c26;MSFT;Angus S. King, Jr.;2026-02-13;2026-03-24;SELL;1001;15000;Microsoft Corporation - Common Stock;self;Senate;capitol-exposed;2026-05-28 03:18:15.538899+00
a8ef3043-b2d9-48a0-82c4-f946fad82489;UBER;Angus S. King, Jr.;2026-02-13;2026-03-24;SELL;1001;15000;UBER;self;Senate;capitol-exposed;2026-05-28 03:18:15.538899+00
35fe9c25-91d9-4f94-8736-816037097bde;NFLX;Angus S. King, Jr.;2026-02-13;2026-03-24;SELL;1001;15000;NFLX;self;Senate;capitol-exposed;2026-05-28 03:18:15.538899+00
365bcb5e-bf87-4000-83dd-03be054c5b3f;MSFT;John Boozman;2026-02-13;2026-03-06;BUY;1001;15000;Microsoft Corporation - Common Stock;self;Senate;capitol-exposed;2026-05-28 03:18:15.538899+00
c800f9ad-fd1d-475b-abb9-5b636df3d9a3;ADBE;John Boozman;2026-02-13;2026-03-06;SELL;1001;15000;ADBE;self;Senate;capitol-exposed;2026-05-28 03:18:15.538899+00
e6626be6-2784-40c2-aec0-a8bb0064b036;UBER;Michael T. McCaul;2026-02-13;2026-03-05;SELL;1001;15000;Uber Technologies Inc;spouse;House;capitol-exposed;2026-05-28 03:18:15.538899+00
2a88052b-6a10-4785-b248-903120d304bd;AMZN;Michael T. McCaul;2026-02-13;2026-03-05;SELL;1001;15000;Amazon.com Inc;spouse;House;capitol-exposed;2026-05-28 03:18:15.538899+00
4a96a807-5bcb-4640-9608-50f87d3e2d2c;AAPL;Ed Case;2026-02-12;2026-03-14;BUY;1001;15000;Apple Inc. - Common Stock;spouse;House;capitol-exposed;2026-05-28 03:18:15.538899+00
9e45cbc9-dd6d-45a5-8a57-c1ff64642c79;META;Julia Letlow;2026-02-12;2026-03-12;BUY;1001;15000;Meta Platforms, Inc. - Class A Common Stock;self;House;capitol-exposed;2026-05-28 03:18:15.538899+00
5d8a905b-dfd7-42da-8863-40a2c18a0dd0;T;Julia Letlow;2026-02-12;2026-03-12;SELL;1001;15000;AT&T Inc.;self;House;capitol-exposed;2026-05-28 03:18:15.538899+00
79ae3b70-ffb7-4f43-ae5b-ae2c9c728319;AVGO;Julia Letlow;2026-02-12;2026-03-12;SELL;1001;15000;Cap. Gains > $200? Broadcom Inc. - Common Stock;self;House;capitol-exposed;2026-05-28 03:18:15.538899+00
b5e27ec6-1c5b-4672-9a30-1ffefcbcdc27;COIN;Gilbert Ray Cisneros, Jr.;2026-02-12;2026-03-09;SELL;1001;15000;Main Street Trust > Bank of America Coinbase Global, Inc. - 3Class A Common Stock;self;House;capitol-exposed;2026-05-28 03:18:15.538899+00
04b4858f-b804-4263-a23f-e61bf11b66a2;AAPL;Cleo Fields;2026-02-12;2026-02-24;BUY;1001;15000;Morgan Stanley - E*TRADE #2 Apple Inc. - Common Stock;self;House;capitol-exposed;2026-05-28 03:18:15.538899+00
e3c41389-849e-4cd0-87c7-e2457b2f6a37;AMZN;Jonathan L. Jackson;2026-02-11;2026-03-12;SELL;1001;15000;Amazon.com, Inc. - Common Stock;spouse;House;capitol-exposed;2026-05-28 03:18:15.538899+00
8a8ebfe4-210c-4488-b533-5d66cfe99305;ORCL;Michael T. McCaul;2026-02-11;2026-03-05;BUY;1001;15000;Oracle Corp;spouse;House;capitol-exposed;2026-05-28 03:18:15.538899+00
06eae73f-e95d-4af6-b115-11fd5ef591f7;META;Michael T. McCaul;2026-02-11;2026-03-05;BUY;1001;15000;Meta Platforms Inc Class A;spouse;House;capitol-exposed;2026-05-28 03:18:15.538899+00
3df5dfc1-a2e5-4060-a479-e53f8c5dc2e5;UBER;Michael T. McCaul;2026-02-11;2026-03-05;SELL;1001;15000;Uber Technologies Inc;spouse;House;capitol-exposed;2026-05-28 03:18:15.538899+00
0bd3f183-e9f4-43f2-a84e-cadc6afd0065;AMD;Gilbert Ray Cisneros, Jr.;2026-02-10;2026-03-09;BUY;1001;15000;Main Street Trust > Bank of America Advanced Micro Devices, Inc.;self;House;capitol-exposed;2026-05-28 03:18:15.538899+00
7a2a7a02-d6d5-42c5-8f0e-53405bd92fa0;CVX;Gilbert Ray Cisneros, Jr.;2026-02-10;2026-03-09;BUY;15001;50000;Main Street Trust > Bank of America Chevron Corporation Common Stock;self;House;capitol-exposed;2026-05-28 03:18:15.538899+00
a67b8764-bb55-43fc-81d3-91158431be8c;UNH;Gilbert Ray Cisneros, Jr.;2026-02-10;2026-03-09;SELL;15001;50000;Main Street Trust > Bank of America UnitedHealth Group Incorporated Common Stock;self;House;capitol-exposed;2026-05-28 03:18:15.538899+00
6f1d1f8a-0a0a-4ccd-b3ee-a4667aad1710;GE;Gilbert Ray Cisneros, Jr.;2026-02-10;2026-03-09;SELL;15001;50000;Main Street Trust > Bank of America GE Aerospace Common Stock;self;House;capitol-exposed;2026-05-28 03:18:15.538899+00
1c062270-7347-4ebb-ae45-266f191f76e9;PFE;Gilbert Ray Cisneros, Jr.;2026-02-10;2026-03-09;BUY;1001;15000;Main Street Trust > Bank of America Pfizer, Inc. Common Stock;self;House;capitol-exposed;2026-05-28 03:18:15.538899+00
259d4a88-aae5-4295-a474-3a3df7c81b3f;DIS;Gilbert Ray Cisneros, Jr.;2026-02-10;2026-03-09;SELL;1001;15000;Main Street Trust > Bank of America Walt Disney Company;self;House;capitol-exposed;2026-05-28 03:18:15.538899+00
e67fed0f-360a-4e07-bb57-52889f68442e;COP;Gilbert Ray Cisneros, Jr.;2026-02-10;2026-03-09;BUY;1001;15000;Main Street Trust > Bank of America ConocoPhillips Common Stock;self;House;capitol-exposed;2026-05-28 03:18:15.538899+00
76bb5efb-f67a-49dd-93bd-fc6d61033947;GD;Gilbert Ray Cisneros, Jr.;2026-02-10;2026-03-09;SELL;1001;15000;Main Street Trust > Bank of America General Dynamics Corporation Common Stock;self;House;capitol-exposed;2026-05-28 03:18:15.538899+00
dfe146b3-2f38-4f28-b85b-8de03b2e85c1;XOM;Gilbert Ray Cisneros, Jr.;2026-02-10;2026-03-09;BUY;50001;100000;Main Street Trust > Bank of America Exxon Mobil Corporation Common Stock;self;House;capitol-exposed;2026-05-28 03:18:15.538899+00
cda4d5ed-c010-48ff-8771-1d5e848fa6ad;AMD;Cleo Fields;2026-02-03;2026-02-24;BUY;50001;100000;Advanced Micro Devices, Inc.;child;House;capitol-exposed;2026-05-28 03:18:15.538899+00
db3fb5b0-1def-4fb7-91a0-32863e0bc8a4;AMZN;Gilbert Ray Cisneros, Jr.;2026-02-10;2026-03-09;BUY;1001;15000;Main Street Trust > Bank of America Amazon.com, Inc. - Common Stock;self;House;capitol-exposed;2026-05-28 03:18:15.538899+00
b9ef0fc4-3ea4-453b-88d7-2d7f479a37df;MSFT;Gilbert Ray Cisneros, Jr.;2026-02-10;2026-03-09;SELL;15001;50000;Main Street Trust > Bank of America Microsoft Corporation - Common Stock;self;House;capitol-exposed;2026-05-28 03:18:15.538899+00
2fc45d90-135f-438e-b152-f81f6c5dd87c;NOW;Byron Donalds;2026-02-10;2026-03-06;BUY;1001;15000;Moran Wealth IRA ServiceNow, Inc. Common Stock;self;House;capitol-exposed;2026-05-28 03:18:15.538899+00
d0aed28a-cf35-461d-bc8c-2a4fd035f671;PYPL;Byron Donalds;2026-02-10;2026-03-06;SELL;1001;15000;Moran Wealth IRA PayPal Holdings, Inc. - Common Stock;self;House;capitol-exposed;2026-05-28 03:18:15.538899+00
568523b2-3405-4d48-be0b-bf808f8724a0;AMZN;Michael T. McCaul;2026-02-10;2026-03-05;SELL;15001;50000;Amazon.com Inc;spouse;House;capitol-exposed;2026-05-28 03:18:15.538899+00
e072e502-f014-4d68-8da7-8884fdf3a2d6;TSM;Gilbert Ray Cisneros, Jr.;2026-02-09;2026-03-09;BUY;100001;250000;Main Street Trust > Bank of America Taiwan Semiconductor Manufacturing Company Ltd.;self;House;capitol-exposed;2026-05-28 03:18:15.538899+00
dd6808f1-d247-4cfb-9108-4c32ea00aac3;AVGO;Shelley Moore Capito;2026-02-09;2026-03-04;BUY;1001;15000;Broadcom Inc. - Common Stock;self;Senate;capitol-exposed;2026-05-28 03:18:15.538899+00
3a0ac6af-eb24-430f-affe-26c824f64e3e;AMZN;David J. Taylor;2026-02-09;2026-02-20;BUY;1001;15000;Amazon.com, Inc. - Common Stock (AMZN);self;House;capitol-exposed;2026-05-28 03:18:15.538899+00
834c5e21-449c-4049-966a-16b5011e1450;MSFT;David J. Taylor;2026-02-09;2026-02-20;BUY;1001;15000;David Taylor Trust > Schwab Joint Brokerage #1 (Home Grown) Microsoft Corporation - Common Stock;self;House;capitol-exposed;2026-05-28 03:18:15.538899+00
a1dbde8d-e7d7-40cb-8280-306250805aa8;PG;David J. Taylor;2026-02-09;2026-02-20;BUY;1001;15000;David Taylor Trust > Schwab Joint Brokerage #1 (Home Grown) Procter & Gamble Company;self;House;capitol-exposed;2026-05-28 03:18:15.538899+00
28afe06f-7576-4f98-ad3f-48b59e786fe2;LLY;David J. Taylor;2026-02-09;2026-02-20;SELL;1001;15000;David Taylor Trust > Schwab Joint Brokerage #1 (Home Grown) Eli Lilly and Company Common Stock;self;House;capitol-exposed;2026-05-28 03:18:15.538899+00
b3eaf9b6-d6dc-4e16-b1ff-77c3349b134e;V;David J. Taylor;2026-02-09;2026-02-20;BUY;1001;15000;David Taylor Trust > Schwab Joint Brokerage #1 (Home Grown) Visa Inc.;self;House;capitol-exposed;2026-05-28 03:18:15.538899+00
d1defabc-d6d2-48da-8c88-39670b69d589;CRM;David J. Taylor;2026-02-09;2026-02-20;BUY;1001;15000;Cap. Gains > $200? Salesforce, Inc. Common Stock;self;House;capitol-exposed;2026-05-28 03:18:15.538899+00
dd00a621-bdc4-4e3a-830f-91c42c0603a7;UBER;John Boozman;2026-02-06;2026-03-06;BUY;1001;15000;Uber Technologies, Inc. Common Stock;self;Senate;capitol-exposed;2026-05-28 03:18:15.538899+00
e3a2ff30-b2fe-4978-81d5-2b1fcbe0e5ea;SBUX;Ro Khanna;2026-02-06;2026-03-04;BUY;1001;15000;Starbucks Corp;spouse;House;capitol-exposed;2026-05-28 03:18:15.538899+00
2aab3355-300e-42d7-a919-55871ea73e99;MA;Ro Khanna;2026-02-06;2026-03-04;BUY;1001;15000;Mastercard Inc Class A;spouse;House;capitol-exposed;2026-05-28 03:18:15.538899+00
ffd54635-3f04-41a1-be01-f2d2c4f4c40e;GOOG;Ro Khanna;2026-02-06;2026-03-04;EXCHANGE;1001;15000;Alphabet Inc Class A;spouse;House;capitol-exposed;2026-05-28 03:18:15.538899+00
cf608ebb-3c31-43ee-b9ca-4a82da08b465;V;Ro Khanna;2026-02-06;2026-03-04;BUY;1001;15000;Visa Inc Class A;spouse;House;capitol-exposed;2026-05-28 03:18:15.538899+00
91ff0bff-8d83-492d-b75c-c9b4edea80a5;INTC;Ro Khanna;2026-02-06;2026-03-04;EXCHANGE;1001;15000;Intel Corporation;spouse;House;capitol-exposed;2026-05-28 03:18:15.538899+00
5b548ae8-3c19-4029-94ef-3c9e79f5f9de;NVDA;Ro Khanna;2026-02-06;2026-03-04;EXCHANGE;1001;15000;Nvidia Corporation;spouse;House;capitol-exposed;2026-05-28 03:18:15.538899+00
51ddf5a0-a760-490a-bdfd-10ef4de21a73;GOOGL;Thomas H. Kean, Jr.;2026-02-05;2026-03-18;SELL;15001;50000;Alphabet Inc. - Class A Common Stock;self;House;capitol-exposed;2026-05-28 03:18:15.538899+00
688d190e-c315-406c-997c-f78d1d7c383e;UNH;Josh Gottheimer;2026-02-05;2026-03-16;BUY;1001;15000;UnitedHealth Group Incorporated Common Stock;joint;House;capitol-exposed;2026-05-28 03:18:15.538899+00
f7e5be21-b628-4671-9730-35ffdf280d21;AMZN;Jonathan L. Jackson;2026-02-05;2026-03-12;BUY;1001;15000;Amazon.com, Inc. - Common Stock;self;House;capitol-exposed;2026-05-28 03:18:15.538899+00
3ad75a13-b125-4b9f-9a6c-1a4dee1ef918;PEP;Julia Letlow;2026-02-05;2026-03-12;BUY;1001;15000;Pepsico, Inc.;self;House;capitol-exposed;2026-05-28 03:18:15.538899+00
f1f3f228-5575-46f3-bc15-631de4fafd7c;NFLX;Michael T. McCaul;2026-02-05;2026-03-05;BUY;1001;15000;Netflix Inc;spouse;House;capitol-exposed;2026-05-28 03:18:15.538899+00
ae473779-4b8f-47ac-a95c-3f3dc477642e;V;Ro Khanna;2026-02-05;2026-03-04;BUY;1001;15000;Visa Inc Class A;spouse;House;capitol-exposed;2026-05-28 03:18:15.538899+00
2ee4bacd-e6e4-469f-b457-6579c20087ad;GOOG;Ro Khanna;2026-02-05;2026-03-04;EXCHANGE;1001;15000;Alphabet Inc Class C;spouse;House;capitol-exposed;2026-05-28 03:18:15.538899+00
db9120d4-6642-4531-8b02-eb663a7a17d2;MMM;Ro Khanna;2026-02-05;2026-03-04;BUY;1001;15000;3M Company;spouse;House;capitol-exposed;2026-05-28 03:18:15.538899+00
c96a8ec2-6b1e-49de-9dcf-29af4e08e610;AMD;Ro Khanna;2026-02-05;2026-03-04;BUY;1001;15000;Advanced Micro Devices Inc;spouse;House;capitol-exposed;2026-05-28 03:18:15.538899+00
9926c99f-1738-4579-9b03-b14df1703121;SBUX;Ro Khanna;2026-02-05;2026-03-04;BUY;1001;15000;Starbucks Corp;spouse;House;capitol-exposed;2026-05-28 03:18:15.538899+00
b1236586-9769-4da8-8570-ace264a7d656;NFLX;Ro Khanna;2026-02-05;2026-03-04;EXCHANGE;1001;15000;Netflix Inc;spouse;House;capitol-exposed;2026-05-28 03:18:15.538899+00
a56c3111-c0a7-4055-ba45-7dc4f5937538;LLY;Ro Khanna;2026-02-05;2026-03-04;EXCHANGE;1001;15000;Eli Lilly & Co;spouse;House;capitol-exposed;2026-05-28 03:18:15.538899+00
69da7bca-a724-4d74-971c-0104e4b6e7ae;ABBV;Ro Khanna;2026-02-05;2026-03-04;BUY;1001;15000;Abbvie Inc;spouse;House;capitol-exposed;2026-05-28 03:18:15.538899+00
d6ce8836-f552-4f27-802c-7d66d392764f;AAPL;Ro Khanna;2026-02-05;2026-03-04;BUY;1001;15000;Apple Inc;spouse;House;capitol-exposed;2026-05-28 03:18:15.538899+00
251e7330-bfeb-401b-a300-ab3324bb226e;NVDA;Ro Khanna;2026-02-05;2026-03-04;EXCHANGE;15001;50000;Nvidia Corporation;spouse;House;capitol-exposed;2026-05-28 03:18:15.538899+00
55fc62ae-f94b-4a7d-858e-6e4b28054878;PLTR;Ro Khanna;2026-02-05;2026-03-04;BUY;1001;15000;Palantir Technologies Inc;spouse;House;capitol-exposed;2026-05-28 03:18:15.538899+00
e20b5ca1-2d32-42d7-a83c-12b3e90c7594;MA;Ro Khanna;2026-02-05;2026-03-04;BUY;1001;15000;Mastercard Inc Class A;spouse;House;capitol-exposed;2026-05-28 03:18:15.538899+00
a37b2392-9974-45ee-af38-8a1c6224382b;MSFT;Ro Khanna;2026-02-05;2026-03-04;BUY;15001;50000;Microsoft Corporation;spouse;House;capitol-exposed;2026-05-28 03:18:15.538899+00
efb4ba2c-a708-4335-934c-0fae2ea89623;JNJ;Ro Khanna;2026-02-05;2026-03-04;BUY;1001;15000;Johnson & Johnson;spouse;House;capitol-exposed;2026-05-28 03:18:15.538899+00
61bb96db-db3a-4b51-be0f-2a41700fd940;AVGO;Ro Khanna;2026-02-05;2026-03-04;EXCHANGE;1001;15000;Broadcom Inc;spouse;House;capitol-exposed;2026-05-28 03:18:15.538899+00
b4198138-4ae2-4e3c-bd4d-37d896228c75;XOM;Josh Gottheimer;2026-02-04;2026-03-16;BUY;1001;15000;Exxon Mobil Corporation Common Stock;joint;House;capitol-exposed;2026-05-28 03:18:15.538899+00
74a4cc3b-792e-4b03-b98b-69d6d9cbd280;NET;Josh Gottheimer;2026-02-04;2026-03-16;SELL;1001;15000;Cloudflare, Inc. Class A Common Stock;joint;House;capitol-exposed;2026-05-28 03:18:15.538899+00
5a2d7c0e-93a6-414d-b067-072a1db20db8;MRK;Josh Gottheimer;2026-02-04;2026-03-16;BUY;1001;15000;Merck & Company, Inc. Common Stock;joint;House;capitol-exposed;2026-05-28 03:18:15.538899+00
66fd618e-5d01-4e43-90aa-4fb738403f03;MMM;Julia Letlow;2026-02-04;2026-03-12;SELL;1001;15000;3M Company Common Stock;self;House;capitol-exposed;2026-05-28 03:18:15.538899+00
3fa35f6c-061d-4a2e-8a42-55077991c2ef;NOW;Tony Wied;2026-02-04;2026-03-05;BUY;15001;50000;ServiceNow Inc;joint;House;capitol-exposed;2026-05-28 03:18:15.538899+00
f07d0e5b-31cf-41e2-8d49-ef700ff3297e;GE;Michael T. McCaul;2026-02-04;2026-03-05;SELL;1001;15000;GE Aerospace;spouse;House;capitol-exposed;2026-05-28 03:18:15.538899+00
f5bf0e0b-6d08-4fb2-9c41-3c48439df4fc;GOOGL;Michael T. McCaul;2026-02-04;2026-03-05;SELL;15001;50000;Alphabet Inc Cap Stk Cl A;spouse;House;capitol-exposed;2026-05-28 03:18:15.538899+00
ff22f61b-8454-46fc-a0a3-8c8d69422ed8;GOOG;Ro Khanna;2026-02-04;2026-03-04;EXCHANGE;1001;15000;Alphabet Inc Class C;spouse;House;capitol-exposed;2026-05-28 03:18:15.538899+00
2c954227-d7ae-4b9e-b22b-994d29f176dc;GS;Markwayne Mullin;2026-02-04;2026-03-03;SELL;15001;50000;GS;self;Senate;capitol-exposed;2026-05-28 03:18:15.538899+00
bba69b1f-6a8e-45ca-9c78-43ca3cfd7aa9;ADBE;Markwayne Mullin;2026-02-04;2026-03-03;BUY;15001;50000;ADBE;self;Senate;capitol-exposed;2026-05-28 03:18:15.538899+00
7d9388bb-ca09-4797-9905-e842bc31f68e;GOOGL;Cleo Fields;2026-02-03;2026-02-24;BUY;100001;250000;Morgan Stanley - E*TRADE #2 Alphabet Inc. - Class A Common Stock;self;House;capitol-exposed;2026-05-28 03:18:15.538899+00
3db709bb-17be-461c-92fb-d5cbd2caaca1;META;Cleo Fields;2026-02-03;2026-02-24;BUY;100001;250000;Morgan Stanley - E*TRADE #2 Meta Platforms, Inc. - Class A Common Stock;self;House;capitol-exposed;2026-05-28 03:18:15.538899+00
cf3ecbb4-adb8-4bf6-9008-bd0d18d18830;MSFT;Josh Gottheimer;2026-02-02;2026-03-16;SELL;1001;15000;Microsoft Corporation - Common Stock;joint;House;capitol-exposed;2026-05-28 03:18:15.538899+00
669bc821-671a-407c-9125-2b553e9fe428;XOM;Josh Gottheimer;2026-02-02;2026-03-16;BUY;1001;15000;Exxon Mobil Corporation Common Stock;joint;House;capitol-exposed;2026-05-28 03:18:15.538899+00
45648b53-18dd-401f-89e3-1dedd43b30cd;AMD;Julia Letlow;2026-02-02;2026-03-12;BUY;1001;15000;Advanced Micro Devices, Inc.;self;House;capitol-exposed;2026-05-28 03:18:15.538899+00
7633ae68-ecff-40d6-ac8d-e90eebab98d8;BA;Julia Letlow;2026-02-02;2026-03-12;BUY;1001;15000;Boeing Company;self;House;capitol-exposed;2026-05-28 03:18:15.538899+00
67408aaa-f02a-48dd-98df-9cb399b5d8b0;AAPL;Julia Letlow;2026-02-02;2026-03-12;BUY;1001;15000;Apple Inc. - Common Stock;self;House;capitol-exposed;2026-05-28 03:18:15.538899+00
9977aa1b-2793-43cf-bb9a-7d054d17aa19;MSFT;Julia Letlow;2026-02-02;2026-03-12;SELL;1001;15000;Microsoft Corporation - Common Stock;self;House;capitol-exposed;2026-05-28 03:18:15.538899+00
93a80ef8-2409-4112-8ffb-aadd166a368f;CRM;Julia Letlow;2026-02-02;2026-03-12;SELL;1001;15000;Salesforce, Inc. Common Stock;self;House;capitol-exposed;2026-05-28 03:18:15.538899+00
2d8e0bd2-83b8-4214-8e7e-518dfe9b7348;TSM;Julia Letlow;2026-02-02;2026-03-12;BUY;1001;15000;Taiwan Semiconductor Manufacturing Company Ltd.;self;House;capitol-exposed;2026-05-28 03:18:15.538899+00
d7912023-f34a-4007-961e-7e35f91f4bf7;PG;Julia Letlow;2026-02-02;2026-03-12;BUY;1001;15000;Procter & Gamble Company;self;House;capitol-exposed;2026-05-28 03:18:15.538899+00
9ef156b2-a97a-4a13-8bf3-a8768fa0eb2b;MMM;Julia Letlow;2026-02-02;2026-03-12;SELL;1001;15000;3M Company Common Stock;self;House;capitol-exposed;2026-05-28 03:18:15.538899+00
9711a6ce-71ba-4ac7-8450-2da56640a0ce;NOW;Josh Gottheimer;2026-01-30;2026-02-26;SELL;1001;15000;ServiceNow, Inc. Common Stock;joint;House;capitol-exposed;2026-05-28 03:18:15.538899+00
4e6f18af-5ed2-4130-8ffe-5a8e4fbc15b5;UBER;Josh Gottheimer;2026-01-30;2026-02-26;SELL;1001;15000;Uber Technologies, Inc. Common Stock;joint;House;capitol-exposed;2026-05-28 03:18:15.538899+00
e1918a6f-efab-4065-a6af-66edfb9cee03;T;Tim Moore;2026-01-30;2026-02-20;SELL;0;0;AT&T Inc. (T);self;House;capitol-exposed;2026-05-28 03:18:15.538899+00
bfc8b992-377d-4944-8a6f-bfc469729e28;T;Tim Moore;2026-01-30;2026-02-20;SELL;15001;50000;AT&T Inc.;self;House;capitol-exposed;2026-05-28 03:18:15.538899+00
82534889-0ee2-42f3-8420-5acfd2140ca5;NVDA;Daniel Meuser;2026-01-30;2026-02-17;SELL;1001;15000;NVIDIA Corporation - Common Stock;spouse;House;capitol-exposed;2026-05-28 03:18:15.538899+00
90cf7207-c78b-4852-8438-0134b15f83f5;META;Gilbert Ray Cisneros, Jr.;2026-01-30;2026-02-13;BUY;1001;15000;Main Street Trust > Bank of America Meta Platforms, Inc. - Class A Common Stock;self;House;capitol-exposed;2026-05-28 03:18:15.538899+00
4a111ead-ec40-491f-8f82-dd576ff9772a;NVDA;Gilbert Ray Cisneros, Jr.;2026-01-30;2026-02-13;BUY;1001;15000;Main Street Trust > Bank of America NVIDIA Corporation - Common Stock;self;House;capitol-exposed;2026-05-28 03:18:15.538899+00
bfe08fb7-cfbf-42a7-a53b-e6578ee24101;PG;Gilbert Ray Cisneros, Jr.;2026-01-30;2026-02-13;SELL;1001;15000;Main Street Trust > Bank of America Procter & Gamble Company;self;House;capitol-exposed;2026-05-28 03:18:15.538899+00
c8b061d3-8034-4608-9403-27fc902c56dc;COIN;Gilbert Ray Cisneros, Jr.;2026-01-30;2026-02-13;BUY;1001;15000;Main Street Trust > Bank of America Coinbase Global, Inc. - 3Class A Common Stock;self;House;capitol-exposed;2026-05-28 03:18:15.538899+00
a290a75b-bbdd-4232-9154-23b69004572e;HD;Gilbert Ray Cisneros, Jr.;2026-01-30;2026-02-13;BUY;1001;15000;Cap. Gains > $200? Home Depot, Inc.;self;House;capitol-exposed;2026-05-28 03:18:15.538899+00
98e14390-0657-407c-83c7-c185e39bb6bd;NET;Gilbert Ray Cisneros, Jr.;2026-01-30;2026-02-13;BUY;1001;15000;Main Street Trust > Bank of America Cloudflare, Inc. Class A Common Stock;self;House;capitol-exposed;2026-05-28 03:18:15.538899+00
e4d13ceb-f8d3-4469-9cf8-b20916442b78;AMZN;Gilbert Ray Cisneros, Jr.;2026-01-30;2026-02-13;BUY;1001;15000;Main Street Trust > Bank of America D: Ticker 9988 HK Amazon.com, Inc. - Common Stock;self;House;capitol-exposed;2026-05-28 03:18:15.538899+00
c73d4f57-f414-478a-9f36-40fed5f6c5de;ORCL;Gilbert Ray Cisneros, Jr.;2026-01-30;2026-02-13;BUY;1001;15000;Main Street Trust > Bank of America Oracle Corporation Common Stock;self;House;capitol-exposed;2026-05-28 03:18:15.538899+00
20b48ea9-c7cb-4335-8e57-62ab2138ad49;TSM;Gilbert Ray Cisneros, Jr.;2026-01-30;2026-02-13;BUY;1001;15000;Main Street Trust > Bank of America Taiwan Semiconductor Manufacturing Company Ltd.;self;House;capitol-exposed;2026-05-28 03:18:15.538899+00
88dd4404-0345-4d1b-b33c-a7d8e6c8641f;COST;Gilbert Ray Cisneros, Jr.;2026-01-30;2026-02-13;BUY;1001;15000;Main Street Trust > Bank of America Costco Wholesale Corporation - Common Stock;self;House;capitol-exposed;2026-05-28 03:18:15.538899+00
d849a6c2-b77f-41e8-a8cc-8910a1fce92a;MSFT;John J. McGuire III;2026-01-30;2026-02-10;SELL;1001;15000;Microsoft Corporation - Common Stock;spouse;House;capitol-exposed;2026-05-28 03:18:15.538899+00
f5c2787a-5ac4-4971-8658-a7c87dac0718;NVDA;John J. McGuire III;2026-01-30;2026-02-10;BUY;1001;15000;NVIDIA Corporation - Common Stock;spouse;House;capitol-exposed;2026-05-28 03:18:15.538899+00
a8703a0b-d2b6-499c-9763-7778141370fb;NFLX;Michael T. McCaul;2026-01-30;2026-02-05;BUY;1001;15000;Netflix Inc;spouse;House;capitol-exposed;2026-05-28 03:18:15.538899+00
12ced6b6-8372-4b73-8f58-105a7fa8ca02;MSFT;Michael T. McCaul;2026-01-30;2026-02-05;BUY;1001;15000;Microsoft Corp;spouse;House;capitol-exposed;2026-05-28 03:18:15.538899+00
15cb4653-cd09-4b88-87fc-e7888cfcac59;CAT;John Boozman;2026-01-29;2026-02-15;BUY;1001;15000;CAT;self;Senate;capitol-exposed;2026-05-28 03:18:15.538899+00
8cec5da9-4dfb-4675-9835-4d84ecf1d97d;PYPL;John Boozman;2026-01-29;2026-02-15;BUY;1001;15000;PYPL;self;Senate;capitol-exposed;2026-05-28 03:18:15.538899+00
d9fa8519-8d5d-40d5-a4fa-a2df6f686755;WMT;Ro Khanna;2026-01-29;2026-02-06;BUY;1001;15000;WALMART INC CMN;spouse;House;capitol-exposed;2026-05-28 03:18:15.538899+00
efafbc2f-c10b-42ed-8caf-e6c353e877bd;LLY;Ro Khanna;2026-01-29;2026-02-06;BUY;1001;15000;ELI LILLY & CO CMN;spouse;House;capitol-exposed;2026-05-28 03:18:15.538899+00
0602df32-7a4f-44ef-9b77-b9a639925741;CRWD;Ro Khanna;2026-01-29;2026-02-06;BUY;1001;15000;CROWDSTRIKE HOLDINGS, INC. CMN;spouse;House;capitol-exposed;2026-05-28 03:18:15.538899+00
cea22713-c557-4805-8bfc-cdeabb6430b8;TSLA;Ro Khanna;2026-01-29;2026-02-06;BUY;1001;15000;TESLA, INC. CMN;spouse;House;capitol-exposed;2026-05-28 03:18:15.538899+00
73ff367f-b79f-484f-b378-72d89f5c8a50;JNJ;Ro Khanna;2026-01-29;2026-02-06;SELL;1001;15000;JOHNSON & JOHNSON CMN;spouse;House;capitol-exposed;2026-05-28 03:18:15.538899+00
ca57ce40-c72d-4dc9-b34a-082d7661e1dd;MSFT;Ro Khanna;2026-01-29;2026-02-06;SELL;1001;15000;MICROSOFT CORPORATION CMN;spouse;House;capitol-exposed;2026-05-28 03:18:15.538899+00
3b9961ad-c6c0-4130-b4d9-46defc31228d;NVDA;Ro Khanna;2026-01-29;2026-02-06;BUY;500001;1000000;NVIDIA CORPORATION CMN;spouse;House;capitol-exposed;2026-05-28 03:18:15.538899+00
9ac8c08a-d98f-4f9f-99ad-c32ad6ed9e52;COIN;Ro Khanna;2026-01-29;2026-02-06;BUY;1001;15000;COINBASE GLOBAL, INC. CMN CLASS A;spouse;House;capitol-exposed;2026-05-28 03:18:15.538899+00
a1a5dc6b-d2b5-472b-9213-2058fa320ab3;PLTR;Ro Khanna;2026-01-29;2026-02-06;BUY;1001;15000;PALANTIR TECHNOLOGIES INC. CMN;spouse;House;capitol-exposed;2026-05-28 03:18:15.538899+00
7a668cc0-a3a9-446f-8a03-0043995e2388;V;Ro Khanna;2026-01-29;2026-02-06;SELL;250001;500000;VISA INC. CMN CLASS A;spouse;House;capitol-exposed;2026-05-28 03:18:15.538899+00
a03bf1c9-a200-4340-85cb-5a2609b4cfdf;AVGO;Ro Khanna;2026-01-29;2026-02-06;BUY;1001;15000;BROADCOM INC. CMN;spouse;House;capitol-exposed;2026-05-28 03:18:15.538899+00
8d46d80a-8351-4c22-8799-17d98e64e40b;UBER;Ro Khanna;2026-01-29;2026-02-06;SELL;1001;15000;UBER TECHNOLOGIES, INC. CMN;spouse;House;capitol-exposed;2026-05-28 03:18:15.538899+00
f7f28d2f-c706-4055-bd1a-568db8037c1e;SBUX;Ro Khanna;2026-01-29;2026-02-06;BUY;1001;15000;STARBUCKS CORP. CMN;spouse;House;capitol-exposed;2026-05-28 03:18:15.538899+00
62767b58-f074-4737-ab47-6a82fafb9309;TGT;Ro Khanna;2026-01-29;2026-02-06;BUY;1001;15000;TARGET CORPORATION CMN;spouse;House;capitol-exposed;2026-05-28 03:18:15.538899+00
365bda6c-8c65-40bb-8f88-edf3a79f27cb;UPS;Ro Khanna;2026-01-29;2026-02-06;BUY;1001;15000;UNITED PARCEL SERVICE, INC. CLASS B;spouse;House;capitol-exposed;2026-05-28 03:18:15.538899+00
34c9afe9-e909-46a6-aa96-79426a0c029c;META;Ro Khanna;2026-01-29;2026-02-06;SELL;1001;15000;META PLATFORMS INC-CLASS A CMN CL;spouse;House;capitol-exposed;2026-05-28 03:18:15.538899+00
78dbeec6-6664-4dc8-8088-a8799b7dda6b;PFE;Ro Khanna;2026-01-29;2026-02-06;BUY;1001;15000;PFIZER INC. CMN;spouse;House;capitol-exposed;2026-05-28 03:18:15.538899+00
5d5024df-32b5-43e7-b20f-32e6841c5098;HD;Ro Khanna;2026-01-29;2026-02-06;SELL;1001;15000;THE HOME DEPOT, INC. CMN;spouse;House;capitol-exposed;2026-05-28 03:18:15.538899+00
99c3ffd8-2af5-4a1b-987e-843ae9d7aa9a;AAPL;Ro Khanna;2026-01-29;2026-02-06;SELL;1001;15000;APPLE INC. CMN;spouse;House;capitol-exposed;2026-05-28 03:18:15.538899+00
95e111a6-ebc5-4821-a36e-534dec779cc0;ABBV;Ro Khanna;2026-01-29;2026-02-06;SELL;1001;15000;ABBVIE INC. CMN;spouse;House;capitol-exposed;2026-05-28 03:18:15.538899+00
62fc565b-292c-44ff-99a6-20727c52d0c8;ADBE;Ro Khanna;2026-01-29;2026-02-06;EXCHANGE;1001;15000;ADOBE INC CMN;spouse;House;capitol-exposed;2026-05-28 03:18:15.538899+00
9a6ed9ca-1fd7-4895-9bb5-2ed8ed76fb41;MRK;Ro Khanna;2026-01-29;2026-02-06;SELL;1001;15000;MERCK & CO., INC. CMN;spouse;House;capitol-exposed;2026-05-28 03:18:15.538899+00
688d926a-abae-4669-94f6-b5962194c5ad;PYPL;Ro Khanna;2026-01-29;2026-02-06;BUY;1001;15000;PAYPAL HOLDINGS, INC. CMN;spouse;House;capitol-exposed;2026-05-28 03:18:15.538899+00
5df0c385-e3b2-48ba-a992-8af35f298ff9;VZ;Ro Khanna;2026-01-29;2026-02-06;SELL;1001;15000;VERIZON COMMUNICATIONS INC. CMN;spouse;House;capitol-exposed;2026-05-28 03:18:15.538899+00
8c1fa073-ee8f-4ec3-a4cb-531f92765b51;MMM;Ro Khanna;2026-01-29;2026-02-06;SELL;1001;15000;3M COMPANY CMN;spouse;House;capitol-exposed;2026-05-28 03:18:15.538899+00
b7803b3e-e20c-4af9-88e1-d1c3cb5cbc8c;CRM;David J. Taylor;2026-01-29;2026-02-02;BUY;1001;15000;David Taylor Trust > Sardinia Ready Mix 401(k) - Dave Salesforce, Inc. Common Stock;self;House;capitol-exposed;2026-05-28 03:18:15.538899+00
21846a84-466d-451c-ab57-23318738d7b4;AMZN;David J. Taylor;2026-01-29;2026-02-02;BUY;1001;15000;David Taylor Trust > Sardinia Ready Mix 401(k) - Dave Amazon.com, Inc. - Common Stock;self;House;capitol-exposed;2026-05-28 03:18:15.538899+00
791d8dd3-fc8d-4852-a020-536ebd731558;JPM;David J. Taylor;2026-01-29;2026-02-02;BUY;1001;15000;David Taylor Trust > Sardinia Ready Mix 401(k) - Dave JP Morgan Chase & Co. Common Stock;self;House;capitol-exposed;2026-05-28 03:18:15.538899+00
cebe08f8-e3da-408f-9bc5-e05ddbdc57c1;MSFT;David J. Taylor;2026-01-29;2026-02-02;BUY;1001;15000;David Taylor Trust > Sardinia Ready Mix 401(k) - Dave Microsoft Corporation - Common Stock;self;House;capitol-exposed;2026-05-28 03:18:15.538899+00
1720c81b-3eb8-4ddd-8e95-a0f742895c86;PG;David J. Taylor;2026-01-29;2026-02-02;SELL;1001;15000;David Taylor Trust > Sardinia Ready Mix 401(k) - Dave Procter & Gamble Company;self;House;capitol-exposed;2026-05-28 03:18:15.538899+00
c6c052bc-224d-45c4-80fb-c1b95cece55a;AVGO;David J. Taylor;2026-01-29;2026-02-02;BUY;1001;15000;David Taylor Trust > Sardinia Ready Mix 401(k) - Dave Broadcom Inc. - Common Stock;self;House;capitol-exposed;2026-05-28 03:18:15.538899+00
7a6cbe5b-a7f1-4092-9a84-82a43982c113;T;David J. Taylor;2026-01-29;2026-02-02;BUY;1001;15000;Cap. Gains > $200? AT&T Inc.;self;House;capitol-exposed;2026-05-28 03:18:15.538899+00
69308b26-8e9d-472d-b9e0-0f7f7af64902;SBUX;Shelley Moore Capito;2026-01-28;2026-02-05;SELL;1001;15000;Starbucks Corp;self;Senate;capitol-exposed;2026-05-28 03:18:15.538899+00
bf9def1b-2a8e-44ff-a785-1332db970f0a;JPM;Katie Boyd Britt;2026-01-28;2026-01-29;SELL;1001;15000;JPM;self;Senate;capitol-exposed;2026-05-28 03:18:15.538899+00
56d96f1f-f136-46bd-9f9c-f8987d60c17f;GS;David McCormick;2026-01-23;2026-02-23;SELL;1000001;5000000;GS;self;Senate;capitol-exposed;2026-05-28 03:18:15.538899+00
755e3bb7-5d0f-495f-b68f-c85e7fb5a1e2;MSFT;Thomas H. Kean, Jr.;2026-01-23;2026-02-19;SELL;1001;15000;State Street Bank & Trust Co. Microsoft Corporation - Common Stock;self;House;capitol-exposed;2026-05-28 03:18:15.538899+00
bf8f9353-9adb-4abe-b8d1-a1cd52a52d46;JNJ;Thomas H. Kean, Jr.;2026-01-23;2026-02-19;SELL;15001;50000;Kean Family Partnership Johnson & Johnson Common Stock;self;House;capitol-exposed;2026-05-28 03:18:15.538899+00
ee2debe2-5413-4c73-83fe-19896b5cef04;SBUX;Ro Khanna;2026-01-23;2026-02-06;BUY;1001;15000;STARBUCKS CORP. CMN;child;House;capitol-exposed;2026-05-28 03:18:15.538899+00
d1f768da-e8a1-491a-a5bf-7fa7a25a6a19;WMT;Ro Khanna;2026-01-23;2026-02-06;BUY;1001;15000;WALMART INC CMN;child;House;capitol-exposed;2026-05-28 03:18:15.538899+00
f6a70d26-2e45-4146-9724-23c46bea3a25;JNJ;Ro Khanna;2026-01-23;2026-02-06;BUY;1001;15000;JOHNSON & JOHNSON CMN;child;House;capitol-exposed;2026-05-28 03:18:15.538899+00
069c82cc-5cb7-485b-b741-0c50aea090b1;TSLA;Ro Khanna;2026-01-23;2026-02-06;BUY;1001;15000;TESLA, INC. CMN;child;House;capitol-exposed;2026-05-28 03:18:15.538899+00
638d4395-6f6d-4656-8240-bcd3008362ac;PLTR;Ro Khanna;2026-01-23;2026-02-06;BUY;1001;15000;PALANTIR TECHNOLOGIES INC. CMN;child;House;capitol-exposed;2026-05-28 03:18:15.538899+00
a5b6df21-7ab6-42c1-9beb-741622e75559;VZ;Ro Khanna;2026-01-23;2026-02-06;BUY;1001;15000;VERIZON COMMUNICATIONS INC. CMN;child;House;capitol-exposed;2026-05-28 03:18:15.538899+00
d302eba8-6020-43ed-b16d-eb382c5b42a2;PG;Ro Khanna;2026-01-23;2026-02-06;BUY;1001;15000;THE PROCTER & GAMBLE COMPANY CMN;child;House;capitol-exposed;2026-05-28 03:18:15.538899+00
7d6aaab2-6aec-4fcd-b21e-9764fef84535;LLY;Ro Khanna;2026-01-23;2026-02-06;BUY;1001;15000;ELI LILLY & CO CMN;child;House;capitol-exposed;2026-05-28 03:18:15.538899+00
8bacef0c-bcc7-48d6-aa36-c3001ef9389c;AVGO;Ro Khanna;2026-01-23;2026-02-06;BUY;1001;15000;BROADCOM INC. CMN;child;House;capitol-exposed;2026-05-28 03:18:15.538899+00
8c432f49-9a2d-4d2b-9d53-f4aa946b3972;MMM;Ro Khanna;2026-01-23;2026-02-06;BUY;1001;15000;3M COMPANY CMN;child;House;capitol-exposed;2026-05-28 03:18:15.538899+00
18c34f54-3c8b-4fed-81a4-8f2fc9e7cd64;COIN;Ro Khanna;2026-01-23;2026-02-06;BUY;1001;15000;COINBASE GLOBAL, INC. CMN CLASS A;child;House;capitol-exposed;2026-05-28 03:18:15.538899+00
21013102-e23b-42fd-9bf0-c608a5185e58;AAPL;Ro Khanna;2026-01-23;2026-02-06;BUY;1001;15000;APPLE INC. CMN;child;House;capitol-exposed;2026-05-28 03:18:15.538899+00
c5dde0fb-be19-4b74-ad67-84a8e41a4609;NVDA;Ro Khanna;2026-01-23;2026-02-06;BUY;1001;15000;NVIDIA CORPORATION CMN;child;House;capitol-exposed;2026-05-28 03:18:15.538899+00
08b0a0cf-a813-40d8-a043-0dfd61413000;ADBE;Ro Khanna;2026-01-23;2026-02-06;BUY;1001;15000;ADOBE INC CMN;child;House;capitol-exposed;2026-05-28 03:18:15.538899+00
ab05367f-6307-4972-b66e-69403697490c;GOOG;Ro Khanna;2026-01-23;2026-02-06;BUY;1001;15000;ALPHABET INC. CMN CLASS A;child;House;capitol-exposed;2026-05-28 03:18:15.538899+00
004b5d67-f682-45f1-b22f-c81a40c5c0f8;ABBV;Ro Khanna;2026-01-23;2026-02-06;BUY;1001;15000;ABBVIE INC. CMN;child;House;capitol-exposed;2026-05-28 03:18:15.538899+00
290db7d2-7aa6-486a-a827-07761c32d48a;MSFT;Ro Khanna;2026-01-23;2026-02-06;BUY;1001;15000;MICROSOFT CORPORATION CMN;child;House;capitol-exposed;2026-05-28 03:18:15.538899+00
4f0f8a35-230e-4cea-ac60-f9b0628e8b4b;MA;Ro Khanna;2026-01-23;2026-02-06;BUY;1001;15000;MASTERCARD INCORPORATED CMN CLASS A;child;House;capitol-exposed;2026-05-28 03:18:15.538899+00
07aabfda-0e1a-47b0-8220-db140285d27a;HD;Ro Khanna;2026-01-23;2026-02-06;BUY;1001;15000;THE HOME DEPOT, INC. CMN;child;House;capitol-exposed;2026-05-28 03:18:15.538899+00
43acb97b-d71f-4fd1-b1c7-16cd0103ae70;V;Ro Khanna;2026-01-23;2026-02-06;BUY;1001;15000;VISA INC. CMN CLASS A;child;House;capitol-exposed;2026-05-28 03:18:15.538899+00
98234b88-8f3f-444b-bdda-a26d26264843;V;Ro Khanna;2026-01-22;2026-02-06;SELL;1001;15000;VISA INC. CMN CLASS A;child;House;capitol-exposed;2026-05-28 03:18:15.538899+00
75e0d6d4-0bf7-495e-ab22-658920bfae2d;V;Ro Khanna;2026-01-22;2026-02-06;BUY;1001;15000;VISA INC. CMN CLASS A;child;House;capitol-exposed;2026-05-28 03:18:15.538899+00
fc202fdf-1109-45e9-a0dc-b42e842171b6;SBUX;Ro Khanna;2026-01-22;2026-02-06;SELL;1001;15000;STARBUCKS CORP. CMN;child;House;capitol-exposed;2026-05-28 03:18:15.538899+00
22fb9ff4-a714-4a8e-9a26-6c687c7d34c9;ADBE;Ro Khanna;2026-01-22;2026-02-06;BUY;1001;15000;ADOBE INC CMN;child;House;capitol-exposed;2026-05-28 03:18:15.538899+00
d517a8ac-6cb0-4765-97e6-b17027ae53b8;PFE;Ro Khanna;2026-01-22;2026-02-06;BUY;1001;15000;PFIZER INC. CMN;child;House;capitol-exposed;2026-05-28 03:18:15.538899+00
aa174537-77af-4620-bf19-27921759c31b;SBUX;Ro Khanna;2026-01-22;2026-02-06;BUY;1001;15000;STARBUCKS CORP. CMN;child;House;capitol-exposed;2026-05-28 03:18:15.538899+00
937ab6ec-28f5-4681-a927-88670947f8dd;MSFT;John J. McGuire III;2026-01-21;2026-02-10;BUY;1001;15000;Microsoft Corporation - Common Stock;spouse;House;capitol-exposed;2026-05-28 03:18:15.538899+00
c48f2e21-5656-4643-91e7-97cc6398d6d8;JPM;Jonathan L. Jackson;2026-01-20;2026-02-23;BUY;1001;15000;JP Morgan Chase & Co. Common Stock;spouse;House;capitol-exposed;2026-05-28 03:18:15.538899+00
84ff4eee-e72c-4dde-ba9b-76a1034a8259;WMT;John J. McGuire III;2026-01-20;2026-02-10;SELL;1001;15000;Walmart Inc. - Common Stock;spouse;House;capitol-exposed;2026-05-28 03:18:15.538899+00
668823af-df07-4114-b59f-f550c4579e84;GOOG;Cleo Fields;2026-01-20;2026-02-03;BUY;100001;250000;Morgan Stanley - E*TRADE IRA Alphabet Inc. - Class C Capital Stock;self;House;capitol-exposed;2026-05-28 03:18:15.538899+00
2607068f-bfd8-4b38-8830-f23000f19a12;NFLX;Cleo Fields;2026-01-20;2026-02-03;BUY;50001;100000;Morgan Stanley - E*TRADE #2 Netflix, Inc. - Common Stock;self;House;capitol-exposed;2026-05-28 03:18:15.538899+00
816a7eea-d793-4ce6-90d0-bc15e9a54dd4;META;Cleo Fields;2026-01-20;2026-02-03;BUY;50001;100000;Morgan Stanley - E*TRADE #2 Meta Platforms, Inc. - Class A Common Stock;self;House;capitol-exposed;2026-05-28 03:18:15.538899+00
64757cef-f381-44af-b1a6-2d48729bd293;PLTR;Jonathan L. Jackson;2026-01-16;2026-02-23;SELL;15001;50000;Palantir Technologies Inc. - Class A Common Stock;joint;House;capitol-exposed;2026-05-28 03:18:15.538899+00
eea0516e-f941-4209-acfb-8471d8698aa7;GOOGL;David J. Taylor;2026-01-16;2026-02-02;SELL;1001;15000;Alphabet Inc. - Class A Common Stock (GOOGL);self;House;capitol-exposed;2026-05-28 03:18:15.538899+00
bdf38215-9eed-45f6-a2d6-4ed607591fde;AVGO;David J. Taylor;2026-01-16;2026-02-02;SELL;1001;15000;David Taylor Trust > Sardinia Ready Mix 401(k) - Dave Broadcom Inc. - Common Stock;self;House;capitol-exposed;2026-05-28 03:18:15.538899+00
e574c464-b169-4d93-b908-00750f54884d;LLY;David J. Taylor;2026-01-16;2026-02-02;SELL;1001;15000;David Taylor Trust > Sardinia Ready Mix 401(k) - Dave Eli Lilly and Company Common Stock;self;House;capitol-exposed;2026-05-28 03:18:15.538899+00
fd176c99-b3bb-4b28-a9c9-147fede8a78f;HD;David J. Taylor;2026-01-16;2026-02-02;SELL;1001;15000;David Taylor Trust > Sardinia Ready Mix 401(k) - Dave Home Depot, Inc.;self;House;capitol-exposed;2026-05-28 03:18:15.538899+00
3f83b67f-df4b-4e50-a61d-fdcae8a45189;AAPL;David J. Taylor;2026-01-16;2026-02-02;BUY;1001;15000;Apple Inc. - Common Stock (AAPL);self;House;capitol-exposed;2026-05-28 03:18:15.538899+00
0146525c-0403-44ac-9b26-f4fc497b7d08;V;David J. Taylor;2026-01-16;2026-02-02;BUY;1001;15000;David Taylor Trust > Sardinia Ready Mix 401(k) - Dave Visa Inc.;self;House;capitol-exposed;2026-05-28 03:18:15.538899+00
0d42a981-3e0d-48ed-863a-10a980bb8b85;MSFT;David J. Taylor;2026-01-16;2026-02-02;BUY;1001;15000;David Taylor Trust > Sardinia Ready Mix 401(k) - Dave Microsoft Corporation - Common Stock;self;House;capitol-exposed;2026-05-28 03:18:15.538899+00
cc0201fb-a980-4ec6-a043-86265af9c763;AMZN;Nancy Pelosi;2026-01-16;2026-01-23;BUY;500001;1000000;Amazon.com, Inc. - Common Stock;spouse;House;capitol-exposed;2026-05-28 03:18:15.538899+00
189f6c5b-18f1-4a1c-bccd-671e4f82950f;NVDA;Nancy Pelosi;2026-01-16;2026-01-23;BUY;250001;500000;NVIDIA Corporation - Common Stock;spouse;House;capitol-exposed;2026-05-28 03:18:15.538899+00
d01ba18c-fbbf-4975-ad0d-3d72eaa3306a;GOOGL;Nancy Pelosi;2026-01-16;2026-01-23;BUY;500001;1000000;Alphabet Inc. - Class A Common Stock;spouse;House;capitol-exposed;2026-05-28 03:18:15.538899+00
716d55c7-139e-4271-a261-ed250b2d1457;AAPL;John Boozman;2026-01-15;2026-02-15;BUY;1001;15000;Apple Inc;self;Senate;capitol-exposed;2026-05-28 03:18:15.538899+00
76570b0b-2d87-4c5b-a64e-38fd8c0bcb66;V;John Boozman;2026-01-15;2026-02-15;BUY;1001;15000;V;self;Senate;capitol-exposed;2026-05-28 03:18:15.538899+00
b2cbfefe-5eb4-4698-96fe-5a59f2cbae2a;NVDA;Daniel Meuser;2026-01-14;2026-02-17;BUY;1001;15000;NVIDIA Corporation - Common Stock (NVDA);self;House;capitol-exposed;2026-05-28 03:18:15.538899+00
15b42fbb-f0b3-4f38-93b3-ddcd4c56cefe;NVDA;Daniel Meuser;2026-01-14;2026-02-17;SELL;1001;15000;NVIDIA Corporation - Common Stock;spouse;House;capitol-exposed;2026-05-28 03:18:15.538899+00
b332bfd7-7d58-4249-9d49-f29e5bd1733e;UBER;John W. Hickenlooper;2026-01-14;2026-02-06;BUY;100001;250000;Uber Technologies, Inc. Common Stock;self;Senate;capitol-exposed;2026-05-28 03:18:15.538899+00
6450f9d8-a40b-4185-a4f4-0230a735a417;WMT;Jonathan L. Jackson;2026-01-13;2026-02-23;BUY;50001;100000;Walmart Inc. - Common Stock;joint;House;capitol-exposed;2026-05-28 03:18:15.538899+00
b83ca4f4-e7af-449b-b62d-5ca64576b188;TMUS;Jonathan L. Jackson;2026-01-13;2026-02-23;SELL;50001;100000;T-Mobile US, Inc.;joint;House;capitol-exposed;2026-05-28 03:18:15.538899+00
807b7fbf-95d8-4aa1-bf2d-5896f55da0ac;ADBE;Ro Khanna;2026-01-13;2026-02-06;EXCHANGE;1001;15000;ADOBE INC CMN;spouse;House;capitol-exposed;2026-05-28 03:18:15.538899+00
3629c99c-55f2-4e1d-82c5-5fa770713256;CRWD;Ro Khanna;2026-01-13;2026-02-06;SELL;1001;15000;CROWDSTRIKE HOLDINGS, INC. CMN;spouse;House;capitol-exposed;2026-05-28 03:18:15.538899+00
eeff2ce4-e2b0-4caf-9fb0-220390fb0d8d;PYPL;Ro Khanna;2026-01-13;2026-02-06;BUY;1001;15000;PAYPAL HOLDINGS, INC. CMN;spouse;House;capitol-exposed;2026-05-28 03:18:15.538899+00
f1cffad3-74ce-4972-b121-49d582310688;MSFT;Ro Khanna;2026-01-13;2026-02-06;BUY;1001;15000;MICROSOFT CORPORATION CMN;spouse;House;capitol-exposed;2026-05-28 03:18:15.538899+00
c7076dcc-7a2f-45bb-8b7e-a3f188ecec6b;V;Ro Khanna;2026-01-13;2026-02-06;SELL;250001;500000;VISA INC. CMN CLASS A;spouse;House;capitol-exposed;2026-05-28 03:18:15.538899+00
87a60ce5-6beb-469f-aa44-2752beb428be;HD;Ro Khanna;2026-01-13;2026-02-06;SELL;1001;15000;THE HOME DEPOT, INC. CMN;spouse;House;capitol-exposed;2026-05-28 03:18:15.538899+00
fb8f9f07-3e1e-491e-8b52-684fbd488446;MA;Ro Khanna;2026-01-13;2026-02-06;SELL;1001;15000;MASTERCARD INCORPORATED CMN CLASS A;spouse;House;capitol-exposed;2026-05-28 03:18:15.538899+00
b2e6b0c8-0dff-45f2-92bc-75b39268b4c1;VZ;Ro Khanna;2026-01-13;2026-02-06;BUY;1001;15000;VERIZON COMMUNICATIONS INC. CMN;spouse;House;capitol-exposed;2026-05-28 03:18:15.538899+00
5eac07ab-6713-454d-a6c7-c541352b138a;GOOG;Cleo Fields;2026-01-12;2026-02-03;BUY;1001;15000;Alphabet Inc. - Class C Capital Stock;self;House;capitol-exposed;2026-05-28 03:18:15.538899+00
0b694a4b-d95b-4250-bad3-f14847ebbbfd;PLTR;Gilbert Ray Cisneros, Jr.;2026-01-09;2026-02-13;BUY;1001;15000;Main Street Trust > Bank of America Palantir Technologies Inc. - Class A Common Stock;self;House;capitol-exposed;2026-05-28 03:18:15.538899+00
4b74954e-55d9-4e6c-a8bf-3a7163304e52;INTC;Gilbert Ray Cisneros, Jr.;2026-01-09;2026-02-13;BUY;1001;15000;Main Street Trust > Bank of America Intel Corporation - Common Stock;self;House;capitol-exposed;2026-05-28 03:18:15.538899+00
463b9e8c-b78f-42e8-a31f-a074ce60d456;DIS;Gilbert Ray Cisneros, Jr.;2026-01-09;2026-02-13;BUY;1001;15000;Main Street Trust > Bank of America Walt Disney Company;self;House;capitol-exposed;2026-05-28 03:18:15.538899+00
df6118b6-edc9-4838-a96f-76141fd1c751;CVX;Gilbert Ray Cisneros, Jr.;2026-01-09;2026-02-13;SELL;1001;15000;Main Street Trust > Bank of America Chevron Corporation Common Stock;self;House;capitol-exposed;2026-05-28 03:18:15.538899+00
32dee67c-6f1c-4f74-97c9-81b0266dc551;TSLA;Gilbert Ray Cisneros, Jr.;2026-01-09;2026-02-13;BUY;1001;15000;Cap. Gains > $200? D: Ticker 700 HK Tesla, Inc. - Common Stock;self;House;capitol-exposed;2026-05-28 03:18:15.538899+00
9a7e735c-acbd-4f44-a186-5ba04af5818b;GD;Gilbert Ray Cisneros, Jr.;2026-01-09;2026-02-13;BUY;1001;15000;Main Street Trust > Bank of America General Dynamics Corporation Common Stock;self;House;capitol-exposed;2026-05-28 03:18:15.538899+00
4043d4f6-6bc2-4516-925f-8e5adeff4e9d;RTX;Gilbert Ray Cisneros, Jr.;2026-01-09;2026-02-13;BUY;1001;15000;Main Street Trust > Bank of America RTX Corporation Common Stock;self;House;capitol-exposed;2026-05-28 03:18:15.538899+00
67a9e59f-d6f1-4e29-bb9b-0dc3a0e62790;COP;Gilbert Ray Cisneros, Jr.;2026-01-09;2026-02-13;SELL;1001;15000;Main Street Trust > Bank of America ConocoPhillips Common Stock;self;House;capitol-exposed;2026-05-28 03:18:15.538899+00
2de45682-277c-4e9c-9345-1e879613c593;UPS;Gilbert Ray Cisneros, Jr.;2026-01-09;2026-02-13;BUY;1001;15000;Main Street Trust > Bank of America United Parcel Service, Inc. Common Stock;self;House;capitol-exposed;2026-05-28 03:18:15.538899+00
2cd7584c-5566-4f81-84e1-85bd4869b7f1;GE;Gilbert Ray Cisneros, Jr.;2026-01-09;2026-02-13;BUY;15001;50000;FS: New SO: 150 Main Street Trust > Wells Fargo Advisors GE Aerospace Common Stock;self;House;capitol-exposed;2026-05-28 03:18:15.538899+00
73a91214-5389-4e1c-a8dd-814686df9758;CVX;Gilbert Ray Cisneros, Jr.;2026-01-09;2026-02-13;SELL;15001;50000;Main Street Trust > Bank of America Chevron Corporation Common Stock;self;House;capitol-exposed;2026-05-28 03:18:15.538899+00
eb50c6d4-32bb-436a-99d6-11bdac6f0932;XOM;Gilbert Ray Cisneros, Jr.;2026-01-09;2026-02-13;SELL;50001;100000;Main Street Trust > Bank of America Exxon Mobil Corporation Common Stock;self;House;capitol-exposed;2026-05-28 03:18:15.538899+00
c14b5019-bdab-4533-af91-0f18f5414e9d;NVDA;Sheldon Whitehouse;2026-01-09;2026-02-04;SELL;1001;15000;NVDA;self;Senate;capitol-exposed;2026-05-28 03:18:15.538899+00
c925677e-1210-452f-a821-174550c5c0cb;HD;Sheldon Whitehouse;2026-01-09;2026-02-04;SELL;1001;15000;HD;self;Senate;capitol-exposed;2026-05-28 03:18:15.538899+00
66e633c4-8c03-4e82-b055-9d6dcf34e88b;MCD;Sheldon Whitehouse;2026-01-09;2026-02-04;SELL;15001;50000;MCD;self;Senate;capitol-exposed;2026-05-28 03:18:15.538899+00
360ea336-5a37-4d5b-a524-56ead10a48a9;SBUX;Sheldon Whitehouse;2026-01-09;2026-02-04;SELL;1001;15000;SBUX;self;Senate;capitol-exposed;2026-05-28 03:18:15.538899+00
86a3625c-6888-4e75-a52e-a2e37a3a61d5;T;Tim Moore;2026-01-09;2026-01-24;BUY;15001;50000;AT&T Inc.;self;House;capitol-exposed;2026-05-28 03:18:15.538899+00
afdb4a40-72da-4ba0-96ed-bf9e2d9862c3;T;Tim Moore;2026-01-09;2026-01-24;BUY;0;0;AT&T Inc. (T);self;House;capitol-exposed;2026-05-28 03:18:15.538899+00
71a800c5-b8fc-453a-9dc2-9d7785cf569c;T;Gary C. Peters;2026-06-29;2026-07-04;BUY;1001;15000;T;self;Senate;capitol-exposed;2026-07-05 09:00:20.492653+00
61eed335-59cb-4252-95fc-4943a104446d;PG;David J. Taylor;2026-01-09;2026-01-21;BUY;1001;15000;David Taylor Trust > Sardinia Ready Mix 401(k) - Dave Procter & Gamble Company;self;House;capitol-exposed;2026-05-28 03:18:15.538899+00
34a0e439-7380-4023-8118-1388d7b78cf5;DIS;John Boozman;2026-01-08;2026-02-15;BUY;1001;15000;Walt Disney Company;self;Senate;capitol-exposed;2026-05-28 03:18:15.538899+00
b31ccfd0-aa5c-4b7d-a8b4-a4464aa1228b;XOM;John Boozman;2026-01-08;2026-02-15;BUY;1001;15000;Exxon Mobil Corp;self;Senate;capitol-exposed;2026-05-28 03:18:15.538899+00
7763c28c-2e06-4ce1-aedc-4d9fafc90f4f;NFLX;John Boozman;2026-01-08;2026-02-15;BUY;1001;15000;Netflix Inc;self;Senate;capitol-exposed;2026-05-28 03:18:15.538899+00
4dd1d3b6-483e-428a-8821-5180b58d21a7;TSM;Cleo Fields;2026-01-08;2026-02-03;BUY;1001;15000;Morgan Stanley - E*TRADE #2 Taiwan Semiconductor Manufacturing Company Ltd.;self;House;capitol-exposed;2026-05-28 03:18:15.538899+00
772446e9-0431-4dfd-8c55-2e9657579db7;AVGO;David J. Taylor;2026-01-08;2026-01-21;SELL;1001;15000;David Taylor Trust > Sardinia Ready Mix 401(k) - Dave Broadcom Inc. - Common Stock;self;House;capitol-exposed;2026-05-28 03:18:15.538899+00
3533442d-863f-4a27-be8f-e48482efab2c;MSFT;David J. Taylor;2026-01-08;2026-01-21;BUY;1001;15000;David Taylor Trust > Schwab Joint Brokerage #1 (Home Grown) Microsoft Corporation - Common Stock;self;House;capitol-exposed;2026-05-28 03:18:15.538899+00
a9d0e5a5-1759-4755-aeeb-df5c6567e2a5;COP;Gilbert Ray Cisneros, Jr.;2026-01-07;2026-02-13;SELL;15001;50000;Main Street Trust > Bank of America ConocoPhillips Common Stock;self;House;capitol-exposed;2026-05-28 03:18:15.538899+00
490c6d48-94c1-4bd1-867c-5818e9db2e9f;META;Rick Larsen;2026-01-07;2026-01-14;BUY;1001;15000;Part of monthly portfolio rebalancing that account manager conducts Meta Platforms, Inc. - Class A Common Stock;self;House;capitol-exposed;2026-05-28 03:18:15.538899+00
b8ab6446-25e8-4f08-a6cc-6057dc4e4325;COIN;Ro Khanna;2026-01-06;2026-02-06;BUY;1001;15000;COINBASE GLOBAL, INC. CMN CLASS A;child;House;capitol-exposed;2026-05-28 03:18:15.538899+00
2bf31a35-95cc-4889-b506-048fc4bc9b41;ADBE;Ro Khanna;2026-01-06;2026-02-06;BUY;1001;15000;ADOBE INC CMN;child;House;capitol-exposed;2026-05-28 03:18:15.538899+00
8cad4b27-1a21-418f-98e7-df8b19829044;PG;Ro Khanna;2026-01-06;2026-02-06;BUY;1001;15000;THE PROCTER & GAMBLE COMPANY CMN;child;House;capitol-exposed;2026-05-28 03:18:15.538899+00
4c64fdaa-8225-40fa-9ae2-1f69b4b53955;PYPL;Ro Khanna;2026-01-06;2026-02-06;BUY;1001;15000;PAYPAL HOLDINGS, INC. CMN;child;House;capitol-exposed;2026-05-28 03:18:15.538899+00
31b7bd21-1d4d-4419-a60e-d011ffe31291;ADBE;Markwayne Mullin;2026-01-05;2026-02-04;BUY;15001;50000;ADBE;self;Senate;capitol-exposed;2026-05-28 03:18:15.538899+00
f09fb11e-386f-4d5d-ab7a-cd29cdc870b2;SBUX;Ro Khanna;2026-01-02;2026-02-06;BUY;1001;15000;STARBUCKS CORP. CMN;child;House;capitol-exposed;2026-05-28 03:18:15.538899+00
d6519271-db16-49e2-8388-85d82ee27eaf;PFE;J. French Hill;2025-12-31;2026-01-23;SELL;100001;250000;Pfizer, Inc. Common Stock;self;House;capitol-exposed;2026-05-28 03:18:15.538899+00
91e4442d-b3ec-42b1-a811-b7d6ceab0a33;GOOGL;Nancy Pelosi;2025-12-30;2026-01-23;SELL;1000001;5000000;Alphabet Inc. - Class A Common Stock;spouse;House;capitol-exposed;2026-05-28 03:18:15.538899+00
03d9981d-1017-457c-9cad-757a974a28c4;AAPL;Nancy Pelosi;2025-12-30;2026-01-23;SELL;5000001;25000000;Apple Inc. - Common Stock;spouse;House;capitol-exposed;2026-05-28 03:18:15.538899+00
4030d1e0-55aa-4601-81fa-0a27dabd01ab;AAPL;Nancy Pelosi;2025-12-30;2026-01-23;BUY;250001;500000;Apple Inc. - Common Stock;spouse;House;capitol-exposed;2026-05-28 03:18:15.538899+00
532379cc-d8c5-4ae3-947c-b3ef5fa0960a;GOOGL;Nancy Pelosi;2025-12-30;2026-01-23;BUY;250001;500000;Alphabet Inc. - Class A Common Stock;spouse;House;capitol-exposed;2026-05-28 03:18:15.538899+00
2b2d2ae2-606f-48c8-a97c-cc6dab766415;DIS;Nancy Pelosi;2025-12-30;2026-01-23;SELL;1000001;5000000;Walt Disney Company;spouse;House;capitol-exposed;2026-05-28 03:18:15.538899+00
12798646-9c61-4d6f-9111-2b1197c4b689;AMZN;Nancy Pelosi;2025-12-30;2026-01-23;BUY;100001;250000;Amazon.com, Inc. - Common Stock;spouse;House;capitol-exposed;2026-05-28 03:18:15.538899+00
3f0a576a-c5a6-4b26-9aa7-6067e1d95e13;PYPL;Nancy Pelosi;2025-12-30;2026-01-23;SELL;250001;500000;PayPal Holdings, Inc. - Common Stock;spouse;House;capitol-exposed;2026-05-28 03:18:15.538899+00
25e39950-564c-4a6d-8534-8b52c19e915d;NVDA;Nancy Pelosi;2025-12-30;2026-01-23;BUY;100001;250000;NVIDIA Corporation - Common Stock;spouse;House;capitol-exposed;2026-05-28 03:18:15.538899+00
d59a3a1a-08bd-4695-beb8-700d2404056c;DIS;Nancy Pelosi;2025-12-30;2026-01-23;SELL;0;0;1/16/26. SP Walt Disney Company (DIS);self;House;capitol-exposed;2026-05-28 03:18:15.538899+00
0563f193-6eb1-46e7-9622-49836dc41e98;HON;Angus S. King, Jr.;2025-12-29;2026-01-26;BUY;1001;15000;Honeywell International Inc;self;Senate;capitol-exposed;2026-05-28 03:18:15.538899+00
7b8ab9b9-29e7-415c-90ab-8f0ccd87743c;NOC;Steve Cohen;2025-12-29;2026-01-26;SELL;15001;50000;Stephens Advantage Account Northrop Grumman Corporation Common Stock;self;House;capitol-exposed;2026-05-28 03:18:15.538899+00
9d8c30cd-bdf9-4ab5-b140-4e7b7abccd1a;LLY;Angus S. King, Jr.;2025-12-29;2026-01-26;BUY;1001;15000;LLY;self;Senate;capitol-exposed;2026-05-28 03:18:15.538899+00
c1cf5f24-6618-4e66-a228-dbb0a1d53e1b;GOOGL;Markwayne Mullin;2025-12-29;2026-01-16;BUY;100001;250000;Alphabet Inc. - Class A Common Stock;self;Senate;capitol-exposed;2026-05-28 03:18:15.538899+00
fa7e8288-4e7f-4353-aa8d-8ff90e7f89ac;MA;Markwayne Mullin;2025-12-29;2026-01-16;BUY;50001;100000;Mastercard Incorporated Common Stock;self;Senate;capitol-exposed;2026-05-28 03:18:15.538899+00
bc13617a-346e-4a5b-a311-5882dba9d548;JPM;Markwayne Mullin;2025-12-29;2026-01-16;BUY;50001;100000;JP Morgan Chase & Co. Common Stock;self;Senate;capitol-exposed;2026-05-28 03:18:15.538899+00
9b323e27-d6ae-4e4e-87bc-918f5b5b96c5;HD;Markwayne Mullin;2025-12-29;2026-01-16;BUY;15001;50000;Home Depot, Inc. (The) Common Stock;self;Senate;capitol-exposed;2026-05-28 03:18:15.538899+00
6ea9c837-c176-4693-a8a9-619b0bfdcdda;CVX;Markwayne Mullin;2025-12-29;2026-01-16;BUY;15001;50000;Chevron Corporation Common Stock;self;Senate;capitol-exposed;2026-05-28 03:18:15.538899+00
ac8e3c15-ad2e-4198-84e0-14fa6a336138;CRM;Markwayne Mullin;2025-12-29;2026-01-16;BUY;15001;50000;Salesforce, Inc. Common Stock;self;Senate;capitol-exposed;2026-05-28 03:18:15.538899+00
488d2c6f-5971-4a33-9099-7ab459a0a162;CAT;Markwayne Mullin;2025-12-29;2026-01-16;BUY;15001;50000;Caterpillar, Inc. Common Stock;self;Senate;capitol-exposed;2026-05-28 03:18:15.538899+00
9f400ae0-f70e-4668-a5e8-22a5db902add;AAPL;Markwayne Mullin;2025-12-29;2026-01-16;BUY;100001;250000;Apple Inc. - Common Stock;self;Senate;capitol-exposed;2026-05-28 03:18:15.538899+00
b0a579a4-4dbf-4507-be2e-2237210e20d7;MSFT;Markwayne Mullin;2025-12-29;2026-01-16;BUY;100001;250000;Microsoft Corporation - Common Stock;self;Senate;capitol-exposed;2026-05-28 03:18:15.538899+00
ecdfbf30-17db-4fa1-b0cd-3e766d518f0b;GS;Markwayne Mullin;2025-12-29;2026-01-16;BUY;15001;50000;Goldman Sachs Group, Inc. (The) Common Stock;self;Senate;capitol-exposed;2026-05-28 03:18:15.538899+00
530c4430-6c22-4c98-af11-762845ba8511;KO;Markwayne Mullin;2025-12-29;2026-01-16;BUY;15001;50000;Coca-Cola Company (The) Common Stock;self;Senate;capitol-exposed;2026-05-28 03:18:15.538899+00
2c81cc3d-d520-4a90-ba55-a393d4af9328;META;Markwayne Mullin;2025-12-29;2026-01-16;BUY;50001;100000;Meta Platforms, Inc. - Class A Common Stock;self;Senate;capitol-exposed;2026-05-28 03:18:15.538899+00
fb69a14e-7f0e-43a9-9da6-ccb046dfae62;LLY;Markwayne Mullin;2025-12-29;2026-01-16;BUY;15001;50000;LLY;self;Senate;capitol-exposed;2026-05-28 03:18:15.538899+00
1ceee49f-424f-4f13-be1e-03bca1301e06;COP;Markwayne Mullin;2025-12-29;2026-01-16;BUY;15001;50000;COP;self;Senate;capitol-exposed;2026-05-28 03:18:15.538899+00
a8806668-0358-4a75-9d4c-0054640ea8a6;NVDA;Markwayne Mullin;2025-12-29;2026-01-16;BUY;100001;250000;NVDA;self;Senate;capitol-exposed;2026-05-28 03:18:15.538899+00
62ac6d41-414d-4c44-bf0e-42cea1cd9b19;AMZN;Markwayne Mullin;2025-12-29;2026-01-16;BUY;100001;250000;AMZN;self;Senate;capitol-exposed;2026-05-28 03:18:15.538899+00
946ab9f4-af9a-4d9f-b89a-125190ef1674;RTX;Markwayne Mullin;2025-12-29;2026-01-16;BUY;15001;50000;RTX;self;Senate;capitol-exposed;2026-05-28 03:18:15.538899+00
a8d82a33-c1e7-4ebc-9c25-a33b376d66a5;COST;Markwayne Mullin;2025-12-29;2026-01-16;BUY;15001;50000;Costco Wholesale Corporation - Common Stock;self;Senate;capitol-exposed;2026-05-28 03:18:15.538899+00
d22918e2-d32d-4672-aa53-f76763955537;NOW;Markwayne Mullin;2025-12-29;2026-01-16;BUY;15001;50000;ServiceNow, Inc. Common Stock;self;Senate;capitol-exposed;2026-05-28 03:18:15.538899+00
55d35942-bc5e-4edf-ad5a-4eb85764226e;GOOGL;Cleo Fields;2025-12-26;2026-01-16;BUY;0;0;Alphabet Inc. - Class A Common Stock (GOOGL);self;House;capitol-exposed;2026-05-28 03:18:15.538899+00
778db63c-436f-449e-963c-5b0b41575ec4;GOOGL;Cleo Fields;2025-12-26;2026-01-16;BUY;50001;100000;Alphabet Inc. - Class A Common Stock;self;House;capitol-exposed;2026-05-28 03:18:15.538899+00
d99a8b08-4354-4148-ba08-70302e3737e1;AAPL;Nancy Pelosi;2025-12-24;2026-01-23;SELL;5000001;25000000;Apple Inc. - Common Stock;spouse;House;capitol-exposed;2026-05-28 03:18:15.538899+00
16a87c65-fbc5-4ec9-9f60-62eb2c2624b6;NVDA;Nancy Pelosi;2025-12-24;2026-01-23;SELL;1000001;5000000;NVIDIA Corporation - Common Stock;spouse;House;capitol-exposed;2026-05-28 03:18:15.538899+00
dd208826-92d5-4676-b217-24a4444b784c;AMZN;Nancy Pelosi;2025-12-24;2026-01-23;SELL;1000001;5000000;Amazon.com, Inc. - Common Stock;spouse;House;capitol-exposed;2026-05-28 03:18:15.538899+00
10a56153-4810-4a9a-ab5f-0d298c22af84;COST;Gilbert Ray Cisneros, Jr.;2025-12-24;2026-01-12;SELL;1001;15000;Main Street Trust > Bank of America Costco Wholesale Corporation - Common Stock;self;House;capitol-exposed;2026-05-28 03:18:15.538899+00
643874cf-f5c8-4540-8f1c-ec6e0fbc1b57;HD;Gilbert Ray Cisneros, Jr.;2025-12-24;2026-01-12;SELL;1001;15000;Cap. Gains > $200? D: Ticker RMS FP Home Depot, Inc.;self;House;capitol-exposed;2026-05-28 03:18:15.538899+00
c98fa3e4-3d3c-4f5e-9a78-6c1b558d51e7;CVX;Gilbert Ray Cisneros, Jr.;2025-12-24;2026-01-12;SELL;1001;15000;Cap. Gains > $200? Chevron Corporation Common Stock;self;House;capitol-exposed;2026-05-28 03:18:15.538899+00
df04db05-9f60-4f6f-b678-f2ea3080510d;ORCL;Gilbert Ray Cisneros, Jr.;2025-12-24;2026-01-12;SELL;1001;15000;Main Street Trust > Bank of America Oracle Corporation Common Stock;self;House;capitol-exposed;2026-05-28 03:18:15.538899+00
19b55f42-2ed9-4a70-8e66-2f833433ecd1;PG;Gilbert Ray Cisneros, Jr.;2025-12-24;2026-01-12;SELL;1001;15000;Main Street Trust > Bank of America Procter & Gamble Company;self;House;capitol-exposed;2026-05-28 03:18:15.538899+00
8d39a50b-9974-4121-ada3-12e5efee3ef9;COIN;Gilbert Ray Cisneros, Jr.;2025-12-24;2026-01-12;SELL;1001;15000;Main Street Trust > Bank of America Coinbase Global, Inc. - Class A Common Stock;self;House;capitol-exposed;2026-05-28 03:18:15.538899+00
de273d12-e68a-4650-9196-ffb3a9f8c580;META;Gilbert Ray Cisneros, Jr.;2025-12-24;2026-01-12;SELL;1001;15000;Main Street Trust > Bank of America Meta Platforms, Inc. - Class A Common Stock;self;House;capitol-exposed;2026-05-28 03:18:15.538899+00
0e44b901-3139-437d-94a5-b445bde55c19;NET;Gilbert Ray Cisneros, Jr.;2025-12-24;2026-01-12;SELL;1001;15000;Main Street Trust > Bank of America Cloudflare, Inc. Class A Common Stock;self;House;capitol-exposed;2026-05-28 03:18:15.538899+00
7f69b1c2-1d2e-4130-8870-162cb53b6d05;TSM;Gilbert Ray Cisneros, Jr.;2025-12-24;2026-01-12;SELL;1001;15000;Main Street Trust > Bank of America Taiwan Semiconductor Manufacturing Company Ltd.;self;House;capitol-exposed;2026-05-28 03:18:15.538899+00
0e4b4c44-bf1e-427c-841a-b6e0f4786ed6;NVDA;Gilbert Ray Cisneros, Jr.;2025-12-24;2026-01-12;SELL;1001;15000;Main Street Trust > Bank of America D: Ticker 7974 JP NVIDIA Corporation - Common Stock;self;House;capitol-exposed;2026-05-28 03:18:15.538899+00
75c2ae1d-3ca6-4f30-bc05-1712a229b998;AMZN;Gilbert Ray Cisneros, Jr.;2025-12-24;2026-01-12;SELL;1001;15000;Main Street Trust > Bank of America Amazon.com, Inc. - Common Stock;self;House;capitol-exposed;2026-05-28 03:18:15.538899+00
105a385b-c1fe-4dc9-a1df-2f624a8b3a4b;UNH;Kevin Hern;2025-12-23;2026-01-22;SELL;250001;500000;UnitedHealth Group Incorporated Common Stock;joint;House;capitol-exposed;2026-05-28 03:18:15.538899+00
ec9807f4-14f2-4ed1-bbc9-6167999c51b2;UNH;Kevin Hern;2025-12-23;2026-01-22;SELL;0;0;UnitedHealth Group Incorporated Common Stock (UNH);self;House;capitol-exposed;2026-05-28 03:18:15.538899+00
0a036760-0e20-4c94-8524-d4fdec15c5fe;CVX;Roger Williams;2025-12-22;2026-01-15;SELL;15001;50000;Chevron Corporation Common Stock;self;House;capitol-exposed;2026-05-28 03:18:15.538899+00
04976be0-8dc7-4665-94aa-0edac3e5460c;CVX;Roger Williams;2025-12-22;2026-01-15;BUY;0;0;Chevron Corporation Common Stock (CVX);self;House;capitol-exposed;2026-05-28 03:18:15.538899+00
7a917cbd-3a77-4a03-bc69-7876fa816ab1;JPM;Roger Williams;2025-12-22;2026-01-15;BUY;1001;15000;JP Morgan Chase & Co. Common Stock;self;House;capitol-exposed;2026-05-28 03:18:15.538899+00
211bedb6-8095-42df-9417-b3a7df848b08;RTX;Roger Williams;2025-12-22;2026-01-15;BUY;1001;15000;RTX Corporation Common Stock;self;House;capitol-exposed;2026-05-28 03:18:15.538899+00
e96efdc6-e337-415f-91c9-61b637492e27;PLTR;Jonathan L. Jackson;2025-12-22;2026-01-08;BUY;15001;50000;Palantir Technologies Inc. - Class A Common Stock;joint;House;capitol-exposed;2026-05-28 03:18:15.538899+00
7d87e8e4-c172-4ec1-8a7c-182f57e5efc2;LMT;Gilbert Ray Cisneros, Jr.;2025-12-19;2026-01-12;SELL;1001;15000;Main Street Trust > Bank of America Lockheed Martin Corporation Common Stock;self;House;capitol-exposed;2026-05-28 03:18:15.538899+00
107f238c-9247-4f77-94ad-a46b323d2ef3;BA;Gilbert Ray Cisneros, Jr.;2025-12-19;2026-01-12;BUY;1001;15000;Main Street Trust > Bank of America Boeing Company;self;House;capitol-exposed;2026-05-28 03:18:15.538899+00
a0420431-afaf-47ad-bc2f-79665768e238;COIN;Gilbert Ray Cisneros, Jr.;2025-12-19;2026-01-12;SELL;1001;15000;Main Street Trust > Bank of America Coinbase Global, Inc. - Class A Common Stock;self;House;capitol-exposed;2026-05-28 03:18:15.538899+00
6062326a-f94e-41fa-a550-26a5ee88d585;PFE;Gilbert Ray Cisneros, Jr.;2025-12-19;2026-01-12;SELL;1001;15000;Main Street Trust > Bank of America Pfizer, Inc. Common Stock;self;House;capitol-exposed;2026-05-28 03:18:15.538899+00
5483791d-e3ab-4a17-8e79-37c7a38f1de8;AMD;Gilbert Ray Cisneros, Jr.;2025-12-19;2026-01-12;SELL;15001;50000;Main Street Trust > Bank of America Advanced Micro Devices, Inc.;self;House;capitol-exposed;2026-05-28 03:18:15.538899+00
7869036d-cf46-4566-b69b-13b931d47680;MRK;Gilbert Ray Cisneros, Jr.;2025-12-19;2026-01-12;BUY;1001;15000;Main Street Trust > Bank of America Merck & Company, Inc. Common Stock;self;House;capitol-exposed;2026-05-28 03:18:15.538899+00
2d677ecd-af24-4925-8a05-0b3f0fcaf618;NVDA;Gilbert Ray Cisneros, Jr.;2025-12-19;2026-01-12;SELL;15001;50000;Main Street Trust > Bank of America NVIDIA Corporation - Common Stock;self;House;capitol-exposed;2026-05-28 03:18:15.538899+00
a3db1bbb-2869-4814-93f1-1b12234bc663;ORCL;Gilbert Ray Cisneros, Jr.;2025-12-19;2026-01-12;SELL;1001;15000;Main Street Trust > Bank of America Oracle Corporation Common Stock;self;House;capitol-exposed;2026-05-28 03:18:15.538899+00
199d528c-8bca-44e1-825a-a82919124c54;UBER;Gilbert Ray Cisneros, Jr.;2025-12-19;2026-01-12;BUY;1001;15000;Main Street Trust > Bank of America Uber Technologies, Inc. Common Stock;self;House;capitol-exposed;2026-05-28 03:18:15.538899+00
8582ed66-c155-4adf-a8e8-cfb807a4a95e;UNH;Gilbert Ray Cisneros, Jr.;2025-12-19;2026-01-12;BUY;15001;50000;Main Street Trust > Bank of America UnitedHealth Group Incorporated Common Stock;self;House;capitol-exposed;2026-05-28 03:18:15.538899+00
3a805bc0-19f6-492e-8741-3486e3e2d343;AMZN;Gilbert Ray Cisneros, Jr.;2025-12-19;2026-01-12;SELL;1001;15000;Main Street Trust > Bank of America D: Ticker 9988 HK Amazon.com, Inc. - Common Stock;self;House;capitol-exposed;2026-05-28 03:18:15.637501+00
3adee35e-a1a5-4cf9-b5b6-0edd35d15109;MSFT;Gilbert Ray Cisneros, Jr.;2025-12-19;2026-01-12;SELL;15001;50000;Main Street Trust > Bank of America Microsoft Corporation - Common Stock;self;House;capitol-exposed;2026-05-28 03:18:15.637501+00
5da3ecda-1b42-4f55-9188-eea81ecceaff;PG;Julie Johnson;2025-12-18;2026-01-15;SELL;1001;15000;Procter & Gamble Company;joint;House;capitol-exposed;2026-05-28 03:18:15.637501+00
9dc42805-9994-437a-9504-5c5afa620092;MSFT;Julie Johnson;2025-12-18;2026-01-15;SELL;1001;15000;Microsoft Corporation - Common Stock;joint;House;capitol-exposed;2026-05-28 03:18:15.637501+00
a797d51a-6553-46fe-b0b8-4782a2802c8f;JNJ;Julie Johnson;2025-12-18;2026-01-15;SELL;1001;15000;Johnson & Johnson Common Stock;joint;House;capitol-exposed;2026-05-28 03:18:15.637501+00
f3435a5c-12c6-4f51-af4d-e5f749a74d75;WMT;Julie Johnson;2025-12-18;2026-01-15;SELL;1001;15000;Walmart Inc. - Common Stock;joint;House;capitol-exposed;2026-05-28 03:18:15.637501+00
5b4e2f48-41c9-4973-82c2-78ea738429e2;UNH;Julie Johnson;2025-12-18;2026-01-15;SELL;1001;15000;UnitedHealth Group Incorporated Common Stock;joint;House;capitol-exposed;2026-05-28 03:18:15.637501+00
2bdc88bc-4bc8-48c4-a48a-66f7f8357362;RTX;Julie Johnson;2025-12-18;2026-01-15;SELL;1001;15000;RTX Corporation Common Stock;joint;House;capitol-exposed;2026-05-28 03:18:15.637501+00
62cc9e3e-eda1-4225-8366-e152e516a1d8;CVX;Julie Johnson;2025-12-18;2026-01-15;SELL;1001;15000;Chevron Corporation Common Stock;joint;House;capitol-exposed;2026-05-28 03:18:15.637501+00
3720261e-9625-495a-81d3-9ed7045e9d12;PEP;Julie Johnson;2025-12-18;2026-01-15;SELL;1001;15000;Pepsico, Inc.;joint;House;capitol-exposed;2026-05-28 03:18:15.637501+00
1f79ab42-1e3e-4839-9332-60a247b0d3c5;MMM;Julie Johnson;2025-12-18;2026-01-15;SELL;1001;15000;3M Company Common Stock (MMM);self;House;capitol-exposed;2026-05-28 03:18:15.637501+00
fd4340ea-906b-4817-b93e-88289b799c91;MRK;Julie Johnson;2025-12-18;2026-01-15;SELL;1001;15000;Merck & Company, Inc. Common Stock;joint;House;capitol-exposed;2026-05-28 03:18:15.637501+00
a26d7067-0e4a-4e16-a297-8f876e9c18e2;WFC;Julie Johnson;2025-12-18;2026-01-15;SELL;1001;15000;Wells Fargo & Company Common Stock;joint;House;capitol-exposed;2026-05-28 03:18:15.637501+00
0739ead2-00a9-4bec-a599-a8a866a5311a;VZ;Julie Johnson;2025-12-18;2026-01-15;SELL;1001;15000;Verizon Communications Inc. Common Stock;joint;House;capitol-exposed;2026-05-28 03:18:15.637501+00
ba1e26f4-d0e2-4e38-9d57-bffd779c1ffb;ABBV;Julie Johnson;2025-12-18;2026-01-15;SELL;1001;15000;AbbVie Inc. Common Stock;joint;House;capitol-exposed;2026-05-28 03:18:15.637501+00
d19eb953-7ffe-499d-ba25-5cde319dc105;BAC;Julie Johnson;2025-12-18;2026-01-15;SELL;1001;15000;Bank of America Corporation Common Stock;joint;House;capitol-exposed;2026-05-28 03:18:15.637501+00
b94bdf1c-bb9f-4921-9e7a-5131895acd87;COP;Julie Johnson;2025-12-18;2026-01-15;SELL;1001;15000;ConocoPhillips Common Stock;joint;House;capitol-exposed;2026-05-28 03:18:15.637501+00
7f00551a-6856-485c-9955-87137eb8236c;GD;Julie Johnson;2025-12-18;2026-01-15;SELL;1001;15000;General Dynamics Corporation Common Stock;joint;House;capitol-exposed;2026-05-28 03:18:15.637501+00
859cc6d0-4051-4262-9a4d-6bfcd81b402e;GOOG;Julie Johnson;2025-12-18;2026-01-15;SELL;1001;15000;Alphabet Inc. - Class C Capital Stock;joint;House;capitol-exposed;2026-05-28 03:18:15.637501+00
15ce9f46-0908-4cd8-b754-bcf4bec5b31a;GS;Julie Johnson;2025-12-18;2026-01-15;SELL;1001;15000;Goldman Sachs Group, Inc.;joint;House;capitol-exposed;2026-05-28 03:18:15.637501+00
0dabfc02-b6c2-4caf-bba3-787746b6f1e4;HD;Julie Johnson;2025-12-18;2026-01-15;SELL;1001;15000;Home Depot, Inc.;joint;House;capitol-exposed;2026-05-28 03:18:15.637501+00
2590162f-ec3a-43c7-b850-6677ffeb0609;LLY;Julie Johnson;2025-12-18;2026-01-15;SELL;1001;15000;Eli Lilly and Company Common Stock;joint;House;capitol-exposed;2026-05-28 03:18:15.637501+00
545a194c-de42-40a8-8585-b5fedb99fdc0;MCD;Julie Johnson;2025-12-18;2026-01-15;SELL;1001;15000;McDonald's Corporation Common Stock;joint;House;capitol-exposed;2026-05-28 03:18:15.637501+00
0ef38270-437f-40f9-9bc2-62eab35080f2;GS;Markwayne Mullin;2025-12-18;2026-01-14;SELL;15001;50000;GS;self;Senate;capitol-exposed;2026-05-28 03:18:15.637501+00
f837e917-efd2-4a26-8a30-51e00c632dbf;HD;Lloyd Doggett;2025-12-18;2026-01-02;BUY;1001;15000;Automatic reinvestment of dividends earned. Home Depot, Inc.;self;House;capitol-exposed;2026-05-28 03:18:15.637501+00
91bd96ea-dc91-4594-bea6-6c8de90f7651;GOOGL;Tommy Tuberville;2025-12-17;2026-01-15;SELL;1001;15000;Alphabet Cl A;self;Senate;capitol-exposed;2026-05-28 03:18:15.637501+00
1d85e80e-66b1-4d19-85ea-80a8b0c1f644;AAPL;Tommy Tuberville;2025-12-17;2026-01-15;SELL;50001;100000;AAPL;self;Senate;capitol-exposed;2026-05-28 03:18:15.637501+00
b0b720b9-3e16-477e-978e-79a484b6a285;GS;Steve Cohen;2025-12-17;2026-01-14;SELL;15001;50000;Stephens Advantage Account Goldman Sachs Group, Inc.;self;House;capitol-exposed;2026-05-28 03:18:15.637501+00
dec7304e-f18a-44d7-8359-07ce1b2dce1b;NOW;Josh Gottheimer;2025-12-17;2026-01-14;SELL;1001;15000;ServiceNow, Inc. Common Stock;joint;House;capitol-exposed;2026-05-28 03:18:15.637501+00
0f02fa32-09b6-4a8f-a6d4-46bd95325d59;AAPL;John Boozman;2025-12-17;2026-01-13;BUY;1001;15000;AAPL;self;Senate;capitol-exposed;2026-05-28 03:18:15.637501+00
154cab9a-a19c-4578-8475-9c2ccb04a304;MSFT;John Boozman;2025-12-17;2026-01-13;BUY;1001;15000;Microsoft Corp;self;Senate;capitol-exposed;2026-05-28 03:18:15.637501+00
094f4f20-3768-495d-b108-d78cbacf78e6;WFC;John Boozman;2025-12-17;2026-01-13;BUY;1001;15000;Wells Fargo & Company;self;Senate;capitol-exposed;2026-05-28 03:18:15.637501+00
8e934203-cf41-4163-9e9b-f0544598bba5;AVGO;Gilbert Ray Cisneros, Jr.;2025-12-17;2026-01-12;BUY;1001;15000;Main Street Trust > Bank of America Broadcom Inc. - Common Stock;self;House;capitol-exposed;2026-05-28 03:18:15.637501+00
ac8eb3ce-4b1c-412f-8fcc-09037e2bc156;CRM;Julia Letlow;2025-12-16;2026-01-13;SELL;1001;15000;Salesforce, Inc. Common Stock;self;House;capitol-exposed;2026-05-28 03:18:15.637501+00
0b537304-0b57-4ecd-9bb2-b2518c88d1d2;AAPL;Shelley Moore Capito;2025-12-16;2026-01-06;SELL;1001;15000;Apple Inc;self;Senate;capitol-exposed;2026-05-28 03:18:15.637501+00
1f76b3e8-2e6c-4041-b68d-c98f99298ff9;MSFT;Shelley Moore Capito;2025-12-16;2026-01-06;SELL;1001;15000;Microsoft Corp;self;Senate;capitol-exposed;2026-05-28 03:18:15.637501+00
188fbfcf-6c61-4a63-9ef5-c9b122773316;GOOGL;Shelley Moore Capito;2025-12-16;2026-01-06;SELL;1001;15000;Alphabet Cl A;self;Senate;capitol-exposed;2026-05-28 03:18:15.637501+00
1dfa66e4-5305-4950-89d9-032dd38546cd;KO;Lloyd Doggett;2025-12-15;2026-01-02;BUY;1001;15000;Coca-Cola Company;self;House;capitol-exposed;2026-05-28 03:18:15.637501+00
51642a7a-af61-40a4-9cc8-69be816289c8;GOOGL;Cleo Fields;2025-12-15;2025-12-17;BUY;15001;50000;Alphabet Inc. - Class A Common Stock;self;House;capitol-exposed;2026-05-28 03:18:15.637501+00
c9a116ee-0ebb-475b-8bd1-5d40bbfd391b;GOOGL;Cleo Fields;2025-12-15;2025-12-17;BUY;0;0;Alphabet Inc. - Class A Common Stock (GOOGL);self;House;capitol-exposed;2026-05-28 03:18:15.637501+00
95a77bfb-248e-4873-8a57-c9f206894154;GOOG;Cleo Fields;2025-12-15;2025-12-17;BUY;1001;15000;Morgan Stanley - E*TRADE #2 Alphabet Inc. - Class C Capital Stock;self;House;capitol-exposed;2026-05-28 03:18:15.637501+00
05fdafe8-283e-408e-8688-fdbe2c6faa4a;NFLX;Rick W. Allen;2025-12-12;2026-01-15;SELL;1001;15000;Netflix, Inc. - Common Stock;spouse;House;capitol-exposed;2026-05-28 03:18:15.637501+00
a1cfd362-0366-4797-871c-7e063bdd44c0;VZ;Gary C. Peters;2025-12-12;2026-01-07;BUY;1001;15000;Verizon Communications Inc;self;Senate;capitol-exposed;2026-05-28 03:18:15.637501+00
54a1604f-54b1-4423-8674-3b9450b92216;INTC;Gary C. Peters;2025-12-12;2026-01-07;SELL;15001;50000;Intel Corp;self;Senate;capitol-exposed;2026-05-28 03:18:15.637501+00
e4290700-bbbe-46c7-90bd-daaec9f9f204;GOOGL;Dan Newhouse;2025-12-11;2026-01-15;SELL;1001;15000;Alphabet Inc. - Class A Common Stock;spouse;House;capitol-exposed;2026-05-28 03:18:15.637501+00
8cfdedac-468a-449e-b86b-56c43360501f;SBUX;Dan Newhouse;2025-12-11;2026-01-15;SELL;1001;15000;Starbucks Corporation - Common Stock;spouse;House;capitol-exposed;2026-05-28 03:18:15.637501+00
11b94a36-e05e-463d-bead-97db7bc4300f;AVGO;Dan Newhouse;2025-12-11;2026-01-15;SELL;1001;15000;Broadcom Inc. - Common Stock;spouse;House;capitol-exposed;2026-05-28 03:18:15.637501+00
22d2e0b0-082f-4747-8b7e-656727c01043;TMUS;Dan Newhouse;2025-12-11;2026-01-15;BUY;1001;15000;T-Mobile US, Inc.;spouse;House;capitol-exposed;2026-05-28 03:18:15.637501+00
43559ff3-4287-46b2-b859-6c224cb7774e;GOOGL;Dan Newhouse;2025-12-11;2026-01-15;BUY;1001;15000;Alphabet Inc. - Class A Common Stock (GOOGL);self;House;capitol-exposed;2026-05-28 03:18:15.637501+00
4b14996b-a42b-4ba9-a642-d3260b75ac01;UBER;Josh Gottheimer;2025-12-11;2026-01-14;SELL;1001;15000;Uber Technologies, Inc. Common Stock;joint;House;capitol-exposed;2026-05-28 03:18:15.637501+00
4668f25e-5ed5-4d85-a187-df66e4c9e405;GOOGL;Cleo Fields;2025-12-11;2025-12-17;BUY;100001;250000;Morgan Stanley - E*TRADE #2 Alphabet Inc. - Class A Common Stock;self;House;capitol-exposed;2026-05-28 03:18:15.637501+00
76df837d-fa5f-4aaa-99de-4934b129cc65;MSFT;Cleo Fields;2025-12-11;2025-12-17;BUY;1001;15000;Morgan Stanley - E*TRADE #2 Microsoft Corporation - Common Stock;self;House;capitol-exposed;2026-05-28 03:18:15.637501+00
733f1bb5-a889-4042-a726-452171a3d586;UBER;Cleo Fields;2025-12-11;2025-12-17;SELL;50001;100000;Morgan Stanley - E*TRADE #2 Uber Technologies, Inc. Common Stock;self;House;capitol-exposed;2026-05-28 03:18:15.637501+00
3510289e-5fdc-4d0f-8e61-6122524e4ed6;T;Cleo Fields;2025-12-11;2025-12-17;SELL;15001;50000;Cap. Gains > $200? AT&T Inc.;self;House;capitol-exposed;2026-05-28 03:18:15.637501+00
095fcca2-da1f-4367-b988-2f71a91fb960;ARM;Cleo Fields;2025-12-11;2025-12-17;SELL;50001;100000;Morgan Stanley - E*TRADE #2 Arm Holdings plc - American Depositary Shares;self;House;capitol-exposed;2026-05-28 03:18:15.637501+00
c7cd467c-63a0-4213-8a1a-439be25742fa;NFLX;Gilbert Ray Cisneros, Jr.;2025-12-10;2026-01-12;SELL;1001;15000;Main Street Trust > Bank of America D: Ticker 8306 JP Netflix, Inc. - Common Stock;self;House;capitol-exposed;2026-05-28 03:18:15.637501+00
d9b9b96d-ac25-4591-b10b-ac033433e901;VZ;Tim Moore;2025-12-10;2025-12-19;BUY;15001;50000;Verizon Communications Inc. Common Stock;self;House;capitol-exposed;2026-05-28 03:18:15.637501+00
c7902df1-59a1-4ceb-be7d-e57d3658418a;LLY;David J. Taylor;2025-12-10;2025-12-19;SELL;1001;15000;David Taylor Trust > Sardinia Ready Mix 401(k) - Dave Eli Lilly and Company Common Stock;self;House;capitol-exposed;2026-05-28 03:18:15.637501+00
f07a8c17-6cf1-469a-89a2-42d6d27c7f62;HD;David J. Taylor;2025-12-10;2025-12-19;BUY;1001;15000;David Taylor Trust > Sardinia Ready Mix 401(k) - Dave Home Depot, Inc.;self;House;capitol-exposed;2026-05-28 03:18:15.637501+00
ede9af87-7cf1-4376-a31f-6b5e9bea270e;BA;David Rouzer;2025-12-09;2026-01-07;SELL;1001;15000;2000152831 Boeing Company (BA);self;House;capitol-exposed;2026-05-28 03:18:15.637501+00
9d885a46-05a8-41e8-9c1f-bc0005c3273d;JNJ;Lloyd Doggett;2025-12-09;2026-01-02;BUY;1001;15000;Automatic reinvestment of dividends earned. Johnson & Johnson Common Stock;self;House;capitol-exposed;2026-05-28 03:18:15.637501+00
02989f9b-3fab-406b-a8b9-3ac04a0aff9b;GOOGL;Cleo Fields;2025-12-09;2025-12-17;BUY;50001;100000;Morgan Stanley - E*TRADE #2 Alphabet Inc. - Class A Common Stock;self;House;capitol-exposed;2026-05-28 03:18:15.637501+00
3e74e3fa-ff02-471f-9535-b7a1f2ca1317;ABBV;Julia Letlow;2025-12-08;2026-01-13;SELL;1001;15000;AbbVie Inc. Common Stock;self;House;capitol-exposed;2026-05-28 03:18:15.637501+00
84091fa0-459b-4896-a741-c5f8df6520c2;NFLX;Jonathan L. Jackson;2025-12-08;2026-01-08;SELL;50001;100000;Netflix, Inc. - Common Stock;joint;House;capitol-exposed;2026-05-28 03:18:15.637501+00
2d8d8cec-c619-4b55-bab6-504708ba7fc0;BA;Julie Johnson;2025-12-03;2026-01-15;SELL;1001;15000;Boeing Company;joint;House;capitol-exposed;2026-05-28 03:18:15.637501+00
a99b56c0-5743-40a7-94e0-17af02adb4f4;NFLX;Cleo Fields;2025-12-03;2025-12-17;BUY;1001;15000;Morgan Stanley - E*TRADE #2 Netflix, Inc. - Common Stock;self;House;capitol-exposed;2026-05-28 03:18:15.637501+00
261e1e0f-3829-41dc-8472-1ddae35e08a9;V;David J. Taylor;2025-12-03;2025-12-05;BUY;1001;15000;David Taylor Trust > Sardinia Ready Mix 401(k) - Dave Visa Inc.;self;House;capitol-exposed;2026-05-28 03:18:15.637501+00
b94c1a25-bee9-4105-acf4-d658c3e54caf;PEP;Jared Moskowitz;2025-12-02;2026-01-16;SELL;15001;50000;Morgan Stanley Active Assets (5) Pepsico, Inc.;self;House;capitol-exposed;2026-05-28 03:18:15.637501+00
5270e636-63b9-4335-8672-14d63cbbc941;PEP;Jared Moskowitz;2025-12-02;2026-01-16;SELL;1001;15000;Pepsico, Inc.;child;House;capitol-exposed;2026-05-28 03:18:15.637501+00
b670c83c-23fb-4442-948e-9db141b229e8;PG;Ed Case;2025-12-01;2025-12-24;SELL;1001;15000;Procter & Gamble Company (PG);self;House;capitol-exposed;2026-05-28 03:18:15.637501+00
e45a6c21-12b3-4b1b-a7bd-c7ac11d2b760;WFC;Mitch McConnell;2025-12-01;2025-12-19;BUY;1001;15000;Wells Fargo & Company;self;Senate;capitol-exposed;2026-05-28 03:18:15.637501+00
f2ff9cc7-e916-4567-88b5-e461c067a64b;GOOGL;Cleo Fields;2025-12-01;2025-12-17;BUY;50001;100000;Morgan Stanley - E*TRADE #2 Alphabet Inc. - Class A Common Stock;self;House;capitol-exposed;2026-05-28 03:18:15.637501+00
4a45bde8-a5f3-4d40-ae0e-947943bbc57e;GOOGL;Gilbert Ray Cisneros, Jr.;2025-11-26;2025-12-15;SELL;1001;15000;Main Street Trust > Bank of America Alphabet Inc. - Class A Common Stock;self;House;capitol-exposed;2026-05-28 03:18:15.637501+00
f2fe1e1f-7975-40f7-b4ca-1c032d13f7bd;GOOG;Debbie Dingell;2025-11-24;2025-12-06;BUY;0;0;Alphabet Inc. - Class C Capital Stock (GOOG);self;House;capitol-exposed;2026-05-28 03:18:15.637501+00
81143019-33eb-4486-957d-278247d9283b;AAPL;Debbie Dingell;2025-11-24;2025-12-06;SELL;50001;100000;Morgan Stanley Smith Barney LLC Brokerage Account - Spouse Irrevocable Trust Apple Inc. - Common Stock;self;House;capitol-exposed;2026-05-28 03:18:15.637501+00
2b7b0463-a86a-4017-a808-bf1b8f86386b;HON;Debbie Dingell;2025-11-24;2025-12-06;SELL;15001;50000;Morgan Stanley Smith Barney LLC Brokerage Account - Spouse Irrevocable Trust Honeywell International Inc.;self;House;capitol-exposed;2026-05-28 03:18:15.637501+00
88a41d41-d54b-4d2e-9c1c-14203d90dd8b;GOOG;Debbie Dingell;2025-11-24;2025-12-06;SELL;15001;50000;Alphabet Inc. - Class C Capital Stock;self;House;capitol-exposed;2026-05-28 03:18:15.637501+00
a3f9d8b1-6d22-46d6-aba6-84d013c3c865;MSFT;Dwight Evans;2025-11-21;2025-12-19;SELL;1001;15000;PERSHING LLC Microsoft Corporation - Common Stock;self;House;capitol-exposed;2026-05-28 03:18:15.637501+00
5e3397ad-338a-4a20-9165-552d32906918;NVDA;Dwight Evans;2025-11-21;2025-12-19;BUY;1001;15000;PERSHING LLC NVIDIA Corporation - Common Stock;self;House;capitol-exposed;2026-05-28 03:18:15.637501+00
2646a9c1-3eb3-426b-896b-68c3c0e9fa90;LLY;John Boozman;2025-11-21;2025-12-08;SELL;1001;15000;Eli Lilly and Company;self;Senate;capitol-exposed;2026-05-28 03:18:15.637501+00
200a52fd-464d-4d3c-b915-836c6976bbf3;PYPL;John Boozman;2025-11-21;2025-12-08;BUY;1001;15000;PYPL;self;Senate;capitol-exposed;2026-05-28 03:18:15.637501+00
e77917f2-eb39-4984-a645-a5d9ebb85f71;KO;Sheldon Whitehouse;2025-11-21;2025-12-01;BUY;1001;15000;KO;self;Senate;capitol-exposed;2026-05-28 03:18:15.637501+00
f93998e0-ab81-4f52-8f34-09cbe2867b08;JNJ;Thomas H. Kean, Jr.;2025-11-20;2025-12-19;SELL;15001;50000;Johnson & Johnson Common Stock;self;House;capitol-exposed;2026-05-28 03:18:15.637501+00
1ad17661-17e4-4510-bb95-d843de6adf9c;JNJ;Thomas H. Kean, Jr.;2025-11-20;2025-12-19;BUY;0;0;Johnson & Johnson Common Stock (JNJ);self;House;capitol-exposed;2026-05-28 03:18:15.637501+00
b46974df-73a1-4b2e-a33a-b28619b601ea;NFLX;Cleo Fields;2025-11-20;2025-12-10;BUY;0;0;Netflix, Inc. - Common Stock (NFLX);self;House;capitol-exposed;2026-05-28 03:18:15.637501+00
e4c359c8-cf70-4c6a-96e6-2daace2033fa;NFLX;Cleo Fields;2025-11-20;2025-12-10;BUY;100001;250000;Netflix, Inc. - Common Stock;self;House;capitol-exposed;2026-05-28 03:18:15.637501+00
cc375ed6-4289-4a41-8657-babb62bc8dc1;HD;Josh Gottheimer;2025-11-19;2025-12-29;SELL;1001;15000;Home Depot, Inc.;joint;House;capitol-exposed;2026-05-28 03:18:15.637501+00
1ef06848-8e30-4b1b-b82e-c5ab7fe838e9;VZ;Tim Moore;2025-11-19;2025-12-02;SELL;100001;250000;Verizon Communications Inc. Common Stock;self;House;capitol-exposed;2026-05-28 03:18:15.637501+00
896ba132-63f1-4239-a4a7-793fe58001fd;UPS;Gilbert Ray Cisneros, Jr.;2025-11-18;2025-12-15;BUY;1001;15000;Main Street Trust > Bank of America D: Ticker UCGIM United Parcel Service, Inc. Common Stock;self;House;capitol-exposed;2026-05-28 03:18:15.637501+00
1d624044-a506-4cba-b96a-38dd00dac235;MRK;Gilbert Ray Cisneros, Jr.;2025-11-18;2025-12-15;BUY;1001;15000;Main Street Trust > Bank of America Merck & Company, Inc. Common Stock;self;House;capitol-exposed;2026-05-28 03:18:15.637501+00
25afb70e-c81b-4c75-9248-74dd7b6650fa;UBER;Gilbert Ray Cisneros, Jr.;2025-11-18;2025-12-15;BUY;1001;15000;Main Street Trust > Bank of America Uber Technologies, Inc. Common Stock;self;House;capitol-exposed;2026-05-28 03:18:15.637501+00
be16f6ae-ac90-47e8-9165-997327f24fff;MA;Gilbert Ray Cisneros, Jr.;2025-11-18;2025-12-15;BUY;1001;15000;Main Street Trust > Bank of America Mastercard Incorporated Common Stock;self;House;capitol-exposed;2026-05-28 03:18:15.637501+00
ad5dff03-40fb-43d0-af5d-6748d51be07d;AVGO;Gilbert Ray Cisneros, Jr.;2025-11-18;2025-12-15;BUY;1001;15000;Main Street Trust > Bank of America Broadcom Inc. - Common Stock;self;House;capitol-exposed;2026-05-28 03:18:15.637501+00
485ee9cd-c199-45aa-b790-fac5e308c022;JPM;Gilbert Ray Cisneros, Jr.;2025-11-18;2025-12-15;BUY;1001;15000;Main Street Trust > Bank of America JP Morgan Chase & Co. Common Stock;self;House;capitol-exposed;2026-05-28 03:18:15.637501+00
bafc790c-4231-48ca-bccb-2838d6bfed22;AMD;Gilbert Ray Cisneros, Jr.;2025-11-18;2025-12-15;BUY;15001;50000;Main Street Trust > Bank of America Advanced Micro Devices, Inc.;self;House;capitol-exposed;2026-05-28 03:18:15.637501+00
055c66ee-1e56-4c5a-802e-7f25ff773576;WFC;Gilbert Ray Cisneros, Jr.;2025-11-18;2025-12-15;BUY;1001;15000;Main Street Trust > Wells Fargo Advisors Wells Fargo & Company Common Stock;self;House;capitol-exposed;2026-05-28 03:18:15.637501+00
c040ae5d-ca28-4f21-8ab5-97126852f0e3;MSFT;Gilbert Ray Cisneros, Jr.;2025-11-18;2025-12-15;BUY;50001;100000;Main Street Trust > Bank of America Microsoft Corporation - Common Stock;self;House;capitol-exposed;2026-05-28 03:18:15.637501+00
233a8121-62d6-406e-9d5d-12f7f51c87e5;NVDA;Gilbert Ray Cisneros, Jr.;2025-11-18;2025-12-15;BUY;15001;50000;Main Street Trust > Bank of America NVIDIA Corporation - Common Stock;self;House;capitol-exposed;2026-05-28 03:18:15.637501+00
2936b421-d78d-4cee-b2ea-be09ccc63b2a;HON;Gilbert Ray Cisneros, Jr.;2025-11-18;2025-12-15;BUY;1001;15000;Main Street Trust > Bank of America Honeywell International Inc.;self;House;capitol-exposed;2026-05-28 03:18:15.637501+00
eaf997fe-6152-4cb7-a903-d4c52dfad282;HD;Gilbert Ray Cisneros, Jr.;2025-11-18;2025-12-15;BUY;1001;15000;Main Street Trust > Bank of America D: Ticker RMS FP Home Depot, Inc.;self;House;capitol-exposed;2026-05-28 03:18:15.637501+00
1ac47cc1-cdd9-432b-af37-e61d9cc77aa5;INTC;Gilbert Ray Cisneros, Jr.;2025-11-18;2025-12-15;BUY;1001;15000;Main Street Trust > Bank of America Intel Corporation - Common Stock;self;House;capitol-exposed;2026-05-28 03:18:15.637501+00
dcaaa47b-a5df-44df-844b-66e75e09984e;COIN;Gilbert Ray Cisneros, Jr.;2025-11-18;2025-12-15;BUY;1001;15000;Main Street Trust > Bank of America Coinbase Global, Inc. - Class A Common Stock;self;House;capitol-exposed;2026-05-28 03:18:15.637501+00
14256d8d-45e0-46e0-a828-a87134d1e9be;WMT;Gilbert Ray Cisneros, Jr.;2025-11-18;2025-12-15;BUY;1001;15000;Main Street Trust > Bank of America Walmart Inc. Common Stock;self;House;capitol-exposed;2026-05-28 03:18:15.637501+00
0566fba4-a2ee-46d2-a62a-cc2a09aa55df;AAPL;Gilbert Ray Cisneros, Jr.;2025-11-18;2025-12-15;BUY;1001;15000;Main Street Trust > Bank of America Apple Inc. - Common Stock;self;House;capitol-exposed;2026-05-28 03:18:15.637501+00
8513793f-6f93-4e90-b740-637771233483;AMZN;Gilbert Ray Cisneros, Jr.;2025-11-18;2025-12-15;BUY;15001;50000;Main Street Trust > Bank of America Amazon.com, Inc. - Common Stock;self;House;capitol-exposed;2026-05-28 03:18:15.637501+00
4db678bf-5d5c-40e0-8cba-8a6d440dbaed;CVX;Gilbert Ray Cisneros, Jr.;2025-11-18;2025-12-15;BUY;1001;15000;Main Street Trust > Bank of America Chevron Corporation Common Stock;self;House;capitol-exposed;2026-05-28 03:18:15.637501+00
7213c1ce-7833-4fca-9e6a-3fa08b0ed917;CAT;Gilbert Ray Cisneros, Jr.;2025-11-18;2025-12-15;BUY;1001;15000;Main Street Trust > Bank of America Caterpillar, Inc. Common Stock;self;House;capitol-exposed;2026-05-28 03:18:15.637501+00
f7b955a2-d1bb-43c6-aeb5-ce013380a547;GOOGL;Gilbert Ray Cisneros, Jr.;2025-11-18;2025-12-15;BUY;1001;15000;Main Street Trust > Bank of America D: Ticker ALV GR Alphabet Inc. - Class A Common Stock;self;House;capitol-exposed;2026-05-28 03:18:15.637501+00
b1bbc98d-be8f-410d-a670-a313e5083fba;LLY;Gilbert Ray Cisneros, Jr.;2025-11-18;2025-12-15;BUY;1001;15000;Main Street Trust > Bank of America Eli Lilly and Company Common Stock;self;House;capitol-exposed;2026-05-28 03:18:15.637501+00
4bbf1bb9-9da8-47a2-9327-6772866b675b;TSLA;Gilbert Ray Cisneros, Jr.;2025-11-18;2025-12-15;BUY;1001;15000;Main Street Trust > Bank of America D: Ticker 700 HK Tesla, Inc. - Common Stock;self;House;capitol-exposed;2026-05-28 03:18:15.637501+00
0b7cba41-ced1-411c-ab87-2934289e730d;NFLX;Gilbert Ray Cisneros, Jr.;2025-11-18;2025-12-15;BUY;1001;15000;Main Street Trust > Bank of America Netflix, Inc. - Common Stock;self;House;capitol-exposed;2026-05-28 03:18:15.637501+00
beb49e0c-62df-4a18-b842-7e95b8cf3920;TSM;Gilbert Ray Cisneros, Jr.;2025-11-18;2025-12-15;BUY;1001;15000;Main Street Trust > Bank of America Taiwan Semiconductor Manufacturing Company Ltd.;self;House;capitol-exposed;2026-05-28 03:18:15.637501+00
2d499bfb-b422-4424-a55c-e2af78f17b24;ORCL;Gilbert Ray Cisneros, Jr.;2025-11-18;2025-12-15;BUY;1001;15000;Main Street Trust > Bank of America Oracle Corporation Common Stock;self;House;capitol-exposed;2026-05-28 03:18:15.637501+00
c152c992-5b8e-4e36-812f-3720f2ae3354;PFE;Gilbert Ray Cisneros, Jr.;2025-11-18;2025-12-15;BUY;1001;15000;Main Street Trust > Bank of America Pfizer, Inc. Common Stock;self;House;capitol-exposed;2026-05-28 03:18:15.637501+00
9dd55c0a-d0b0-47d2-84b7-37be620ba065;PLTR;Gilbert Ray Cisneros, Jr.;2025-11-18;2025-12-15;BUY;1001;15000;Main Street Trust > Bank of America Palantir Technologies Inc. Class A Common Stock;self;House;capitol-exposed;2026-05-28 03:18:15.637501+00
499b65a4-497e-47e1-8e26-7da59a9ec10a;LMT;Gilbert Ray Cisneros, Jr.;2025-11-18;2025-12-15;BUY;1001;15000;Main Street Trust > Bank of America Lockheed Martin Corporation Common Stock;self;House;capitol-exposed;2026-05-28 03:18:15.637501+00
75de09f7-b8fa-4cc9-b72b-08189bb7e401;NET;Gilbert Ray Cisneros, Jr.;2025-11-18;2025-12-15;BUY;1001;15000;Main Street Trust > Bank of America Cloudflare, Inc. Class A Common Stock;self;House;capitol-exposed;2026-05-28 03:18:15.637501+00
9ab02220-fcc6-4240-b6a9-bfe2ac316ff8;AMZN;Gilbert Ray Cisneros, Jr.;2025-11-18;2025-12-15;BUY;1001;15000;Main Street Trust > Bank of America Amazon.com, Inc. - Common Stock;self;House;capitol-exposed;2026-05-28 03:18:15.637501+00
836583f1-295d-4f7f-9d3e-c1bbcf5cb08f;PG;Gilbert Ray Cisneros, Jr.;2025-11-18;2025-12-15;BUY;1001;15000;Main Street Trust > Bank of America Procter & Gamble Company;self;House;capitol-exposed;2026-05-28 03:18:15.637501+00
50280876-4ef6-4c40-b54d-dd193e20cb02;AAPL;Ed Case;2025-11-13;2026-04-06;BUY;1001;15000;Apple Inc. - Common Stock;spouse;House;capitol-exposed;2026-05-28 03:18:15.637501+00
105586ce-b413-494a-8223-24a52017cd13;UNH;Julie Johnson;2025-11-13;2025-12-11;SELL;1001;15000;UnitedHealth Group Incorporated Common Stock;joint;House;capitol-exposed;2026-05-28 03:18:15.637501+00
f7899de9-aa7b-420b-9902-9584e7913410;RTX;Julie Johnson;2025-11-13;2025-12-11;SELL;1001;15000;RTX Corporation Common Stock;joint;House;capitol-exposed;2026-05-28 03:18:15.637501+00
b76562d2-0945-4707-b855-911f74775bf6;CVX;Julie Johnson;2025-11-13;2025-12-11;SELL;1001;15000;Chevron Corporation Common Stock;joint;House;capitol-exposed;2026-05-28 03:18:15.637501+00
70eb5b93-a418-4dea-8424-fe8185764a15;MMM;Julie Johnson;2025-11-13;2025-12-11;BUY;1001;15000;3M Company Common Stock (MMM);self;House;capitol-exposed;2026-05-28 03:18:15.637501+00
d1aacd13-086e-4bda-9e23-7dd19f1e7df3;PEP;Julie Johnson;2025-11-13;2025-12-11;SELL;1001;15000;Pepsico, Inc.;joint;House;capitol-exposed;2026-05-28 03:18:15.637501+00
4626177b-d383-4b75-b588-86e3efc67d43;ABBV;Julie Johnson;2025-11-13;2025-12-11;SELL;1001;15000;AbbVie Inc. Common Stock;joint;House;capitol-exposed;2026-05-28 03:18:15.637501+00
4eaedf22-a0bb-4738-9116-0b2dcb099d77;WFC;Julie Johnson;2025-11-13;2025-12-11;SELL;1001;15000;Wells Fargo & Company Common Stock;joint;House;capitol-exposed;2026-05-28 03:18:15.637501+00
eec57389-f591-4fa5-a24b-a1764294ae71;VZ;Julie Johnson;2025-11-13;2025-12-11;SELL;1001;15000;Verizon Communications Inc. Common Stock;joint;House;capitol-exposed;2026-05-28 03:18:15.637501+00
9eb9f708-b004-4f86-90e2-018ab27f1544;MMM;Julie Johnson;2025-11-13;2025-12-11;SELL;1001;15000;3M Company Common Stock;joint;House;capitol-exposed;2026-05-28 03:18:15.637501+00
d4303707-493f-4437-8f97-8b135f1fa521;LLY;Julie Johnson;2025-11-13;2025-12-11;SELL;1001;15000;Eli Lilly and Company Common Stock;joint;House;capitol-exposed;2026-05-28 03:18:15.637501+00
eb7d9af0-37c3-499e-a036-17be790d1ef4;WMT;Julie Johnson;2025-11-13;2025-12-11;SELL;1001;15000;Walmart Inc. Common Stock;joint;House;capitol-exposed;2026-05-28 03:18:15.637501+00
cb10745b-8958-49be-ba9c-c3d16b2a0ddd;GOOG;Julie Johnson;2025-11-13;2025-12-11;SELL;1001;15000;Alphabet Inc. - Class C Capital Stock;joint;House;capitol-exposed;2026-05-28 03:18:15.637501+00
5c024992-af26-411d-b91a-c5f9a34163ee;HD;Julie Johnson;2025-11-13;2025-12-11;SELL;1001;15000;Home Depot, Inc.;joint;House;capitol-exposed;2026-05-28 03:18:15.637501+00
8c2daf23-bcff-4503-95a0-3d4748aa2bd0;JNJ;Julie Johnson;2025-11-13;2025-12-11;SELL;1001;15000;Johnson & Johnson Common Stock;joint;House;capitol-exposed;2026-05-28 03:18:15.637501+00
01e65807-3d6d-41cc-8c1e-b7f56066767b;MCD;Julie Johnson;2025-11-13;2025-12-11;SELL;1001;15000;McDonald's Corporation Common Stock;joint;House;capitol-exposed;2026-05-28 03:18:15.637501+00
e1d4d922-2fb4-45a4-846c-107f8584f973;MRK;Julie Johnson;2025-11-13;2025-12-11;SELL;1001;15000;Merck & Company, Inc. Common Stock;joint;House;capitol-exposed;2026-05-28 03:18:15.637501+00
638fa61a-782c-4615-a680-c81b084f3722;MSFT;Julie Johnson;2025-11-13;2025-12-11;SELL;1001;15000;Microsoft Corporation - Common Stock;joint;House;capitol-exposed;2026-05-28 03:18:15.637501+00
f1ecf484-9993-4e18-8ac2-f8aeb52a5f53;PG;Julie Johnson;2025-11-13;2025-12-11;SELL;1001;15000;Procter & Gamble Company;joint;House;capitol-exposed;2026-05-28 03:18:15.637501+00
bd630b68-d804-4da2-80fd-fa930b1db1fc;BAC;Julie Johnson;2025-11-13;2025-12-11;SELL;1001;15000;Bank of America Corporation Common Stock;joint;House;capitol-exposed;2026-05-28 03:18:15.637501+00
542242c5-f934-4916-a13d-206df1a12f53;COP;Julie Johnson;2025-11-13;2025-12-11;SELL;1001;15000;ConocoPhillips Common Stock;joint;House;capitol-exposed;2026-05-28 03:18:15.637501+00
e62cf307-a8c3-46c5-929b-64d2f3ec1c3c;GD;Julie Johnson;2025-11-13;2025-12-11;SELL;1001;15000;General Dynamics Corporation Common Stock;joint;House;capitol-exposed;2026-05-28 03:18:15.637501+00
c56e813d-0acc-44f3-aa54-a2d2243418b4;GS;Julie Johnson;2025-11-13;2025-12-11;SELL;1001;15000;Goldman Sachs Group, Inc.;joint;House;capitol-exposed;2026-05-28 03:18:15.637501+00
518b529e-61f3-458c-a50c-7b5a79f7188e;AMZN;John Boozman;2025-11-13;2025-12-08;BUY;1001;15000;AMZN;self;Senate;capitol-exposed;2026-05-28 03:18:15.637501+00
4edf44ae-3fae-49c2-a66b-3072ad97909d;CRM;John Boozman;2025-11-13;2025-12-08;SELL;1001;15000;CRM;self;Senate;capitol-exposed;2026-05-28 03:18:15.637501+00
e311ce47-478b-4066-9f80-19c1f469f588;META;Shelley Moore Capito;2025-11-13;2025-12-04;BUY;1001;15000;Meta Platforms Inc;self;Senate;capitol-exposed;2026-05-28 03:18:15.637501+00
70a34b50-92b3-4600-b38e-7891d590005b;AAPL;Cleo Fields;2025-11-13;2025-11-19;BUY;1001;15000;Apple Inc. - Common Stock (AAPL);self;House;capitol-exposed;2026-05-28 03:18:15.637501+00
36c39619-51c8-4d8c-85d7-9fe62bfb5626;BA;Gilbert Ray Cisneros, Jr.;2025-11-12;2025-12-15;SELL;1001;15000;Main Street Trust > Bank of America Boeing Company;self;House;capitol-exposed;2026-05-28 03:18:15.637501+00
05561704-a5aa-4e7f-bfa9-c0487c354466;MSFT;Gilbert Ray Cisneros, Jr.;2025-11-12;2025-12-15;BUY;1001;15000;Main Street Trust > Bank of America Microsoft Corporation - Common Stock;self;House;capitol-exposed;2026-05-28 03:18:15.637501+00
96245a39-2c2b-42bc-9ac3-618c2f64468c;UNH;Gilbert Ray Cisneros, Jr.;2025-11-12;2025-12-15;SELL;1001;15000;Main Street Trust > Bank of America UnitedHealth Group Incorporated Common Stock;self;House;capitol-exposed;2026-05-28 03:18:15.637501+00
22b11ac4-c9c4-441c-852b-843df3dd5e4e;V;David J. Taylor;2025-11-12;2025-11-18;BUY;1001;15000;David Taylor Trust > Schwab Joint Brokerage #1 (Home Grown) Visa Inc.;self;House;capitol-exposed;2026-05-28 03:18:15.637501+00
f03e7f20-9b08-4676-9723-14e0fd18f44a;TMUS;Jonathan L. Jackson;2025-11-11;2025-12-05;SELL;1001;15000;T-Mobile US, Inc.;spouse;House;capitol-exposed;2026-05-28 03:18:15.637501+00
ff53b8ca-1eba-49c3-bcd7-6e850b02c3b3;META;Jonathan L. Jackson;2025-11-11;2025-12-05;SELL;1001;15000;Meta Platforms, Inc. - Class A Common Stock;spouse;House;capitol-exposed;2026-05-28 03:18:15.637501+00
12b169a9-2a2a-44b6-9e9e-fea13e181f60;HD;David J. Taylor;2025-11-11;2025-11-18;BUY;1001;15000;David Taylor Trust > Schwab Joint Brokerage #1 (Home Grown) Home Depot, Inc.;self;House;capitol-exposed;2026-05-28 03:18:15.637501+00
80e3605f-6315-45fc-ad37-9db27b511870;GS;Ted Cruz;2025-11-11;2025-11-12;SELL;100001;250000;GS;self;Senate;capitol-exposed;2026-05-28 03:18:15.637501+00
3fe70177-1525-4b9c-bf22-cddb551ec2e4;GOOG;Katie Boyd Britt;2025-11-07;2026-01-26;SELL;1001;15000;GOOG;self;Senate;capitol-exposed;2026-05-28 03:18:15.637501+00
987e9bed-0f9a-486a-b7a3-6188cedae17a;AAPL;Katie Boyd Britt;2025-11-07;2026-01-26;SELL;1001;15000;AAPL;self;Senate;capitol-exposed;2026-05-28 03:18:15.637501+00
dc006901-19d0-4281-a0f6-6ed40cf020cd;NVDA;Katie Boyd Britt;2025-11-07;2026-01-26;SELL;1001;15000;NVDA;self;Senate;capitol-exposed;2026-05-28 03:18:15.637501+00
b2110d17-6132-4d50-8b3c-b7c0e7429b31;AMZN;Katie Boyd Britt;2025-11-07;2026-01-26;SELL;1001;15000;AMZN;self;Senate;capitol-exposed;2026-05-28 03:18:15.637501+00
c250020e-61f4-4000-9d98-025ef82af890;V;Katie Boyd Britt;2025-11-07;2026-01-26;BUY;1001;15000;Visa Inc;self;Senate;capitol-exposed;2026-05-28 03:18:15.637501+00
c71488b0-4b6d-4ee0-9641-9329699c1093;UPS;Katie Boyd Britt;2025-11-07;2026-01-26;BUY;1001;15000;United Parcel Service;self;Senate;capitol-exposed;2026-05-28 03:18:15.637501+00
84c63bcd-5f00-4f79-87f4-665ca4815f9d;NOW;Gilbert Ray Cisneros, Jr.;2025-11-07;2025-12-15;SELL;1001;15000;Main Street Trust > Bank of America D: Ticker SU FP ServiceNow, Inc. Common Stock;self;House;capitol-exposed;2026-05-28 03:18:15.637501+00
cfcbf614-29cb-41ae-9564-4bd72b5bc2b1;PLTR;Gilbert Ray Cisneros, Jr.;2025-11-07;2025-12-15;BUY;1001;15000;Main Street Trust > Bank of America Palantir Technologies Inc. - Class A Common Stock;self;House;capitol-exposed;2026-05-28 03:18:15.637501+00
2d0afee4-e634-417b-b85c-a6e7ee4d5793;V;Richard McCormick;2025-11-05;2025-12-09;BUY;1001;15000;Visa Inc.;self;House;capitol-exposed;2026-05-28 03:18:15.637501+00
d59eb0f3-70a6-490a-a599-8e86f9b89fe3;WMT;Richard McCormick;2025-11-05;2025-12-09;BUY;1001;15000;Walmart Inc. Common Stock;self;House;capitol-exposed;2026-05-28 03:18:15.637501+00
04668c9d-cbdb-42aa-80de-fb5f9994be04;PEP;Richard McCormick;2025-11-05;2025-12-09;BUY;1001;15000;Pepsico, Inc.;self;House;capitol-exposed;2026-05-28 03:18:15.637501+00
bf2b4984-19a7-4bd5-8ddd-6386b7398b52;HD;Richard McCormick;2025-11-05;2025-12-09;BUY;1001;15000;Home Depot, Inc.;self;House;capitol-exposed;2026-05-28 03:18:15.637501+00
91833cb1-6c0f-4ad2-b094-9d0f4ce0226c;UNH;Richard McCormick;2025-11-05;2025-12-09;BUY;1001;15000;UnitedHealth Group Incorporated Common Stock;self;House;capitol-exposed;2026-05-28 03:18:15.637501+00
08f82f5e-19b9-4a31-bd8a-6e7fb684772c;PG;Richard McCormick;2025-11-05;2025-12-09;BUY;1001;15000;Procter & Gamble Company;self;House;capitol-exposed;2026-05-28 03:18:15.637501+00
cfd3d204-0064-4d46-84f3-a0c1dba0bacb;MSFT;Richard McCormick;2025-11-05;2025-12-09;BUY;1001;15000;Microsoft Corporation - Common Stock;self;House;capitol-exposed;2026-05-28 03:18:15.637501+00
95935656-cc42-4e0a-b36d-38c6d8300b16;JNJ;Richard McCormick;2025-11-05;2025-12-09;BUY;1001;15000;Johnson & Johnson Common Stock;self;House;capitol-exposed;2026-05-28 03:18:15.637501+00
e830d657-292b-44e7-9926-4b53fad16250;AAPL;Richard McCormick;2025-11-05;2025-12-09;BUY;1001;15000;Apple Inc. - Common Stock;self;House;capitol-exposed;2026-05-28 03:18:15.637501+00
03bc47f5-6268-4c99-9558-53f3f4df4032;MCD;Richard McCormick;2025-11-05;2025-12-09;BUY;1001;15000;McDonald's Corporation Common Stock;self;House;capitol-exposed;2026-05-28 03:18:15.637501+00
c54620c0-eab9-4cf4-90ba-a0a3d4a2654b;COST;Richard McCormick;2025-11-05;2025-12-09;BUY;1001;15000;Costco Wholesale Corporation - Common Stock;self;House;capitol-exposed;2026-05-28 03:18:15.637501+00
910caedf-4dc3-4a74-bc0c-81719e263258;VZ;Tim Moore;2025-11-05;2025-12-02;BUY;15001;50000;Verizon Communications Inc. Common Stock;self;House;capitol-exposed;2026-05-28 03:18:15.637501+00
a315b0a1-e513-448d-b988-1e214ca5f856;KO;Julia Letlow;2025-11-03;2026-01-13;BUY;1001;15000;Coca-Cola Company;self;House;capitol-exposed;2026-05-28 03:18:15.637501+00
0805b1b5-be4d-4e36-8367-af59631eb67c;DIS;Julia Letlow;2025-11-03;2026-01-13;BUY;1001;15000;Corporate Bond Walt Disney Company;self;House;capitol-exposed;2026-05-28 03:18:15.637501+00
6ab07174-36fa-4a2a-8473-412caae196f8;ADBE;Julie Johnson;2025-11-03;2025-12-11;SELL;1001;15000;Adobe Inc. - Common Stock;joint;House;capitol-exposed;2026-05-28 03:18:15.637501+00
c17e2103-a0b1-4348-8251-21afedb4a6bf;TMUS;Markwayne Mullin;2025-11-03;2025-11-21;SELL;50001;100000;T-Mobile US, Inc. - Common Stock;self;Senate;capitol-exposed;2026-05-28 03:18:15.637501+00
c6865508-7b92-4125-af7b-51acf1e8c691;MSFT;Markwayne Mullin;2025-11-03;2025-11-21;BUY;250001;500000;MSFT;self;Senate;capitol-exposed;2026-05-28 03:18:15.637501+00
70a8714b-3493-4741-96ee-6108a897eb2b;NFLX;Cleo Fields;2025-11-03;2025-11-19;BUY;100001;250000;Morgan Stanley - E*TRADE #2 Netflix, Inc. - Common Stock;self;House;capitol-exposed;2026-05-28 03:18:15.637501+00
e17cdb32-1278-48d2-adee-5c8349161a30;GOOGL;David J. Taylor;2025-11-03;2025-11-18;SELL;1001;15000;Alphabet Inc. - Class A Common Stock (GOOGL);self;House;capitol-exposed;2026-05-28 03:18:15.637501+00
f91cd78d-bdb4-49c5-8d2a-27050f6c5900;WMT;Lisa C. McClain;2025-10-31;2025-11-21;SELL;1001;15000;Walmart Inc. Common Stock;spouse;House;capitol-exposed;2026-05-28 03:18:15.637501+00
a7b5ded1-778e-433a-96ea-9efa98180d3a;GOOG;Lisa C. McClain;2025-10-31;2025-11-21;SELL;1001;15000;Alphabet Inc. - Class C Capital Stock;spouse;House;capitol-exposed;2026-05-28 03:18:15.637501+00
658fc792-036f-4277-bc24-21039ebf27ff;AAPL;Lisa C. McClain;2025-10-31;2025-11-21;SELL;15001;50000;Apple Inc. - Common Stock;spouse;House;capitol-exposed;2026-05-28 03:18:15.637501+00
722f8c93-49fc-4b18-a54e-49c380009fd5;BAC;Lisa C. McClain;2025-10-31;2025-11-21;SELL;1001;15000;Bank of America Corporation Common Stock;spouse;House;capitol-exposed;2026-05-28 03:18:15.637501+00
ee304146-7487-4138-9f7b-f192c7cd99a8;GOOGL;Lisa C. McClain;2025-10-31;2025-11-21;SELL;1001;15000;Alphabet Inc. - Class A Common Stock;spouse;House;capitol-exposed;2026-05-28 03:18:15.637501+00
65dc175d-0bf4-4aec-a79b-8c22912a7ea4;UBER;Lisa C. McClain;2025-10-31;2025-11-21;SELL;1001;15000;Uber Technologies, Inc. Common Stock;spouse;House;capitol-exposed;2026-05-28 03:18:15.637501+00
bf7417e3-c0b7-4e1f-a54d-b8d2a9b4adfd;TSLA;Lisa C. McClain;2025-10-31;2025-11-21;SELL;1001;15000;Tesla, Inc. - Common Stock;spouse;House;capitol-exposed;2026-05-28 03:18:15.637501+00
d866aeb9-2213-459b-9215-428981773fd7;PEP;Lisa C. McClain;2025-10-31;2025-11-21;SELL;1001;15000;Pepsico, Inc.;spouse;House;capitol-exposed;2026-05-28 03:18:15.637501+00
506b96f8-5e79-4577-ab9d-fa42525c08bf;MCD;Lisa C. McClain;2025-10-31;2025-11-21;SELL;1001;15000;McDonald's Corporation Common Stock;spouse;House;capitol-exposed;2026-05-28 03:18:15.637501+00
a2ac9a57-8e91-4e28-8814-238e83adb39f;META;Lisa C. McClain;2025-10-31;2025-11-21;SELL;1001;15000;Meta Platforms, Inc. - Class A Common Stock;spouse;House;capitol-exposed;2026-05-28 03:18:15.637501+00
930873a1-cd0b-49a3-80df-4e882368053e;MSFT;Lisa C. McClain;2025-10-31;2025-11-21;SELL;15001;50000;Microsoft Corporation - Common Stock;spouse;House;capitol-exposed;2026-05-28 03:18:15.637501+00
f2dbe7eb-4bbc-487b-aa89-2bf813968524;NVDA;Lisa C. McClain;2025-10-31;2025-11-21;SELL;15001;50000;NVIDIA Corporation - Common Stock;spouse;House;capitol-exposed;2026-05-28 03:18:15.637501+00
2bf6ede5-de4a-4678-b25e-ca0373e88b74;V;Lisa C. McClain;2025-10-31;2025-11-21;SELL;1001;15000;Visa Inc.;spouse;House;capitol-exposed;2026-05-28 03:18:15.637501+00
be7be200-6564-454e-b375-62a13c59b89e;GS;Lisa C. McClain;2025-10-31;2025-11-21;SELL;1001;15000;Goldman Sachs Group, Inc.;spouse;House;capitol-exposed;2026-05-28 03:18:15.637501+00
350c13fa-53f1-47a7-a98b-639c163593a6;TMUS;Lisa C. McClain;2025-10-31;2025-11-21;SELL;1001;15000;T-Mobile US, Inc.;spouse;House;capitol-exposed;2026-05-28 03:18:15.637501+00
2cedc586-6c10-479d-9e18-f5c8ef54de07;AMD;Lisa C. McClain;2025-10-31;2025-11-21;SELL;1001;15000;Advanced Micro Devices, Inc.;spouse;House;capitol-exposed;2026-05-28 03:18:15.637501+00
8cec215a-be80-4515-a8f7-a03815dd3c9c;JPM;Lisa C. McClain;2025-10-31;2025-11-21;SELL;1001;15000;JP Morgan Chase & Co. Common Stock;spouse;House;capitol-exposed;2026-05-28 03:18:15.637501+00
1b40fdf5-51d7-44b3-8371-e83e47bfeeb5;ABBV;Lisa C. McClain;2025-10-31;2025-11-21;SELL;1001;15000;AbbVie Inc. Common Stock;spouse;House;capitol-exposed;2026-05-28 03:18:15.637501+00
89194ab4-348f-451d-969e-7a430b366f28;XOM;Lisa C. McClain;2025-10-31;2025-11-21;SELL;1001;15000;Exxon Mobil Corporation Common Stock;spouse;House;capitol-exposed;2026-05-28 03:18:15.637501+00
c0c06eaa-945d-44b7-8bd5-cd714669e6b0;PLTR;Lisa C. McClain;2025-10-31;2025-11-21;SELL;1001;15000;Palantir Technologies Inc. - Class A Common Stock;spouse;House;capitol-exposed;2026-05-28 03:18:15.637501+00
7a507e6c-ad95-4c18-a85d-097c6f44a9e9;AVGO;Lisa C. McClain;2025-10-31;2025-11-21;SELL;1001;15000;Broadcom Inc. - Common Stock;spouse;House;capitol-exposed;2026-05-28 03:18:15.637501+00
2ce16726-8112-49a5-88b4-198c95cbfcaa;KO;Lisa C. McClain;2025-10-31;2025-11-21;SELL;1001;15000;Coca-Cola Company;spouse;House;capitol-exposed;2026-05-28 03:18:15.637501+00
836183be-fe26-4be8-8a76-f6a85e5b0b07;COP;Lisa C. McClain;2025-10-31;2025-11-21;SELL;1001;15000;ConocoPhillips Common Stock;spouse;House;capitol-exposed;2026-05-28 03:18:15.637501+00
2a96ae3f-b8d4-40c5-87be-999f4996196e;JNJ;Lisa C. McClain;2025-10-31;2025-11-21;SELL;1001;15000;Johnson & Johnson Common Stock;spouse;House;capitol-exposed;2026-05-28 03:18:15.637501+00
90d2db54-558c-4255-8ba7-632f414933bc;ORCL;Lisa C. McClain;2025-10-31;2025-11-21;SELL;1001;15000;Oracle Corporation Common Stock;spouse;House;capitol-exposed;2026-05-28 03:18:15.637501+00
58e4da45-8c18-43ab-a643-7c4377515985;TSM;Lisa C. McClain;2025-10-31;2025-11-21;SELL;1001;15000;Taiwan Semiconductor Manufacturing Company Ltd.;spouse;House;capitol-exposed;2026-05-28 03:18:15.637501+00
a870befe-9637-4691-9b4d-34cf9327c59f;UNH;Lisa C. McClain;2025-10-31;2025-11-21;SELL;1001;15000;UnitedHealth Group Incorporated Common Stock;spouse;House;capitol-exposed;2026-05-28 03:18:15.637501+00
357088bb-4d0c-457f-b964-56ff88682fd4;NFLX;Lisa C. McClain;2025-10-31;2025-11-21;SELL;1001;15000;Netflix, Inc. - Common Stock;spouse;House;capitol-exposed;2026-05-28 03:18:15.637501+00
eb71d5d0-ebe5-4c92-904f-f4ad10756d53;META;John Boozman;2025-10-31;2025-11-15;BUY;1001;15000;META;self;Senate;capitol-exposed;2026-05-28 03:18:15.637501+00
d8f2c966-4789-4779-b20e-2c10ed1c4e2e;GOOG;Julie Johnson;2025-10-31;2025-11-14;BUY;1001;15000;Alphabet Inc. - Class C Capital Stock;joint;House;capitol-exposed;2026-05-28 03:18:15.637501+00
5cae032a-88bc-4a51-a252-d107cab92263;NFLX;Cleo Fields;2025-10-31;2025-11-12;BUY;100001;250000;Cap. Gains > $200? Netflix, Inc. - Common Stock;self;House;capitol-exposed;2026-05-28 03:18:15.637501+00
48e9dd02-0548-41b1-b0ed-e67ab02b5edb;VZ;Tim Moore;2025-10-31;2025-11-12;BUY;15001;50000;Schwab One Verizon Communications Inc. Common Stock;self;House;capitol-exposed;2026-05-28 03:18:15.637501+00
0faf9b2b-d902-467a-848d-8cfd0338b4b1;TSM;Lisa C. McClain;2025-10-30;2025-11-21;BUY;1001;15000;Taiwan Semiconductor Manufacturing Company Ltd.;spouse;House;capitol-exposed;2026-05-28 03:18:15.637501+00
bedd2bb3-2788-4f49-ae83-ccc87dac450c;NFLX;Lisa C. McClain;2025-10-30;2025-11-21;BUY;1001;15000;Netflix, Inc. - Common Stock;spouse;House;capitol-exposed;2026-05-28 03:18:15.637501+00
95fd8bd1-d0e3-4600-b810-f58c054ee375;GOOG;Lisa C. McClain;2025-10-30;2025-11-21;BUY;1001;15000;Alphabet Inc. - Class C Capital Stock;spouse;House;capitol-exposed;2026-05-28 03:18:15.637501+00
5292f7a5-77f3-4f9b-8abf-e8ebfbab5c83;GOOG;Lisa C. McClain;2025-10-30;2025-11-21;SELL;1001;15000;Alphabet Inc. - Class C Capital Stock;spouse;House;capitol-exposed;2026-05-28 03:18:15.637501+00
0fe7e0a6-e299-4f5b-a2e9-48ae304dbce2;TSM;Lisa C. McClain;2025-10-30;2025-11-21;SELL;1001;15000;Taiwan Semiconductor Manufacturing Company Ltd.;spouse;House;capitol-exposed;2026-05-28 03:18:15.637501+00
da1ac6b4-768a-4bcc-8738-aa2de58262f9;TMUS;Lisa C. McClain;2025-10-30;2025-11-21;BUY;1001;15000;T-Mobile US, Inc.;spouse;House;capitol-exposed;2026-05-28 03:18:15.637501+00
a5b8ce18-d528-4713-8b4a-c276179b1296;MCD;Lisa C. McClain;2025-10-30;2025-11-21;BUY;1001;15000;McDonald's Corporation Common Stock;spouse;House;capitol-exposed;2026-05-28 03:18:15.637501+00
a17ed740-b07e-4e7d-92a9-5e8b315796dd;XOM;Lisa C. McClain;2025-10-30;2025-11-21;SELL;1001;15000;Exxon Mobil Corporation Common Stock;spouse;House;capitol-exposed;2026-05-28 03:18:15.637501+00
5114537f-595c-4145-b163-c8e5c95c1e3c;UBER;Lisa C. McClain;2025-10-30;2025-11-21;SELL;1001;15000;Uber Technologies, Inc. Common Stock;spouse;House;capitol-exposed;2026-05-28 03:18:15.637501+00
120efc20-c1c9-40f1-bdf2-172e06a9d19b;KO;Lisa C. McClain;2025-10-30;2025-11-21;SELL;1001;15000;Coca-Cola Company;spouse;House;capitol-exposed;2026-05-28 03:18:15.637501+00
a62e58f3-3e62-42b3-a1ae-a857d563f8fe;BAC;Lisa C. McClain;2025-10-30;2025-11-21;BUY;1001;15000;Bank of America Corporation Common Stock;spouse;House;capitol-exposed;2026-05-28 03:18:15.637501+00
880f69fb-dac6-42c7-8598-a84982707816;ABBV;Lisa C. McClain;2025-10-30;2025-11-21;BUY;1001;15000;AbbVie Inc. Common Stock;spouse;House;capitol-exposed;2026-05-28 03:18:15.637501+00
61a05b5b-80a5-4e95-b0aa-4123a4cb86f3;AAPL;Lisa C. McClain;2025-10-30;2025-11-21;SELL;15001;50000;Apple Inc. - Common Stock;spouse;House;capitol-exposed;2026-05-28 03:18:15.637501+00
554156da-bdbc-4eb8-9e6f-282293157010;AAPL;Lisa C. McClain;2025-10-30;2025-11-21;BUY;15001;50000;Apple Inc. - Common Stock;spouse;House;capitol-exposed;2026-05-28 03:18:15.637501+00
bb9734ae-67da-431d-bd16-bae6585e9f90;UBER;Lisa C. McClain;2025-10-30;2025-11-21;BUY;1001;15000;Uber Technologies, Inc. Common Stock;spouse;House;capitol-exposed;2026-05-28 03:18:15.637501+00
fdc227ef-6d06-4d7e-bd9e-c779a475a427;TSLA;Lisa C. McClain;2025-10-30;2025-11-21;SELL;1001;15000;Tesla, Inc. - Common Stock;spouse;House;capitol-exposed;2026-05-28 03:18:15.637501+00
f7e05e22-3266-4a0e-81dd-8c33a5239440;PEP;Lisa C. McClain;2025-10-30;2025-11-21;BUY;1001;15000;Pepsico, Inc.;spouse;House;capitol-exposed;2026-05-28 03:18:15.637501+00
5765066e-ce06-43f7-b71a-abc9cdd6d126;MSFT;Lisa C. McClain;2025-10-30;2025-11-21;BUY;15001;50000;Microsoft Corporation - Common Stock;spouse;House;capitol-exposed;2026-05-28 03:18:15.637501+00
c282c957-14f3-4c46-8a6a-9aeedfd2184f;MSFT;Lisa C. McClain;2025-10-30;2025-11-21;SELL;15001;50000;Microsoft Corporation - Common Stock;spouse;House;capitol-exposed;2026-05-28 03:18:15.637501+00
f865c51c-8cec-4ca1-b323-573ba7434019;META;Lisa C. McClain;2025-10-30;2025-11-21;SELL;1001;15000;Meta Platforms, Inc. - Class A Common Stock;spouse;House;capitol-exposed;2026-05-28 03:18:15.637501+00
effc150d-40a3-433d-8c2c-5feda806a76e;JPM;Lisa C. McClain;2025-10-30;2025-11-21;SELL;1001;15000;JP Morgan Chase & Co. Common Stock;spouse;House;capitol-exposed;2026-05-28 03:18:15.637501+00
0e8fd95d-61d8-47ca-840c-936583ef8efa;JPM;Lisa C. McClain;2025-10-30;2025-11-21;BUY;1001;15000;JP Morgan Chase & Co. Common Stock;spouse;House;capitol-exposed;2026-05-28 03:18:15.637501+00
72cff334-455f-4660-9360-c8fd95f37e96;GS;Lisa C. McClain;2025-10-30;2025-11-21;SELL;1001;15000;Goldman Sachs Group, Inc.;spouse;House;capitol-exposed;2026-05-28 03:18:15.637501+00
137548c2-7898-464d-b61e-5911bbedc7d6;COP;Lisa C. McClain;2025-10-30;2025-11-21;BUY;1001;15000;ConocoPhillips Common Stock;spouse;House;capitol-exposed;2026-05-28 03:18:15.637501+00
8d233d29-7f42-4768-9776-e4f748c8d174;AVGO;Lisa C. McClain;2025-10-30;2025-11-21;BUY;1001;15000;Broadcom Inc. - Common Stock;spouse;House;capitol-exposed;2026-05-28 03:18:15.637501+00
98a7ec46-8bb9-4a21-b04a-afbf2838b2e9;META;Lisa C. McClain;2025-10-30;2025-11-21;BUY;1001;15000;Meta Platforms, Inc. - Class A Common Stock;spouse;House;capitol-exposed;2026-05-28 03:18:15.637501+00
ce1fb54b-aa65-4cda-a3dc-173e24af8952;UNH;Lisa C. McClain;2025-10-30;2025-11-21;BUY;1001;15000;UnitedHealth Group Incorporated Common Stock;spouse;House;capitol-exposed;2026-05-28 03:18:15.637501+00
8a0c4aa1-14a6-432b-bba3-329eda8202e2;GS;Lisa C. McClain;2025-10-30;2025-11-21;BUY;1001;15000;Goldman Sachs Group, Inc.;spouse;House;capitol-exposed;2026-05-28 03:18:15.637501+00
d7e964fa-9e2a-400b-9dfc-0bfbf540ed74;ORCL;Lisa C. McClain;2025-10-30;2025-11-21;SELL;1001;15000;Oracle Corporation Common Stock;spouse;House;capitol-exposed;2026-05-28 03:18:15.637501+00
742c61c1-f382-4361-96c2-9167427a2bdf;NFLX;Lisa C. McClain;2025-10-30;2025-11-21;SELL;1001;15000;Netflix, Inc. - Common Stock;spouse;House;capitol-exposed;2026-05-28 03:18:15.637501+00
2299e1c7-6083-40b6-badd-a54c56f552f0;KO;Lisa C. McClain;2025-10-30;2025-11-21;BUY;1001;15000;Coca-Cola Company;spouse;House;capitol-exposed;2026-05-28 03:18:15.637501+00
8e5326b8-de10-488b-83a8-94c6690b7fb6;ABBV;Lisa C. McClain;2025-10-30;2025-11-21;SELL;1001;15000;AbbVie Inc. Common Stock (ABBV);self;House;capitol-exposed;2026-05-28 03:18:15.637501+00
ab0db1be-1f60-4141-af16-b4890fa4ba57;AMD;Lisa C. McClain;2025-10-30;2025-11-21;SELL;1001;15000;Advanced Micro Devices, Inc.;spouse;House;capitol-exposed;2026-05-28 03:18:15.637501+00
a199265d-66a6-4246-8a80-a96c177761bf;V;Lisa C. McClain;2025-10-30;2025-11-21;BUY;1001;15000;Visa Inc.;spouse;House;capitol-exposed;2026-05-28 03:18:15.637501+00
ab6a9ae2-fdd5-4019-85b4-d88ae4ee1df8;UNH;Lisa C. McClain;2025-10-30;2025-11-21;SELL;1001;15000;UnitedHealth Group Incorporated Common Stock;spouse;House;capitol-exposed;2026-05-28 03:18:15.637501+00
c04e1511-8537-40a0-820d-159ede565047;AMD;Lisa C. McClain;2025-10-30;2025-11-21;BUY;1001;15000;Advanced Micro Devices, Inc.;spouse;House;capitol-exposed;2026-05-28 03:18:15.637501+00
54acac46-d744-4438-9c09-ffea946a2aed;V;Lisa C. McClain;2025-10-30;2025-11-21;SELL;1001;15000;Visa Inc.;spouse;House;capitol-exposed;2026-05-28 03:18:15.637501+00
2b2d1834-28d9-4ed0-86dc-c02ee960f8b3;GOOGL;Lisa C. McClain;2025-10-30;2025-11-21;SELL;1001;15000;Alphabet Inc. - Class A Common Stock;spouse;House;capitol-exposed;2026-05-28 03:18:15.637501+00
a4d0f0ae-18d1-404f-a39e-f142dfc7a3ec;XOM;Lisa C. McClain;2025-10-30;2025-11-21;BUY;1001;15000;Exxon Mobil Corporation Common Stock;spouse;House;capitol-exposed;2026-05-28 03:18:15.637501+00
8d34298c-db4f-4745-85c1-deb36b616e6e;PLTR;Lisa C. McClain;2025-10-30;2025-11-21;SELL;1001;15000;Palantir Technologies Inc. - Class A Common Stock;spouse;House;capitol-exposed;2026-05-28 03:18:15.637501+00
bde8d2d4-d1a4-467f-acaa-85b1f6f4d2b5;PEP;Lisa C. McClain;2025-10-30;2025-11-21;SELL;1001;15000;Pepsico, Inc.;spouse;House;capitol-exposed;2026-05-28 03:18:15.637501+00
e9a8919f-7dbd-4b73-8aa1-652c985b3878;NVDA;Lisa C. McClain;2025-10-30;2025-11-21;SELL;15001;50000;NVIDIA Corporation - Common Stock;spouse;House;capitol-exposed;2026-05-28 03:18:15.637501+00
36ab84ff-d185-4d81-b371-8634cf7e64c5;WMT;Lisa C. McClain;2025-10-30;2025-11-21;BUY;1001;15000;Walmart Inc. Common Stock;spouse;House;capitol-exposed;2026-05-28 03:18:15.637501+00
3629d3be-2d6b-497c-98c7-c21344ba5ee8;GOOGL;Lisa C. McClain;2025-10-30;2025-11-21;BUY;1001;15000;Alphabet Inc. - Class A Common Stock;spouse;House;capitol-exposed;2026-05-28 03:18:15.637501+00
8fd0ab73-c5f3-4ead-b518-3f200029078f;AVGO;Lisa C. McClain;2025-10-30;2025-11-21;SELL;1001;15000;Broadcom Inc. - Common Stock;spouse;House;capitol-exposed;2026-05-28 03:18:15.637501+00
3e6157e0-1b1f-42e3-9b5d-8b494fdf7f20;COP;Lisa C. McClain;2025-10-30;2025-11-21;SELL;1001;15000;ConocoPhillips Common Stock;spouse;House;capitol-exposed;2026-05-28 03:18:15.637501+00
12d2b78a-10ad-4275-9b8b-4c9c542506b4;JNJ;Lisa C. McClain;2025-10-30;2025-11-21;SELL;1001;15000;Johnson & Johnson Common Stock;spouse;House;capitol-exposed;2026-05-28 09:00:17.205986+00
322ddaac-8847-4b96-8ba9-c548b24bd453;JNJ;Lisa C. McClain;2025-10-30;2025-11-21;BUY;1001;15000;Johnson & Johnson Common Stock;spouse;House;capitol-exposed;2026-05-28 09:00:17.205986+00
d5a669b1-67dd-414f-a83c-af7a549dda24;BAC;Lisa C. McClain;2025-10-30;2025-11-21;SELL;1001;15000;Bank of America Corporation Common Stock;spouse;House;capitol-exposed;2026-05-28 09:00:17.205986+00
5309ed29-d2bb-4bfe-8a96-73205883015e;MCD;Lisa C. McClain;2025-10-30;2025-11-21;SELL;1001;15000;McDonald's Corporation Common Stock;spouse;House;capitol-exposed;2026-05-28 09:00:17.205986+00
fb091e2d-b1c0-40d2-9833-245740ad1091;NVDA;Lisa C. McClain;2025-10-30;2025-11-21;BUY;15001;50000;NVIDIA Corporation - Common Stock;spouse;House;capitol-exposed;2026-05-28 09:00:17.205986+00
072deac3-4721-4587-8317-555c60c3ac03;ORCL;Lisa C. McClain;2025-10-30;2025-11-21;BUY;1001;15000;Oracle Corporation Common Stock;spouse;House;capitol-exposed;2026-05-28 09:00:17.205986+00
4ff81c40-640f-4e6a-b3ae-fe87e910cee1;PLTR;Lisa C. McClain;2025-10-30;2025-11-21;BUY;1001;15000;Palantir Technologies Inc. - Class A Common Stock;spouse;House;capitol-exposed;2026-05-28 09:00:17.205986+00
fdf54293-d998-4b1e-824b-d2dd7418c9e0;TMUS;Lisa C. McClain;2025-10-30;2025-11-21;SELL;1001;15000;T-Mobile US, Inc.;spouse;House;capitol-exposed;2026-05-28 09:00:17.205986+00
9cc749be-22b3-4d47-8e6c-2c110cc8cd22;WMT;Lisa C. McClain;2025-10-30;2025-11-21;SELL;1001;15000;Walmart Inc. Common Stock;spouse;House;capitol-exposed;2026-05-28 09:00:17.205986+00
aac40d34-81b3-4548-93fe-89a3a19f767b;TSLA;Lisa C. McClain;2025-10-30;2025-11-21;BUY;1001;15000;Tesla, Inc. - Common Stock;spouse;House;capitol-exposed;2026-05-28 09:00:17.205986+00
0937fca5-d9a2-4d53-a03a-414365457287;AAPL;Cleo Fields;2025-10-30;2025-11-12;BUY;250001;500000;Morgan Stanley - E*TRADE #2 Apple Inc. - Common Stock;self;House;capitol-exposed;2026-05-28 09:00:17.205986+00
07a9b696-92e1-4c90-9b05-c98861248527;NVDA;Cleo Fields;2025-10-30;2025-11-12;BUY;100001;250000;Morgan Stanley - E*TRADE #2 NVIDIA Corporation - Common Stock;self;House;capitol-exposed;2026-05-28 09:00:17.205986+00
27b57e26-8ffa-4457-8a13-f1bec1483c78;NVDA;Cleo Fields;2025-10-30;2025-11-12;BUY;15001;50000;Morgan Stanley - E*TRADE #2 NVIDIA Corporation - Common Stock;self;House;capitol-exposed;2026-05-28 09:00:17.205986+00
9f624205-12d3-43d5-9362-326389105576;T;David J. Taylor;2025-10-30;2025-11-03;BUY;1001;15000;David Taylor Trust > Schwab Joint Brokerage #1 (Home Grown) AT&T Inc.;self;House;capitol-exposed;2026-05-28 09:00:17.205986+00
a5448a2d-db64-45a6-8e20-d78490c36ab0;AAPL;David J. Taylor;2025-10-30;2025-11-03;SELL;1001;15000;Apple Inc. - Common Stock;self;House;capitol-exposed;2026-05-28 09:00:17.205986+00
d344ad03-b061-46d2-83b3-def43de950dd;GOOG;Cleo Fields;2025-10-29;2025-11-12;BUY;50001;100000;Morgan Stanley - E*TRADE #2 Alphabet Inc. - Class C Capital Stock;self;House;capitol-exposed;2026-05-28 09:00:17.205986+00
b1027b33-1f15-42ad-95b3-807a6e96e509;MSFT;Shelley Moore Capito;2025-10-29;2025-11-04;SELL;15001;50000;Microsoft Corp;self;Senate;capitol-exposed;2026-05-28 09:00:17.205986+00
ad377f12-bfc9-4ab6-b767-951372cfaf20;UPS;Scott DesJarlais;2025-10-28;2025-11-18;SELL;15001;50000;United Parcel Service, Inc. Common Stock;self;House;capitol-exposed;2026-05-28 09:00:17.205986+00
228d31b2-cfa4-4f0e-abf4-42c151bab7d0;PEP;Scott DesJarlais;2025-10-28;2025-11-18;SELL;1001;15000;Pepsico, Inc. (PEP);self;House;capitol-exposed;2026-05-28 09:00:17.205986+00
4f452d1c-c60d-44f9-8b7f-a4d354d8f762;MSFT;Kevin Hern;2025-10-28;2025-11-16;SELL;15001;50000;Microsoft Corporation - Common Stock;joint;House;capitol-exposed;2026-05-28 09:00:17.205986+00
8e43f9eb-3789-4309-89ca-a3fdedfde997;HD;Kevin Hern;2025-10-28;2025-11-16;SELL;1001;15000;Cap. Gains > $200? FS: New SO: Kevin Hern Traditional IRA Home Depot, Inc.;self;House;capitol-exposed;2026-05-28 09:00:17.205986+00
03fb0b46-b12f-4d90-89fd-f9ca61298cc0;GOOG;Julie Johnson;2025-10-27;2025-11-14;BUY;1001;15000;Alphabet Inc. - Class C Capital Stock;joint;House;capitol-exposed;2026-05-28 09:00:17.205986+00
6b3a9b10-8929-4461-8020-2cddfeca7737;V;Byron Donalds;2025-10-24;2025-11-18;BUY;1001;15000;Visa Inc.;spouse;House;capitol-exposed;2026-05-28 09:00:17.205986+00
a03653bf-f4c5-4adc-87c2-c145e673053a;LLY;Shelley Moore Capito;2025-10-24;2025-11-04;BUY;1001;15000;Eli Lilly and Company;self;Senate;capitol-exposed;2026-05-28 09:00:17.205986+00
53cd1ac4-9752-401d-93dd-07b496d2ebf3;MCD;Kevin Hern;2025-10-23;2025-11-16;SELL;100001;250000;McDonald's Corporation Common Stock;joint;House;capitol-exposed;2026-05-28 09:00:17.205986+00
9a51b392-5667-4d47-9633-6e948e2a12f8;MCD;Kevin Hern;2025-10-23;2025-11-16;SELL;1001;15000;McDonald's Corporation Common Stock;joint;House;capitol-exposed;2026-05-28 09:00:17.205986+00
65756d4f-49f5-4c36-a3e4-43f7007351e7;GOOGL;Cleo Fields;2025-10-23;2025-11-12;BUY;0;0;Alphabet Inc. - Class A Common Stock (GOOGL);self;House;capitol-exposed;2026-05-28 09:00:17.205986+00
25bbf73c-20ca-4081-a2bb-53ad37417ea5;TSM;Cleo Fields;2025-10-23;2025-11-12;BUY;100001;250000;Morgan Stanley - E*TRADE IRA Taiwan Semiconductor Manufacturing Company Ltd.;self;House;capitol-exposed;2026-05-28 09:00:17.205986+00
641278ea-d97a-4cc5-af21-181762d256e9;GOOGL;Cleo Fields;2025-10-23;2025-11-12;BUY;100001;250000;Alphabet Inc. - Class A Common Stock;self;House;capitol-exposed;2026-05-28 09:00:17.205986+00
48d3dd70-c04c-43ba-8766-1b3660341238;AAPL;Cleo Fields;2025-10-23;2025-11-12;BUY;100001;250000;Morgan Stanley - E*TRADE #2 Apple Inc. - Common Stock;self;House;capitol-exposed;2026-05-28 09:00:17.205986+00
31502b6e-1b83-4767-b5fb-d406cb5d4c5b;AMZN;Julia Letlow;2025-10-22;2026-01-13;SELL;1001;15000;Amazon.com, Inc. - Common Stock;self;House;capitol-exposed;2026-05-28 09:00:17.205986+00
85a864f1-1f0f-464c-b6ff-88f004c468ba;MSFT;Shelley Moore Capito;2025-10-22;2025-11-04;SELL;1001;15000;Microsoft Corp;self;Senate;capitol-exposed;2026-05-28 09:00:17.205986+00
c4ef60fe-0de0-4cc3-8bfb-b1b590ce5e51;AAPL;Nancy Pelosi;2025-10-22;2025-10-24;SELL;100001;250000;Apple Inc. - Common Stock;spouse;House;capitol-exposed;2026-05-28 09:00:17.205986+00
09f1bad1-efe0-4f8c-8934-eae3ed6c4c65;AAPL;Nancy Pelosi;2025-10-22;2025-10-24;BUY;0;0;Apple Inc. - Common Stock (AAPL);self;House;capitol-exposed;2026-05-28 09:00:17.205986+00
254aa3d7-1c51-46f8-88cd-d9411dcd6393;GOOG;Julie Johnson;2025-10-21;2025-11-14;BUY;1001;15000;Alphabet Inc. - Class C Capital Stock;joint;House;capitol-exposed;2026-05-28 09:00:17.205986+00
74e41f20-968b-4080-91dc-50e561863e89;MMM;Josh Gottheimer;2025-10-20;2025-11-17;SELL;1001;15000;3M Company Common Stock;joint;House;capitol-exposed;2026-05-28 09:00:17.205986+00
7929b3e1-00d5-4cbe-80c7-f2ba8652ce45;MMM;Josh Gottheimer;2025-10-20;2025-11-17;BUY;1001;15000;3M Company Common Stock (MMM);self;House;capitol-exposed;2026-05-28 09:00:17.205986+00
83a31aaa-b0d8-495e-94b7-6d7656251938;NVDA;Sheldon Whitehouse;2025-10-20;2025-11-03;SELL;15001;50000;Nvidia Corp;self;Senate;capitol-exposed;2026-05-28 09:00:17.205986+00
44c25cd8-b6b0-4f06-99a6-435e52d35504;TSLA;Gilbert Ray Cisneros, Jr.;2025-10-17;2025-11-18;BUY;1001;15000;Main Street Trust > Bank of America D: Ticker 100 HK Tesla, Inc. - Common Stock;self;House;capitol-exposed;2026-05-28 09:00:17.205986+00
e5d7576e-ee19-4b7b-96c9-7490088f77ef;NVDA;Gilbert Ray Cisneros, Jr.;2025-10-17;2025-11-18;BUY;1001;15000;Main Street Trust > Bank of America D: Ticker 7974 JP NVIDIA Corporation - Common Stock;self;House;capitol-exposed;2026-05-28 09:00:17.205986+00
1190c515-eccc-49a0-afab-834d809f220c;MA;Gilbert Ray Cisneros, Jr.;2025-10-17;2025-11-18;BUY;1001;15000;Main Street Trust > Bank of America Mastercard Incorporated Common Stock;self;House;capitol-exposed;2026-05-28 09:00:17.205986+00
46101e3f-9a23-4b7e-8d49-a14c72fe5243;WMT;Gilbert Ray Cisneros, Jr.;2025-10-17;2025-11-18;BUY;1001;15000;Main Street Trust > Bank of America Walmart Inc. Common Stock;self;House;capitol-exposed;2026-05-28 09:00:17.205986+00
c095a611-7756-42b6-8dbc-1d666d54e0d6;COIN;Gilbert Ray Cisneros, Jr.;2025-10-17;2025-11-18;BUY;1001;15000;Main Street Trust > Bank of America Coinbase Global, Inc. - Class A Common Stock;self;House;capitol-exposed;2026-05-28 09:00:17.205986+00
1b916525-202d-4f50-83a3-3df75bf50c84;ORCL;Gilbert Ray Cisneros, Jr.;2025-10-17;2025-11-18;BUY;1001;15000;Main Street Trust > Bank of America Oracle Corporation Common Stock;self;House;capitol-exposed;2026-05-28 09:00:17.205986+00
6f9a42ef-5c35-42a5-ba1f-d9383d0edd1d;AVGO;Gilbert Ray Cisneros, Jr.;2025-10-17;2025-11-18;BUY;1001;15000;Main Street Trust > Bank of America Broadcom Inc. - Common Stock;self;House;capitol-exposed;2026-05-28 09:00:17.205986+00
f60f80fa-91f1-426c-b036-cf45652acb28;CVX;Gilbert Ray Cisneros, Jr.;2025-10-17;2025-11-18;BUY;1001;15000;Main Street Trust > Bank of America Chevron Corporation Common Stock;self;House;capitol-exposed;2026-05-28 09:00:17.205986+00
f4cf0229-68e8-4c92-883a-c508936cb82e;JPM;Gilbert Ray Cisneros, Jr.;2025-10-17;2025-11-18;BUY;1001;15000;Main Street Trust > Bank of America JP Morgan Chase & Co. Common Stock;self;House;capitol-exposed;2026-05-28 09:00:17.205986+00
534b215f-7da0-44a2-b78a-b9efe774d252;CAT;Gilbert Ray Cisneros, Jr.;2025-10-17;2025-11-18;BUY;1001;15000;Main Street Trust > Bank of America Caterpillar, Inc. Common Stock;self;House;capitol-exposed;2026-05-28 09:00:17.205986+00
09f2567b-9899-48f5-ba17-d3bbc46e0c7b;HD;Gilbert Ray Cisneros, Jr.;2025-10-17;2025-11-18;BUY;1001;15000;Main Street Trust > Bank of America D: Ticker RMSFP Home Depot, Inc.;self;House;capitol-exposed;2026-05-28 09:00:17.205986+00
e9e3bc3b-289c-4bb4-9047-c05791b3a662;NFLX;Gilbert Ray Cisneros, Jr.;2025-10-17;2025-11-18;BUY;1001;15000;Main Street Trust > Bank of America Netflix, Inc. - Common Stock;self;House;capitol-exposed;2026-05-28 09:00:17.205986+00
0f93ec37-c6de-47ac-9f04-56291cc24929;UBER;Gilbert Ray Cisneros, Jr.;2025-10-17;2025-11-18;BUY;1001;15000;Main Street Trust > Bank of America Uber Technologies, Inc. Common Stock;self;House;capitol-exposed;2026-05-28 09:00:17.205986+00
c62ccdfd-5f55-487f-a8ee-1a9c6ce2fc4d;PG;Gilbert Ray Cisneros, Jr.;2025-10-17;2025-11-18;BUY;1001;15000;Main Street Trust > Bank of America Procter & Gamble Company;self;House;capitol-exposed;2026-05-28 09:00:17.205986+00
0cbf459c-c0d7-4233-b471-d08c43b173c6;NOW;Gilbert Ray Cisneros, Jr.;2025-10-17;2025-11-18;BUY;1001;15000;Main Street Trust > Bank of America D: Ticker SU FP ServiceNow, Inc. Common Stock;self;House;capitol-exposed;2026-05-28 09:00:17.205986+00
87d25103-3b21-4a5d-b6b8-6e2f0ee5199e;AAPL;Gilbert Ray Cisneros, Jr.;2025-10-17;2025-11-18;BUY;1001;15000;Main Street Trust > Bank of America Apple Inc. - Common Stock;self;House;capitol-exposed;2026-05-28 09:00:17.205986+00
5c550d2c-1584-4b4c-84a4-8fa2b29a780c;AMZN;Gilbert Ray Cisneros, Jr.;2025-10-17;2025-11-18;BUY;1001;15000;Main Street Trust > Bank of America Amazon.com, Inc. - Common Stock;self;House;capitol-exposed;2026-05-28 09:00:17.205986+00
ff265820-2f2c-4ca1-9be3-27887d2c5913;GOOGL;Gilbert Ray Cisneros, Jr.;2025-10-17;2025-11-18;BUY;1001;15000;Main Street Trust > Bank of America D: Ticker ALV GR Alphabet Inc. - Class A Common Stock;self;House;capitol-exposed;2026-05-28 09:00:17.205986+00
697ee39e-4357-4cb4-af43-267963501444;NET;Gilbert Ray Cisneros, Jr.;2025-10-17;2025-11-18;BUY;1001;15000;Main Street Trust > Bank of America Cloudflare, Inc. Class A Common Stock;self;House;capitol-exposed;2026-05-28 09:00:17.205986+00
a4f42cc0-a35b-4370-9884-f4ace191a5f6;META;Gilbert Ray Cisneros, Jr.;2025-10-17;2025-11-18;BUY;1001;15000;Main Street Trust > Bank of America Meta Platforms, Inc. - Class A Common Stock;self;House;capitol-exposed;2026-05-28 09:00:17.205986+00
72f11ee9-05d1-425e-b268-61230b9f4759;COST;Gilbert Ray Cisneros, Jr.;2025-10-17;2025-11-18;BUY;1001;15000;Main Street Trust > Bank of America Costco Wholesale Corporation - Common Stock;self;House;capitol-exposed;2026-05-28 09:00:17.205986+00
94980047-55ec-4c5a-8c8f-a9629dfe99ef;CVX;Shelley Moore Capito;2025-10-17;2025-11-04;SELL;1001;15000;Chevron Corp;self;Senate;capitol-exposed;2026-05-28 09:00:17.205986+00
8cb6fda8-b26c-4f84-9ec4-36b6ace42f2d;COST;Shelley Moore Capito;2025-10-17;2025-11-04;SELL;1001;15000;COST;self;Senate;capitol-exposed;2026-05-28 09:00:17.205986+00
c729f948-0387-42bc-b038-3cc0e1bcf621;ADBE;Julia Letlow;2025-10-16;2026-01-13;SELL;1001;15000;Adobe Inc. - Common Stock;self;House;capitol-exposed;2026-05-28 09:00:17.205986+00
864f39d8-ed5d-4b5f-b0a1-666f094a8ec3;AVGO;Julia Letlow;2025-10-16;2026-01-13;SELL;1001;15000;Broadcom Inc. - Common Stock;self;House;capitol-exposed;2026-05-28 09:00:17.205986+00
72123370-3d8c-41d1-87ff-518e943e45eb;PG;Julia Letlow;2025-10-16;2026-01-13;BUY;1001;15000;Procter & Gamble Company;self;House;capitol-exposed;2026-05-28 09:00:17.205986+00
6822a768-5ace-48d0-a2e6-d7bb6ba07a6e;AMZN;Lisa C. McClain;2025-10-14;2025-11-21;SELL;1001;15000;Amazon.com, Inc. - Common Stock;spouse;House;capitol-exposed;2026-05-28 09:00:17.205986+00
b6a0ca69-73d7-4b34-8ee6-a1462e33fc20;TSM;Lisa C. McClain;2025-10-14;2025-11-21;SELL;1001;15000;Taiwan Semiconductor Manufacturing Company Ltd.;spouse;House;capitol-exposed;2026-05-28 09:00:17.205986+00
a1ddabae-b4f3-488c-ab65-7ec1c561c1c2;META;Lisa C. McClain;2025-10-14;2025-11-21;SELL;1001;15000;Meta Platforms, Inc. - Class A Common Stock;spouse;House;capitol-exposed;2026-05-28 09:00:17.205986+00
4bd69cac-72ae-4bc4-ab62-80cf2b81c495;AAPL;Lisa C. McClain;2025-10-14;2025-11-21;SELL;1001;15000;Apple Inc. - Common Stock;spouse;House;capitol-exposed;2026-05-28 09:00:17.205986+00
3d2578ae-c796-4306-83ba-025ccf61b91d;WMT;Thomas R. Suozzi;2025-10-14;2025-10-21;SELL;15001;50000;US Treasury Bill Walmart Inc. Common Stock;self;House;capitol-exposed;2026-05-28 09:00:17.205986+00
609408d4-5243-45df-a6e4-9c6e970f8527;GS;Jared Moskowitz;2025-10-10;2025-11-22;BUY;1001;15000;Goldman Sachs Group, Inc.;child;House;capitol-exposed;2026-05-28 09:00:17.205986+00
028e40bd-ba89-467d-b2e3-1729108d0118;TSM;Jared Moskowitz;2025-10-10;2025-11-22;BUY;1001;15000;Taiwan Semiconductor Manufacturing Company Ltd.;child;House;capitol-exposed;2026-05-28 09:00:17.205986+00
255eabcc-9075-46e8-b684-0b7412606421;JNJ;Jared Moskowitz;2025-10-10;2025-11-22;SELL;1001;15000;Johnson & Johnson Common Stock;child;House;capitol-exposed;2026-05-28 09:00:17.205986+00
877f3c66-92cd-4bd6-9f34-3f8584444c16;AVGO;Jared Moskowitz;2025-10-10;2025-11-22;BUY;1001;15000;Broadcom Inc. - Common Stock;child;House;capitol-exposed;2026-05-28 09:00:17.205986+00
f2da3aa1-7c3d-43b8-8e95-5aab4698a7bf;GS;Jared Moskowitz;2025-10-10;2025-11-22;BUY;15001;50000;Morgan Stanley Active Assets (5) Goldman Sachs Group, Inc.;self;House;capitol-exposed;2026-05-28 09:00:17.205986+00
fd9ce01f-27d3-4195-aee8-3542f1c3d060;AVGO;Jared Moskowitz;2025-10-10;2025-11-22;BUY;15001;50000;Morgan Stanley Active Assets (5) Broadcom Inc. - Common Stock;self;House;capitol-exposed;2026-05-28 09:00:17.205986+00
c3c9dc6b-9967-42d9-81af-0f9ef63e27ae;VZ;Tim Moore;2025-10-10;2025-11-12;BUY;15001;50000;Schwab One Verizon Communications Inc. Common Stock;self;House;capitol-exposed;2026-05-28 09:00:17.205986+00
52188c56-613c-43a3-a03a-4003b073efc7;GOOGL;Dwight Evans;2025-10-10;2025-10-30;SELL;15001;50000;Alphabet Inc. - Class A Common Stock;self;House;capitol-exposed;2026-05-28 09:00:17.205986+00
26949d2a-e97e-4985-9fe5-b059ece9f450;GOOGL;Cleo Fields;2025-10-10;2025-10-30;BUY;15001;50000;Alphabet Inc. - Class A Common Stock;self;House;capitol-exposed;2026-05-28 09:00:17.205986+00
83379165-b269-4815-95c8-24eb6e7e0833;PLTR;Cleo Fields;2025-10-10;2025-10-30;BUY;15001;50000;Morgan Stanley - E*TRADE #2 Palantir Technologies Inc. - Class A Common Stock;self;House;capitol-exposed;2026-05-28 09:00:17.205986+00
8bfc7492-5657-442d-b658-cd0ce8c6bc5e;GOOGL;Dwight Evans;2025-10-10;2025-10-30;SELL;0;0;Alphabet Inc. - Class A Common Stock (GOOGL);self;House;capitol-exposed;2026-05-28 09:00:17.205986+00
c2750272-4293-4d0f-90b0-4806eb105723;GOOGL;Cleo Fields;2025-10-10;2025-10-30;BUY;0;0;Alphabet Inc. - Class A Common Stock (GOOGL);self;House;capitol-exposed;2026-05-28 09:00:17.205986+00
9b70f1bf-4410-4dc8-905e-8149548b5f82;GOOG;Cleo Fields;2025-10-10;2025-10-30;BUY;15001;50000;Morgan Stanley - E*TRADE #2 Alphabet Inc. - Class C Capital Stock;self;House;capitol-exposed;2026-05-28 09:00:17.205986+00
a498dbdc-2a1c-4a12-a3a4-22072f7391be;PLTR;Gilbert Ray Cisneros, Jr.;2025-10-09;2025-11-18;BUY;1001;15000;Main Street Trust > Bank of America Palantir Technologies Inc. - Class A Common Stock;self;House;capitol-exposed;2026-05-28 09:00:17.205986+00
84be584b-da3a-4197-81e3-79f842b8d1aa;COIN;Gilbert Ray Cisneros, Jr.;2025-10-09;2025-11-18;BUY;1001;15000;Main Street Trust > Bank of America Coinbase Global, Inc. - Class A Common Stock;self;House;capitol-exposed;2026-05-28 09:00:17.205986+00
444fe23b-d914-48b1-b7ee-2d5d005ca084;UNH;Gilbert Ray Cisneros, Jr.;2025-10-09;2025-11-18;BUY;1001;15000;Cap. Gains > $200? UnitedHealth Group Incorporated Common Stock;self;House;capitol-exposed;2026-05-28 09:00:17.205986+00
273010c9-65ee-4eb5-90f7-bcc389fcfac4;MSFT;Gilbert Ray Cisneros, Jr.;2025-10-09;2025-11-18;BUY;1001;15000;Main Street Trust > Bank of America Microsoft Corporation - Common Stock;self;House;capitol-exposed;2026-05-28 09:00:17.205986+00
763c49c0-280b-41e0-b969-373c8a520643;COST;John Boozman;2025-10-09;2025-11-15;BUY;1001;15000;COST;self;Senate;capitol-exposed;2026-05-28 09:00:17.205986+00
69d80a09-3937-4850-80ad-cdea085abb64;NFLX;Gilbert Ray Cisneros, Jr.;2025-10-07;2025-11-18;SELL;1001;15000;Main Street Trust > Bank of America Netflix, Inc. - Common Stock;self;House;capitol-exposed;2026-05-28 09:00:17.205986+00
fb57194e-e4c1-4435-8cad-db2845c76cc5;GOOGL;Tommy Tuberville;2025-10-07;2025-11-15;SELL;15001;50000;Alphabet Inc. - Class A Common Stock;self;Senate;capitol-exposed;2026-05-28 09:00:17.205986+00
284347d0-9957-4f15-86a3-b67ecb7473b8;PEP;Tommy Tuberville;2025-10-07;2025-11-15;SELL;15001;50000;PEP;self;Senate;capitol-exposed;2026-05-28 09:00:17.205986+00
7a1de0b2-9a67-4d34-9af0-25c2cd2cc920;MSFT;Tommy Tuberville;2025-10-07;2025-11-15;SELL;15001;50000;MSFT;self;Senate;capitol-exposed;2026-05-28 09:00:17.205986+00
2525d32a-d5f7-4255-a569-e300a3f5df18;ORCL;Tommy Tuberville;2025-10-07;2025-11-15;SELL;15001;50000;ORCL;self;Senate;capitol-exposed;2026-05-28 09:00:17.205986+00
283dcb12-291d-4089-b55f-f826375e085d;AAPL;Tommy Tuberville;2025-10-07;2025-11-15;SELL;15001;50000;Apple Inc;self;Senate;capitol-exposed;2026-05-28 09:00:17.205986+00
3f6b206b-c91b-4bbb-980e-03f96441130f;VZ;Tim Moore;2025-10-07;2025-11-12;BUY;50001;100000;Schwab One Verizon Communications Inc. Common Stock;self;House;capitol-exposed;2026-05-28 09:00:17.205986+00
7551f92d-2bd1-44e4-8e0e-6fc6bf774769;WMT;Rick Larsen;2025-10-06;2025-10-16;BUY;1001;15000;part of quarterly portfolio rebalancing Walmart Inc. Common Stock;self;House;capitol-exposed;2026-05-28 09:00:17.205986+00
cf9e694a-60cc-4dea-8d77-4e98a1351885;AMZN;Julia Letlow;2025-10-01;2026-01-13;BUY;1001;15000;Amazon.com, Inc. - Common Stock;self;House;capitol-exposed;2026-05-28 09:00:17.205986+00
9f9d572e-a86f-4514-8b25-d196bd3842d7;MSFT;Kevin Hern;2025-09-26;2025-10-16;SELL;15001;50000;Microsoft Corporation - Common Stock;joint;House;capitol-exposed;2026-05-28 09:00:17.205986+00
c32df489-721b-4368-8118-5bb0cd2d7ba2;HD;Kevin Hern;2025-09-26;2025-10-16;SELL;15001;50000;Home Depot, Inc.;joint;House;capitol-exposed;2026-05-28 09:00:17.205986+00
0f1b1159-a289-4587-9149-821ec6e72da4;KO;Lisa C. McClain;2025-09-25;2025-10-22;BUY;1001;15000;Coca-Cola Company;spouse;House;capitol-exposed;2026-05-28 09:00:17.205986+00
48d9674b-3ff6-4843-b5d0-5ca704a5be0b;AMZN;Lisa C. McClain;2025-09-25;2025-10-22;SELL;1001;15000;Amazon.com, Inc. - Common Stock;spouse;House;capitol-exposed;2026-05-28 09:00:17.205986+00
055fed31-b2bd-4eba-b287-080a3d19102c;HON;Julie Johnson;2025-09-25;2025-10-07;SELL;1001;15000;Honeywell International Inc.;joint;House;capitol-exposed;2026-05-28 09:00:17.205986+00
aec9397d-7c5c-4ca9-a414-2ee70351058f;NOW;Markwayne Mullin;2025-09-24;2025-10-01;BUY;1001;15000;ServiceNow, Inc. Common Stock;self;Senate;capitol-exposed;2026-05-28 09:00:17.205986+00
66b123a5-2a6b-47fc-9aaa-118af046fac4;UNH;Markwayne Mullin;2025-09-24;2025-10-01;BUY;15001;50000;Unitedhealth Group Inc;self;Senate;capitol-exposed;2026-05-28 09:00:17.205986+00
45d6391a-71eb-4377-b1e7-bfcaa9259110;ADBE;Markwayne Mullin;2025-09-24;2025-10-01;SELL;15001;50000;Adobe Systems Inc;self;Senate;capitol-exposed;2026-05-28 09:00:17.205986+00
aad164e5-e4e0-4797-8f47-2b1be006ff78;GOOG;Jerry Moran;2025-09-23;2025-10-27;SELL;1001;15000;GOOG;self;Senate;capitol-exposed;2026-05-28 09:00:17.205986+00
d3f861d7-6ca3-482a-ace5-a6f8b10b065b;ORCL;Val T. Hoyle;2025-09-23;2025-10-10;SELL;1001;15000;Oracle Corporation Common Stock;spouse;House;capitol-exposed;2026-05-28 09:00:17.205986+00
2fcb0738-ebc0-4d50-ad8f-b27e2e933735;QCOM;Val T. Hoyle;2025-09-23;2025-10-10;SELL;1001;15000;QUALCOMM Incorporated - Common Stock;spouse;House;capitol-exposed;2026-05-28 09:00:17.205986+00
78d94696-fe07-4b26-975a-20d689cc1efc;PG;Val T. Hoyle;2025-09-23;2025-10-10;SELL;1001;15000;Procter & Gamble Company;spouse;House;capitol-exposed;2026-05-28 09:00:17.205986+00
1bc975c0-beb8-41db-82ef-39116f0b1cf2;UNH;Val T. Hoyle;2025-09-23;2025-10-10;SELL;1001;15000;UnitedHealth Group Incorporated Common Stock;spouse;House;capitol-exposed;2026-05-28 09:00:17.205986+00
97c9c390-5ad7-4096-9404-096cddb5e46c;AMZN;Val T. Hoyle;2025-09-23;2025-10-10;SELL;15001;50000;Amazon.com, Inc. - Common Stock;spouse;House;capitol-exposed;2026-05-28 09:00:17.205986+00
8f27f5ab-23a1-41bd-baee-62f70a9ba813;BAC;Val T. Hoyle;2025-09-23;2025-10-10;SELL;1001;15000;Bank of America Corporation Common Stock;spouse;House;capitol-exposed;2026-05-28 09:00:17.205986+00
c040d3fc-1cc2-4f32-9436-8d1e82136914;BA;Val T. Hoyle;2025-09-23;2025-10-10;SELL;1001;15000;Boeing Company;spouse;House;capitol-exposed;2026-05-28 09:00:17.205986+00
33f05988-f3a6-42c0-904a-b01ac58fcd45;GOOG;Val T. Hoyle;2025-09-23;2025-10-10;SELL;1001;15000;Alphabet Inc. - Class C Capital Stock;spouse;House;capitol-exposed;2026-05-28 09:00:17.205986+00
73cebc19-80ea-43b3-9e17-770886c056bd;GE;Val T. Hoyle;2025-09-23;2025-10-10;SELL;1001;15000;GE Aerospace Common Stock;spouse;House;capitol-exposed;2026-05-28 09:00:17.205986+00
8a25e6e9-47ca-463b-b7d9-b9fd8b5e6914;TSM;Val T. Hoyle;2025-09-23;2025-10-10;SELL;1001;15000;Taiwan Semiconductor Manufacturing Company Ltd.;spouse;House;capitol-exposed;2026-05-28 09:00:17.205986+00
bcf35553-8754-4ef2-b49d-b4aadecba912;META;Val T. Hoyle;2025-09-23;2025-10-10;SELL;15001;50000;Meta Platforms, Inc. - Class A Common Stock;spouse;House;capitol-exposed;2026-05-28 09:00:17.205986+00
5c26d680-ece4-4c44-bd90-c134b49d5275;NOC;Val T. Hoyle;2025-09-23;2025-10-10;SELL;1001;15000;Northrop Grumman Corporation Common Stock;spouse;House;capitol-exposed;2026-05-28 09:00:17.205986+00
239eb519-c93d-4521-a4f4-0ca398c2d6b3;NVDA;Val T. Hoyle;2025-09-23;2025-10-10;SELL;50001;100000;NVIDIA Corporation - Common Stock;spouse;House;capitol-exposed;2026-05-28 09:00:17.205986+00
234c6e88-2cb6-4c7d-8c71-88031d9debcd;KO;Val T. Hoyle;2025-09-23;2025-10-10;SELL;1001;15000;Coca-Cola Company;spouse;House;capitol-exposed;2026-05-28 09:00:17.205986+00
4fd65e80-c0b1-4a0d-a39c-2fa59e415334;GOOGL;Val T. Hoyle;2025-09-23;2025-10-10;SELL;0;0;Alphabet Inc. - Class A Common Stock (GOOGL);self;House;capitol-exposed;2026-05-28 09:00:17.205986+00
073f086a-3c40-48f4-94f8-ceb3daed134f;AVGO;Val T. Hoyle;2025-09-23;2025-10-10;SELL;15001;50000;Broadcom Inc. - Common Stock;spouse;House;capitol-exposed;2026-05-28 09:00:17.205986+00
a11a5cba-7c0a-4523-a71f-aca2f1abda27;XOM;Val T. Hoyle;2025-09-23;2025-10-10;SELL;1001;15000;Exxon Mobil Corporation Common Stock;spouse;House;capitol-exposed;2026-05-28 09:00:17.205986+00
0ee8e633-bc41-49e6-9736-3b2989d69e29;JPM;Val T. Hoyle;2025-09-23;2025-10-10;SELL;1001;15000;JP Morgan Chase & Co. Common Stock;spouse;House;capitol-exposed;2026-05-28 09:00:17.205986+00
f13d10be-bb66-4806-aa4c-aec5b589638e;UPS;Val T. Hoyle;2025-09-23;2025-10-10;SELL;1001;15000;United Parcel Service, Inc. Common Stock;spouse;House;capitol-exposed;2026-05-28 09:00:17.205986+00
5482f095-f032-4a54-8eab-605126846b51;NFLX;Val T. Hoyle;2025-09-23;2025-10-10;SELL;1001;15000;Netflix, Inc. - Common Stock;spouse;House;capitol-exposed;2026-05-28 09:00:17.205986+00
18057f76-2f29-42a8-b48d-a2fd0b823457;GOOGL;Val T. Hoyle;2025-09-23;2025-10-10;SELL;15001;50000;Alphabet Inc. - Class A Common Stock;spouse;House;capitol-exposed;2026-05-28 09:00:17.205986+00
595d12a0-6b52-40be-b734-a2041db1534c;NKE;Val T. Hoyle;2025-09-23;2025-10-10;SELL;1001;15000;Nike, Inc. Common Stock;spouse;House;capitol-exposed;2026-05-28 09:00:17.205986+00
bd6122a7-851e-444f-a2c0-f34d58bc79a8;LLY;Val T. Hoyle;2025-09-23;2025-10-10;SELL;1001;15000;Eli Lilly and Company Common Stock;spouse;House;capitol-exposed;2026-05-28 09:00:17.205986+00
24b82377-de3d-49f8-988a-4aa7a467ac9b;DIS;Val T. Hoyle;2025-09-23;2025-10-10;SELL;1001;15000;Walt Disney Company;spouse;House;capitol-exposed;2026-05-28 09:00:17.205986+00
9f803157-a0b2-48fc-8d98-0f6377af1811;WFC;Val T. Hoyle;2025-09-23;2025-10-10;SELL;1001;15000;Wells Fargo & Company Common Stock;spouse;House;capitol-exposed;2026-05-28 09:00:17.205986+00
953fb755-ae6e-416b-8564-78e553be3700;V;Val T. Hoyle;2025-09-23;2025-10-10;SELL;1001;15000;Visa Inc.;spouse;House;capitol-exposed;2026-05-28 09:00:17.205986+00
62fa4812-a4ec-40d7-9045-8b3cbcc3cfda;MRK;Val T. Hoyle;2025-09-23;2025-10-10;SELL;1001;15000;Merck & Company, Inc. Common Stock;spouse;House;capitol-exposed;2026-05-28 09:00:17.205986+00
24a7d5c2-252a-4945-8b75-92ed4ea27c3e;COST;Val T. Hoyle;2025-09-23;2025-10-10;SELL;1001;15000;Costco Wholesale Corporation - Common Stock;spouse;House;capitol-exposed;2026-05-28 09:00:17.205986+00
b8d6039c-0e53-4c33-adce-32833a7cb898;JNJ;Val T. Hoyle;2025-09-23;2025-10-10;SELL;1001;15000;Johnson & Johnson Common Stock;spouse;House;capitol-exposed;2026-05-28 09:00:17.205986+00
bc81b6e6-e55b-450d-b394-2b20aa0e291b;COP;Val T. Hoyle;2025-09-23;2025-10-10;SELL;1001;15000;ConocoPhillips Common Stock;spouse;House;capitol-exposed;2026-05-28 09:00:17.205986+00
be6676f6-5f8e-4985-9f58-6f88509c50d6;UBER;Val T. Hoyle;2025-09-23;2025-10-10;SELL;1001;15000;Uber Technologies, Inc. Common Stock;spouse;House;capitol-exposed;2026-05-28 09:00:17.205986+00
640e93e8-247f-4692-baff-8ffc255bb8e9;AAPL;Val T. Hoyle;2025-09-23;2025-10-10;SELL;15001;50000;Apple Inc. - Common Stock;spouse;House;capitol-exposed;2026-05-28 09:00:17.205986+00
2d3dc820-251e-47fe-b427-797e6768782a;MSFT;Val T. Hoyle;2025-09-23;2025-10-10;SELL;15001;50000;Microsoft Corporation - Common Stock;spouse;House;capitol-exposed;2026-05-28 09:00:17.205986+00
86d85034-bee7-444f-8b78-aa7b58f3d39d;CRM;Val T. Hoyle;2025-09-23;2025-10-10;SELL;1001;15000;Salesforce, Inc. Common Stock;spouse;House;capitol-exposed;2026-05-28 09:00:17.205986+00
c9060388-9643-4773-bc11-dd04dd2822f4;PYPL;Val T. Hoyle;2025-09-23;2025-10-10;SELL;1001;15000;PayPal Holdings, Inc. - Common Stock;spouse;House;capitol-exposed;2026-05-28 09:00:17.205986+00
ca98ba59-2883-4c62-8bec-71cff3b92c8c;LMT;Val T. Hoyle;2025-09-23;2025-10-10;SELL;1001;15000;Lockheed Martin Corporation Common Stock;spouse;House;capitol-exposed;2026-05-28 09:00:17.205986+00
2240f921-ceaa-45f4-a43c-4c38cf5d2586;TGT;Val T. Hoyle;2025-09-23;2025-10-10;SELL;1001;15000;Target Corporation Common Stock;spouse;House;capitol-exposed;2026-05-28 09:00:17.205986+00
8f8ec0a2-dae3-40d6-9d76-1c0cfb0616d1;TSLA;Val T. Hoyle;2025-09-23;2025-10-10;SELL;1001;15000;Tesla, Inc. - Common Stock;spouse;House;capitol-exposed;2026-05-28 09:00:17.205986+00
a4bcbf62-1fa8-4d64-91cd-f7c8837d8a28;SBUX;Val T. Hoyle;2025-09-23;2025-10-10;SELL;1001;15000;Starbucks Corporation - Common Stock;spouse;House;capitol-exposed;2026-05-28 09:00:17.205986+00
8c7d8f0f-0583-41fa-aaa8-a031721e63f4;MA;Val T. Hoyle;2025-09-23;2025-10-10;SELL;1001;15000;Mastercard Incorporated Common Stock;spouse;House;capitol-exposed;2026-05-28 09:00:17.205986+00
a62a4ff6-0d79-42c5-98cb-beb123cc68b7;ORCL;Cleo Fields;2025-09-23;2025-09-30;BUY;15001;50000;Morgan Stanley - E*TRADE #2 Oracle Corporation Common Stock;self;House;capitol-exposed;2026-05-28 09:00:17.205986+00
b3f3c0ba-775a-4f4d-90ed-ac013f265f3c;INTC;Julia Letlow;2025-09-22;2026-01-13;BUY;1001;15000;Intel Corporation - Common Stock;self;House;capitol-exposed;2026-05-28 09:00:17.205986+00
4c6b96c6-d509-4542-bdda-34651af4d0da;PG;David J. Taylor;2025-09-22;2025-10-07;BUY;1001;15000;David Taylor Trust > Sardinia Ready Mix 401(k) - Dave Procter & Gamble Company;self;House;capitol-exposed;2026-05-28 09:00:17.205986+00
965a4b75-a390-4557-9ed7-5d7bc95536b9;AAPL;Adam B. Schiff;2025-09-22;2025-09-30;SELL;15001;50000;AAPL;self;Senate;capitol-exposed;2026-05-28 09:00:17.205986+00
276d5a24-f8fd-4104-9c7d-0f8cb92c8479;UNH;Richard McCormick;2025-09-18;2025-10-09;SELL;1001;15000;Growth Partners Roth IRA UnitedHealth Group Incorporated Common Stock;self;House;capitol-exposed;2026-05-28 09:00:17.205986+00
f2b49668-6aa7-473a-8016-58fb6de6369c;MSFT;Richard McCormick;2025-09-18;2025-10-09;SELL;1001;15000;Growth Partners Roth IRA Microsoft Corporation - Common Stock;self;House;capitol-exposed;2026-05-28 09:00:17.205986+00
36b63e92-c1f0-426f-b474-2e772e5662a6;MSFT;Shelley Moore Capito;2025-09-18;2025-10-05;SELL;15001;50000;MSFT;self;Senate;capitol-exposed;2026-05-28 09:00:17.205986+00
2709c8f8-5f1f-47d3-a7a0-0e64a1e46502;AAPL;Shelley Moore Capito;2025-09-18;2025-10-05;SELL;15001;50000;AAPL;self;Senate;capitol-exposed;2026-05-28 09:00:17.205986+00
ede2d12f-1e62-40f5-b37e-7327c0b9be36;ORCL;Cleo Fields;2025-09-18;2025-09-30;BUY;15001;50000;Morgan Stanley - E*TRADE #2 Oracle Corporation Common Stock;self;House;capitol-exposed;2026-05-28 09:00:17.205986+00
fe37e45b-1903-4187-9af8-1be5fc2be032;GOOGL;John Boozman;2025-09-17;2025-10-10;BUY;15001;50000;Alphabet Cl A;self;Senate;capitol-exposed;2026-05-28 09:00:17.205986+00
131aaf92-476d-409f-a371-fa21c91024e3;PG;Katherine M. Clark;2025-09-17;2025-10-03;SELL;15001;50000;Procter & Gamble Company;self;House;capitol-exposed;2026-05-28 09:00:17.205986+00
93082de9-d137-40a4-b422-fb75e09e6267;PG;Katherine M. Clark;2025-09-17;2025-10-03;SELL;0;0;Procter & Gamble Company (PG);self;House;capitol-exposed;2026-05-28 09:00:17.205986+00
e1b02584-98b5-4a0c-be81-74fa79be938a;GOOG;Cleo Fields;2025-09-17;2025-09-30;BUY;15001;50000;Alphabet Inc. - Class C Capital Stock;self;House;capitol-exposed;2026-05-28 09:00:17.205986+00
f71f3af4-138f-445c-9254-96144557dd36;GOOG;Cleo Fields;2025-09-17;2025-09-30;BUY;1001;15000;Morgan Stanley - E*TRADE #2 Alphabet Inc. - Class C Capital Stock;self;House;capitol-exposed;2026-05-28 09:00:17.205986+00
8a963db2-8567-4b80-8a19-8a91ab6c3c13;AVGO;Cleo Fields;2025-09-17;2025-09-30;BUY;15001;50000;Morgan Stanley - E*TRADE #2 Broadcom Inc. - Common Stock;self;House;capitol-exposed;2026-05-28 09:00:17.205986+00
693a5c4d-f9ee-410c-b328-7806c6757aa6;ORCL;Cleo Fields;2025-09-17;2025-09-30;BUY;50001;100000;Morgan Stanley - E*TRADE #2 Oracle Corporation Common Stock;self;House;capitol-exposed;2026-05-28 09:00:17.205986+00
2225dfff-fca5-4771-9ef5-bb32841f8e9b;AMZN;Cleo Fields;2025-09-17;2025-09-30;BUY;15001;50000;Cap. Gains > $200? Amazon.com, Inc. - Common Stock;self;House;capitol-exposed;2026-05-28 09:00:17.205986+00
501e759f-77f6-44d2-9fcc-dc5ae83aa38a;GOOG;Cleo Fields;2025-09-17;2025-09-30;BUY;0;0;Alphabet Inc. - Class C Capital Stock (GOOG);self;House;capitol-exposed;2026-05-28 09:00:17.205986+00
f3aacf69-161e-48af-aa20-f431dd01bd97;META;Cleo Fields;2025-09-17;2025-09-30;BUY;15001;50000;Morgan Stanley - E*TRADE #2 Meta Platforms, Inc. - Class A Common Stock;self;House;capitol-exposed;2026-05-28 09:00:17.205986+00
5324ef15-afe4-412a-b4d9-9e6269d24a4d;XOM;Julie Johnson;2025-09-16;2025-10-07;SELL;1001;15000;Exxon Mobil Corporation Common Stock;joint;House;capitol-exposed;2026-05-28 09:00:17.205986+00
06bbafd7-a8f8-4d67-9b24-a99fb639026b;ORCL;Thomas H. Kean, Jr.;2025-09-15;2025-10-14;SELL;1001;15000;State Street Bank & Trust Co. Oracle Corporation Common Stock;self;House;capitol-exposed;2026-05-28 09:00:17.205986+00
f0fe9d28-c52c-4e41-a8f9-052e47721532;ORCL;Thomas H. Kean, Jr.;2025-09-12;2025-10-14;SELL;15001;50000;Cap. Gains > $200? Oracle Corporation Common Stock;self;House;capitol-exposed;2026-05-28 09:00:17.205986+00
e44f6fde-b087-436c-a90a-d48e44895098;ORCL;John Boozman;2025-09-12;2025-10-10;SELL;1001;15000;Oracle Corp;self;Senate;capitol-exposed;2026-05-28 09:00:17.205986+00
e090f06f-49a4-46dd-a333-75fb2dc1ccc8;HD;Gilbert Ray Cisneros, Jr.;2025-09-12;2025-10-10;BUY;1001;15000;Main Street Trust > Bank of America Home Depot, Inc.;self;House;capitol-exposed;2026-05-28 09:00:17.205986+00
f7930fff-997b-4c51-a419-b766263434dd;NET;Gilbert Ray Cisneros, Jr.;2025-09-12;2025-10-10;BUY;1001;15000;Main Street Trust > Bank of America Cloudflare, Inc. Class A Common Stock;self;House;capitol-exposed;2026-05-28 09:00:17.205986+00
f55d56ad-cb13-4ffb-b4d7-241f5a6224a7;UPS;Lisa C. McClain;2025-09-11;2025-10-22;SELL;1001;15000;United Parcel Service, Inc. Common Stock;spouse;House;capitol-exposed;2026-05-28 09:00:17.205986+00
000d1f97-1043-4a55-9bc0-13ccd7cfc2d9;AMZN;Lisa C. McClain;2025-09-11;2025-10-22;BUY;1001;15000;Amazon.com, Inc. - Common Stock;spouse;House;capitol-exposed;2026-05-28 09:00:17.205986+00
83406e6a-9f89-44e6-8047-7ace923f2d52;MSFT;Lisa C. McClain;2025-09-11;2025-10-22;SELL;1001;15000;Microsoft Corporation - Common Stock;spouse;House;capitol-exposed;2026-05-28 09:00:17.205986+00
7ce4b0c5-ac13-4733-88fb-88b6cc6f7dc6;AAPL;Lisa C. McClain;2025-09-11;2025-10-22;BUY;1001;15000;Apple Inc. - Common Stock;spouse;House;capitol-exposed;2026-05-28 09:00:17.205986+00
06880ac4-f98e-4b46-88a9-9174edc9d00d;TSLA;Lisa C. McClain;2025-09-11;2025-10-22;BUY;1001;15000;Tesla, Inc. - Common Stock;spouse;House;capitol-exposed;2026-05-28 09:00:17.205986+00
2f757eb8-4c05-4225-8088-f23c79022500;PYPL;Lisa C. McClain;2025-09-11;2025-10-22;SELL;1001;15000;PayPal Holdings, Inc. - Common Stock;spouse;House;capitol-exposed;2026-05-28 09:00:17.205986+00
c771e5a0-9b10-4572-bd73-224b50faefd2;COIN;Tim Moore;2025-09-11;2025-10-10;BUY;15001;50000;Coinbase Global, Inc. - Class A Common Stock;self;House;capitol-exposed;2026-05-28 09:00:17.205986+00
404c63d4-a050-45fc-8a57-0638eacacad2;COIN;Tim Moore;2025-09-11;2025-10-10;BUY;0;0;Coinbase Global, Inc. - Class A Common Stock (COIN);self;House;capitol-exposed;2026-05-28 09:00:17.205986+00
b547c5f4-3efe-41be-81e9-8089a5a45ba4;AMZN;Val T. Hoyle;2025-09-10;2025-10-10;BUY;1001;15000;Amazon.com, Inc. - Common Stock;spouse;House;capitol-exposed;2026-05-28 09:00:17.205986+00
bed677b6-f983-4539-b77f-a5189fbcb7ab;PG;Tim Moore;2025-09-10;2025-10-10;SELL;1001;15000;Schwab One Procter & Gamble Company;self;House;capitol-exposed;2026-05-28 09:00:17.205986+00
50a01796-e99e-4608-8da1-e94deff0b538;AAPL;Cleo Fields;2025-09-10;2025-09-30;BUY;50001;100000;Morgan Stanley - E*TRADE #2 Apple Inc. - Common Stock;self;House;capitol-exposed;2026-05-28 09:00:17.205986+00
4d0a53fc-1d8a-41e1-993c-e65b46c5d554;META;Cleo Fields;2025-09-10;2025-09-30;BUY;50001;100000;Morgan Stanley - E*TRADE #2 Meta Platforms, Inc. - Class A Common Stock;self;House;capitol-exposed;2026-05-28 09:00:17.205986+00
4a0a6962-216d-4e9b-a8bc-bb34c026b529;AMZN;Cleo Fields;2025-09-10;2025-09-30;BUY;50001;100000;Morgan Stanley - E*TRADE #2 Amazon.com, Inc. - Common Stock;self;House;capitol-exposed;2026-05-28 09:00:17.205986+00
8b76d9e8-255e-44e3-909f-507050d68215;QCOM;Cleo Fields;2025-09-10;2025-09-30;BUY;15001;50000;Morgan Stanley - E*TRADE #2 QUALCOMM Incorporated - Common Stock;self;House;capitol-exposed;2026-05-28 09:00:17.205986+00
708844b5-692d-4eb8-87ae-2a0ee9ac3c58;UBER;Cleo Fields;2025-09-10;2025-09-30;BUY;1001;15000;Morgan Stanley - E*TRADE #2 Uber Technologies, Inc. Common Stock;self;House;capitol-exposed;2026-05-28 09:00:17.205986+00
252c3f6b-780d-4733-a11f-1bd302599d2b;MCD;Cleo Fields;2025-09-10;2025-09-30;BUY;15001;50000;Stock McDonald's Corporation Common Stock;self;House;capitol-exposed;2026-05-28 09:00:17.205986+00
5c32b0c6-bfd5-4b97-bcdb-8023819d1a39;NOC;Gilbert Ray Cisneros, Jr.;2025-09-05;2025-10-10;SELL;1001;15000;Main Street Trust > Bank of America Northrop Grumman Corporation Common Stock;self;House;capitol-exposed;2026-05-28 09:00:17.205986+00
b38d55dd-d5b4-46ea-867b-f21efcd394ce;UNH;Gilbert Ray Cisneros, Jr.;2025-09-05;2025-10-10;BUY;1001;15000;Main Street Trust > Bank of America D: Ticker UCG IM UnitedHealth Group Incorporated Common Stock;self;House;capitol-exposed;2026-05-28 09:00:17.205986+00
45fc07d9-0d80-4a7f-a98b-5f4f6ecd1989;ADBE;John Boozman;2025-09-04;2025-10-10;BUY;1001;15000;Adobe Systems Inc;self;Senate;capitol-exposed;2026-05-28 09:00:17.205986+00
fec393d4-d557-4c53-84fc-cc0f77069b12;UNH;Sheldon Whitehouse;2025-09-04;2025-10-03;SELL;15001;50000;Unitedhealth Group Inc;self;Senate;capitol-exposed;2026-05-28 09:00:17.205986+00
e47c2a1f-c72c-402f-ad57-c7594b2e6fcb;NVDA;Sheldon Whitehouse;2025-09-04;2025-10-03;SELL;15001;50000;Nvidia Corp;self;Senate;capitol-exposed;2026-05-28 09:00:17.205986+00
745a99f1-f157-4037-aab6-4ed808b83cd1;VZ;Sheldon Whitehouse;2025-09-04;2025-10-03;SELL;1001;15000;VZ;self;Senate;capitol-exposed;2026-05-28 09:00:17.205986+00
df7cb720-084b-42e9-b74f-c1fb1ad22bed;AAPL;Sheldon Whitehouse;2025-09-04;2025-10-03;SELL;15001;50000;Apple Inc;self;Senate;capitol-exposed;2026-05-28 09:00:17.205986+00
ffb9240e-275f-4d47-ab5e-29b9940ac0b9;MSFT;Sheldon Whitehouse;2025-09-04;2025-10-03;SELL;15001;50000;MSFT;self;Senate;capitol-exposed;2026-05-28 09:00:17.205986+00
4e0d9ff0-660a-476a-b199-7e698b747e47;HON;Sheldon Whitehouse;2025-09-04;2025-10-03;SELL;15001;50000;Honeywell International Inc;self;Senate;capitol-exposed;2026-05-28 09:00:17.205986+00
1c16c429-5bc4-48e6-9245-e2b35d3b2173;GOOG;Cleo Fields;2025-09-03;2025-09-30;BUY;100001;250000;Morgan Stanley - E*TRADE #2 Alphabet Inc. - Class C Capital Stock;self;House;capitol-exposed;2026-05-28 09:00:17.205986+00
11bd2992-40ba-4bc5-a569-4272f0ebdf37;NVDA;Cleo Fields;2025-09-03;2025-09-30;BUY;50001;100000;Morgan Stanley - E*TRADE #2 NVIDIA Corporation - Common Stock;self;House;capitol-exposed;2026-05-28 09:00:17.205986+00
05e58d18-8735-4ccf-b0cc-81895070595a;AMZN;Cleo Fields;2025-09-03;2025-09-30;BUY;100001;250000;Morgan Stanley - E*TRADE #2 Amazon.com, Inc. - Common Stock;self;House;capitol-exposed;2026-05-28 09:00:17.205986+00
00df962b-e0fe-493c-83c9-56ed4443ef64;AAPL;Cleo Fields;2025-09-03;2025-09-30;BUY;100001;250000;Morgan Stanley - E*TRADE #2 Apple Inc. - Common Stock;self;House;capitol-exposed;2026-05-28 09:00:17.205986+00
48973646-50ac-4605-b22f-1b1a466463f5;GOOGL;David J. Taylor;2025-09-03;2025-09-16;SELL;1001;15000;Alphabet Inc. - Class A Common Stock;self;House;capitol-exposed;2026-05-28 09:00:17.205986+00
3af49229-56a5-4848-9507-151856a56298;CRM;David J. Taylor;2025-09-03;2025-09-16;BUY;1001;15000;David Taylor Trust > Schwab Joint Brokerage #1 (Home Grown) Salesforce, Inc. Common Stock;self;House;capitol-exposed;2026-05-28 09:00:17.205986+00
da94de59-2a80-45b6-86c7-38b0d251cfbc;ARM;Jonathan L. Jackson;2025-09-02;2025-10-15;SELL;1001;15000;Arm Holdings plc - American Depositary Shares (ARM);self;House;capitol-exposed;2026-05-28 09:00:17.205986+00
645091ac-d9d7-40db-b6f2-6515d0d924b6;PEP;John W. Hickenlooper;2025-09-02;2025-10-06;SELL;100001;250000;PepsiCo, Inc. - Common Stock;self;Senate;capitol-exposed;2026-05-28 09:00:17.205986+00
90ad01ce-8491-4f82-a616-3f9d0cded206;WFC;Mitch McConnell;2025-09-01;2025-09-12;BUY;1001;15000;WFC;self;Senate;capitol-exposed;2026-05-28 09:00:17.205986+00
003b5747-906c-4fd4-b02b-515e4a8bae3f;TSM;Lisa C. McClain;2025-08-28;2025-09-12;SELL;50001;100000;Taiwan Semiconductor Manufacturing Company Ltd.;spouse;House;capitol-exposed;2026-05-28 09:00:17.205986+00
39c3ad3e-722f-4dc2-9925-9473eeaabd97;UNH;Sheldon Whitehouse;2025-08-28;2025-09-03;SELL;15001;50000;UNH;self;Senate;capitol-exposed;2026-05-28 09:00:17.205986+00
886e2190-bab6-4fb7-b47a-76f2cfafe5eb;NVDA;Matt Van Epps;2026-06-16;2026-06-17;SELL;1001;15000;ʋʎʋʐʉ Sʖʃʖʗʕ: New Sʗʄʊʑʎʆʋʐʉ Oʈ: Schwab One Account NVIDIA Corporation - Common Stock;self;House;capitol-exposed;2026-06-18 09:00:15.883912+00
5987e836-0186-4b06-b96b-27565c565065;MSFT;Matt Van Epps;2026-06-16;2026-06-17;SELL;1001;15000;ʋʎʋʐʉ Sʖʃʖʗʕ: New Sʗʄʊʑʎʆʋʐʉ Oʈ: Schwab One Account Microsoft Corporation - Common Stock;self;House;capitol-exposed;2026-06-18 09:00:15.883912+00
f6036a0b-71fa-4338-ba49-5e2c569d6903;APOG;Donald J Trump;2026-03-30;2026-05-14;BUY;15001;50000;APOGEE ENTERPRISES INC;;President (White House Office);unusualwhales;2026-05-29 01:57:15.026386+00
85dbb7f4-992a-4f6f-a31f-cda8e4364c12;META;Matt Van Epps;2026-06-16;2026-06-17;SELL;1001;15000;ʋʎʋʐʉ Sʖʃʖʗʕ: New Sʗʄʊʑʎʆʋʐʉ Oʈ: Schwab One Account Meta Platforms, Inc. - Class A Common Stock;self;House;capitol-exposed;2026-06-18 09:00:15.883912+00
fd328025-8408-4a37-948d-5c7526f27384;INTC;Matt Van Epps;2026-06-16;2026-06-17;SELL;1001;15000;Cap. Gains > $200? Intel Corporation - Common Stock;self;House;capitol-exposed;2026-06-18 09:00:15.883912+00
5ed48a14-983f-4a3d-b7f1-fd8b0a0e26fb;GE;Matt Van Epps;2026-06-16;2026-06-17;SELL;1001;15000;ʋʎʋʐʉ Sʖʃʖʗʕ: New Sʗʄʊʑʎʆʋʐʉ Oʈ: Schwab One Account GE Aerospace Common Stock;self;House;capitol-exposed;2026-06-18 09:00:15.883912+00
512d09e1-44c2-4c29-a483-29d5e2c3bdc0;ACIW;Donald J Trump;2026-03-30;2026-05-14;BUY;100;1;ACI WORLDWIDE INC;;President (White House Office);unusualwhales;2026-05-29 01:57:15.026386+00
a9b4a2f6-e993-4306-985c-5e1c788fbe85;AGYS;Donald J Trump;2026-03-30;2026-05-14;BUY;15001;50000;AGILYSYS INC;;President (White House Office);unusualwhales;2026-05-29 01:57:15.026386+00
5f810e01-51b8-425c-8ace-6c8a84a953a4;NAVI;Donald J Trump;2026-03-30;2026-05-14;BUY;15001;50000;NAVIENT CORP;;President (White House Office);unusualwhales;2026-05-29 01:57:15.026386+00
2bf7f1d6-6219-4ee0-b2ea-97ca1102243a;XOM;Matt Van Epps;2026-06-16;2026-06-17;SELL;1001;15000;ʋʎʋʐʉ Sʖʃʖʗʕ: New Sʗʄʊʑʎʆʋʐʉ Oʈ: Schwab One Account Exxon Mobil Corporation Common Stock;self;House;capitol-exposed;2026-06-18 09:00:15.883912+00
9d7cd392-3ca0-4a23-bda9-2f0c3ce75e60;AAPL;Matt Van Epps;2026-06-16;2026-06-17;SELL;1001;15000;ʋʎʋʐʉ Sʖʃʖʗʕ: New Sʗʄʊʑʎʆʋʐʉ Oʈ: Schwab One Account Apple Inc. - Common Stock;self;House;capitol-exposed;2026-06-18 09:00:15.883912+00
e9629c55-dce2-4c98-b485-dcc4abfe33ee;AGX;Donald J Trump;2026-03-30;2026-05-14;BUY;15001;50000;ARGAN INC;;President (White House Office);unusualwhales;2026-05-29 01:57:15.026386+00
aeb759df-dda5-4d2f-8d8d-b23ae6ce1e3f;GKOS;Donald J Trump;2026-03-30;2026-05-14;BUY;15001;50000;GLAUKOS CORP;;President (White House Office);unusualwhales;2026-05-29 01:57:15.026386+00
9fa89d9a-dae7-4f73-8d63-393a07ec3248;SDGR;Donald J Trump;2026-03-30;2026-05-14;BUY;15001;50000;SCHRODINGER INC;;President (White House Office);unusualwhales;2026-05-29 01:57:15.026386+00
031ef47f-7527-4006-9564-9e0c429c5b81;UPWK;Donald J Trump;2026-03-30;2026-05-14;BUY;15001;50000;UPWORK INC;;President (White House Office);unusualwhales;2026-05-29 01:57:15.026386+00
32f18b2e-18a6-49ab-afbf-baeea83b9581;WT;Donald J Trump;2026-03-30;2026-05-14;BUY;15;1;WISDOMTREE INC;;President (White House Office);unusualwhales;2026-05-29 01:57:15.026386+00
3d19fa4a-3f70-4400-90eb-03cec521e7a4;AMZN;Matt Van Epps;2026-06-16;2026-06-17;SELL;1001;15000;ʋʎʋʐʉ Sʖʃʖʗʕ: New Sʗʄʊʑʎʆʋʐʉ Oʈ: Schwab One Account Amazon.com, Inc. - Common Stock;self;House;capitol-exposed;2026-06-18 09:00:15.883912+00
e06f0ac9-7528-44bc-b939-718710d20ce7;GOOGL;Matt Van Epps;2026-06-16;2026-06-17;SELL;1001;15000;Alphabet Inc. - Class A Common Stock;self;House;capitol-exposed;2026-06-18 09:00:15.883912+00
3b14dcb1-e297-4ce6-bcc3-9928ad331606;MSFT;Jonathan L. Jackson;2026-05-12;2026-06-16;SELL;15001;50000;Microsoft Corporation - Common Stock;joint;House;capitol-exposed;2026-06-18 09:00:15.883912+00
36a1d01b-08e3-4688-9eac-4937759a1a43;TSM;Rick W. Allen;2026-05-08;2026-06-16;BUY;1001;15000;Taiwan Semiconductor Manufacturing Company Ltd.;spouse;House;capitol-exposed;2026-06-18 09:00:15.883912+00
b65ff057-3b5c-4c63-87e8-0e3fe0a12e93;MBC;Donald J Trump;2026-03-30;2026-05-14;BUY;15001;50000;MASTERBRAND INC;;President (White House Office);unusualwhales;2026-05-29 01:57:15.026386+00
27a93811-0d81-4efe-866a-8d134d5cc43d;PAYOW;Donald J Trump;2026-03-30;2026-05-14;BUY;15001;50000;PAYONEER GLOBAL INC;;President (White House Office);unusualwhales;2026-05-29 01:57:15.026386+00
ce66450f-e3b0-4831-bd2a-77e25ba26b71;NSP;Donald J Trump;2026-03-30;2026-05-14;BUY;15;1;INSPERITY INC;;President (White House Office);unusualwhales;2026-05-29 01:57:15.026386+00
0b711c4d-a0d5-4d26-a39a-1fc16a921b40;SMPL;Donald J Trump;2026-03-30;2026-05-14;BUY;15001;50000;SIMPLY GOOD FOODS CO;;President (White House Office);unusualwhales;2026-05-29 01:57:15.026386+00
b8a3f35a-9afa-429e-af1d-f8191d7878f8;GFF;Donald J Trump;2026-03-30;2026-05-14;BUY;50001;100000;GRIFFON CORP;;President (White House Office);unusualwhales;2026-05-29 01:57:15.026386+00
b15e09bc-4c6b-47c5-8231-3d878f29438c;ARLO;Donald J Trump;2026-03-30;2026-05-14;BUY;15001;50000;ARLO TECHNOLOGIES INC;;President (White House Office);unusualwhales;2026-05-29 01:57:15.026386+00
1c858746-a4ef-4f14-8a4f-32be08d883ac;GPI;Donald J Trump;2026-03-30;2026-05-14;BUY;50001;100000;GROUP 1 AUTOMOTIVE INC;;President (White House Office);unusualwhales;2026-05-29 01:57:15.026386+00
d39b6f80-8bfc-4e7e-981f-97bf230a7eaf;CRVL;Donald J Trump;2026-03-30;2026-05-14;BUY;15001;50000;CORVEL CORP;;President (White House Office);unusualwhales;2026-05-29 01:57:15.026386+00
626792bb-91f4-4820-ad8a-7c19ef91790f;AROC;Donald J Trump;2026-03-30;2026-05-14;BUY;15001;50000;ARCHROCK INC;;President (White House Office);unusualwhales;2026-05-29 01:57:15.026386+00
dd0e2920-f96b-4809-ade5-61f8fb4fc5ad;JNJ;Kelly Morrison;2025-08-19;2025-09-11;SELL;1001;15000;Trust 5 Johnson & Johnson Common Stock;self;House;capitol-exposed;2026-06-17 09:00:19.457251+00
97a94224-35a9-4c4f-bff5-805a5e8225aa;XOM;Dan Newhouse;2025-08-18;2025-09-17;BUY;1001;15000;Exxon Mobil Corporation Common Stock;spouse;House;capitol-exposed;2026-06-17 09:00:19.457251+00
65658c63-0a27-4264-9ac1-f6f150c2fc2c;UPS;Dan Newhouse;2025-08-18;2025-09-17;BUY;1001;15000;United Parcel Service, Inc. Common Stock;spouse;House;capitol-exposed;2026-06-17 09:00:19.457251+00
85ce483f-1b0d-4184-bfea-abb5f7a46291;COP;Dan Newhouse;2025-08-18;2025-09-17;BUY;1001;15000;ConocoPhillips Common Stock;spouse;House;capitol-exposed;2026-06-17 09:00:19.457251+00
aaae4083-6283-4058-ab3a-40618c75153f;RTX;Dan Newhouse;2025-08-18;2025-09-17;SELL;1001;15000;RTX Corporation Common Stock;spouse;House;capitol-exposed;2026-06-17 09:00:19.457251+00
196698de-8d10-4b81-90fb-daae9fb7474c;TGT;Dan Newhouse;2025-08-18;2025-09-17;BUY;1001;15000;Target Corporation Common Stock;spouse;House;capitol-exposed;2026-06-17 09:00:19.457251+00
31601f95-1783-4b22-8d85-cc65dba3797e;AMD;Dan Newhouse;2025-08-18;2025-09-17;BUY;1001;15000;Advanced Micro Devices, Inc. (AMD);self;House;capitol-exposed;2026-06-17 09:00:19.457251+00
41fd75b6-1d7b-4a33-ba7f-766fd3cd90a3;AMD;Cleo Fields;2025-08-15;2025-09-03;BUY;15001;50000;Morgan Stanley - E*TRADE #2 Advanced Micro Devices, Inc.;self;House;capitol-exposed;2026-06-17 09:00:19.457251+00
bbd9f98d-48ac-4d1e-9491-a5a5df15b3cd;AMZN;Cleo Fields;2025-08-15;2025-09-03;BUY;15001;50000;Morgan Stanley - E*TRADE #2 Amazon.com, Inc. - Common Stock;self;House;capitol-exposed;2026-06-17 09:00:19.457251+00
081b2179-07a5-4621-b01e-ef085180dfcd;AVGO;Cleo Fields;2025-08-15;2025-09-03;BUY;15001;50000;Morgan Stanley - E*TRADE #2 Broadcom Inc. - Common Stock;self;House;capitol-exposed;2026-06-17 09:00:19.457251+00
c90af6eb-fe7a-494a-b6ba-3577d9c6e12d;UNH;Tim Moore;2025-08-15;2025-09-03;SELL;50001;100000;UnitedHealth Group Incorporated Common Stock;self;House;capitol-exposed;2026-06-17 09:00:19.457251+00
51b2be62-4a4e-4e2d-b982-549477e01676;TSM;Cleo Fields;2025-08-15;2025-09-03;BUY;15001;50000;Morgan Stanley - E*TRADE #2 Taiwan Semiconductor Manufacturing Company Ltd.;self;House;capitol-exposed;2026-06-17 09:00:19.457251+00
5bb53942-94f3-41ed-9601-ef11b7db09ec;NVDA;Cleo Fields;2025-08-15;2025-09-03;BUY;15001;50000;Morgan Stanley - E*TRADE #2 NVIDIA Corporation - Common Stock;self;House;capitol-exposed;2026-06-17 09:00:19.457251+00
793e37af-efcf-4ae4-b5ea-2f758a3edd48;NVDA;Cleo Fields;2025-08-15;2025-09-03;BUY;100001;250000;Morgan Stanley - E*TRADE #2 NVIDIA Corporation - Common Stock;self;House;capitol-exposed;2026-06-17 09:00:19.457251+00
5325dd2a-1220-456f-9540-9177aa22ab93;AMZN;Cleo Fields;2025-08-15;2025-09-03;BUY;50001;100000;Morgan Stanley - E*TRADE #2 Amazon.com, Inc. - Common Stock;self;House;capitol-exposed;2026-06-17 09:00:19.457251+00
9bf4090b-9710-4c97-be99-40a324e3b4e8;AAPL;Ed Case;2025-08-14;2026-04-06;BUY;1001;15000;Apple Inc. - Common Stock;spouse;House;capitol-exposed;2026-06-17 09:00:19.457251+00
055a7709-ae91-4be5-a795-0bf955e9d870;LLY;Julie Johnson;2025-08-14;2025-09-11;SELL;1001;15000;Eli Lilly and Company Common Stock;joint;House;capitol-exposed;2026-06-17 09:00:19.457251+00
f84a0214-df10-45ca-979a-60dc1504b8f3;BAC;Julie Johnson;2025-08-14;2025-09-11;SELL;1001;15000;Bank of America Corporation Common Stock;joint;House;capitol-exposed;2026-06-17 09:00:19.457251+00
224cf7e7-dc8b-454f-9f4d-e55c5f8effd4;MCD;Julie Johnson;2025-08-14;2025-09-11;SELL;1001;15000;McDonald's Corporation Common Stock;joint;House;capitol-exposed;2026-06-17 09:00:19.457251+00
65c3512b-b2fc-4868-bf56-cd85dee3b5b8;GS;Julie Johnson;2025-08-14;2025-09-11;SELL;1001;15000;Goldman Sachs Group, Inc.;joint;House;capitol-exposed;2026-06-17 09:00:19.457251+00
381aabab-de67-4c58-b177-2a143cfb4ec8;WMT;Julie Johnson;2025-08-14;2025-09-11;SELL;1001;15000;Walmart Inc. Common Stock;joint;House;capitol-exposed;2026-06-17 09:00:19.457251+00
71ddd0cb-4bb7-4e5d-b6ba-4a54dce854e3;WFC;Julie Johnson;2025-08-14;2025-09-11;SELL;1001;15000;Wells Fargo & Company Common Stock;joint;House;capitol-exposed;2026-06-17 09:00:19.457251+00
acc989dd-6fae-484a-9b5f-d0636827d098;RTX;Julie Johnson;2025-08-14;2025-09-11;SELL;1001;15000;RTX Corporation Common Stock;joint;House;capitol-exposed;2026-06-17 09:00:19.457251+00
14864361-4a2e-4979-a896-057a09b2a9f6;PG;Julie Johnson;2025-08-14;2025-09-11;SELL;1001;15000;Procter & Gamble Company;joint;House;capitol-exposed;2026-06-17 09:00:19.457251+00
b8f8ba1c-75e2-48e8-aab9-8feebee1eaad;MSFT;Julie Johnson;2025-08-14;2025-09-11;SELL;1001;15000;Microsoft Corporation - Common Stock;joint;House;capitol-exposed;2026-06-17 09:00:19.457251+00
b7aeb4ae-4380-4b47-ac78-1b1566cb50a4;MRK;Julie Johnson;2025-08-14;2025-09-11;SELL;1001;15000;Merck & Company, Inc. Common Stock;joint;House;capitol-exposed;2026-06-17 09:00:19.457251+00
43630bc7-145e-41e5-b873-91b850d56a14;JNJ;Julie Johnson;2025-08-14;2025-09-11;SELL;1001;15000;Johnson & Johnson Common Stock;joint;House;capitol-exposed;2026-06-17 09:00:19.457251+00
d0702c44-79ff-4516-b590-568aa6a8541d;HD;Julie Johnson;2025-08-14;2025-09-11;SELL;1001;15000;Home Depot, Inc.;joint;House;capitol-exposed;2026-06-17 09:00:19.457251+00
d241f904-fb4e-4046-96f4-15b38e54ebe4;GD;Julie Johnson;2025-08-14;2025-09-11;SELL;1001;15000;General Dynamics Corporation Common Stock;joint;House;capitol-exposed;2026-06-17 09:00:19.457251+00
cc4446bf-db12-4e03-87f7-1482acda4cca;CVX;Julie Johnson;2025-08-14;2025-09-11;SELL;1001;15000;Chevron Corporation Common Stock;joint;House;capitol-exposed;2026-06-17 09:00:19.457251+00
47cb0f83-872b-4a09-ab06-306b6930a5bb;PEP;Julie Johnson;2025-08-14;2025-09-11;SELL;1001;15000;Pepsico, Inc.;joint;House;capitol-exposed;2026-06-17 09:00:19.457251+00
5ba533aa-bc2c-41fc-a254-b072623b59cc;XOM;Julie Johnson;2025-08-14;2025-09-11;SELL;1001;15000;Exxon Mobil Corporation Common Stock;joint;House;capitol-exposed;2026-06-17 09:00:19.457251+00
7dc056f4-9285-4884-9574-a284f7ab79da;VZ;Julie Johnson;2025-08-14;2025-09-11;SELL;1001;15000;Verizon Communications Inc. Common Stock;joint;House;capitol-exposed;2026-06-17 09:00:19.457251+00
8e6f6066-f0ed-4350-97c8-f6ede3b9e5b0;UNH;Julie Johnson;2025-08-14;2025-09-11;SELL;1001;15000;UnitedHealth Group Incorporated Common Stock;joint;House;capitol-exposed;2026-06-17 09:00:19.457251+00
ae182e0a-4463-47ab-9089-655d84f2bf75;MMM;Julie Johnson;2025-08-14;2025-09-11;BUY;1001;15000;3M Company Common Stock (MMM);self;House;capitol-exposed;2026-06-17 09:00:19.457251+00
c0fd5f0c-10ed-4b59-946b-e5bcf8fb85d6;COP;Julie Johnson;2025-08-14;2025-09-11;SELL;1001;15000;ConocoPhillips Common Stock;joint;House;capitol-exposed;2026-06-17 09:00:19.457251+00
ed311cd3-8d72-4a99-a700-4c5c85027840;MMM;Julie Johnson;2025-08-14;2025-09-11;SELL;1001;15000;3M Company Common Stock;joint;House;capitol-exposed;2026-06-17 09:00:19.457251+00
3e2fc16f-57ae-4225-a1fc-3905071b172d;ABBV;Julie Johnson;2025-08-14;2025-09-11;SELL;1001;15000;AbbVie Inc. Common Stock;joint;House;capitol-exposed;2026-06-17 09:00:19.457251+00
e24bf954-5563-4c41-bbf2-d5feef04b4fe;AAPL;Cleo Fields;2025-08-14;2025-09-03;BUY;1001;15000;Cap. Gains > $200? Apple Inc. - Common Stock;self;House;capitol-exposed;2026-06-17 09:00:19.457251+00
2bedd53d-71ba-4d04-ab7a-172dea4b6381;PYPL;Lisa C. McClain;2025-08-04;2025-09-12;BUY;1001;15000;PayPal Holdings, Inc. - Common Stock;spouse;House;capitol-exposed;2026-06-17 09:00:19.457251+00
d5121c89-6102-4cb9-a7c1-8370c43f8777;V;Josh Gottheimer;2025-08-01;2025-09-05;SELL;1001;15000;Visa Inc.;joint;House;capitol-exposed;2026-06-22 09:00:28.116388+00
2eca4814-2606-4c87-895c-1d1888b308b1;AMD;Cleo Fields;2025-08-01;2025-09-03;BUY;15001;50000;Advanced Micro Devices, Inc.;self;House;capitol-exposed;2026-06-22 09:00:28.116388+00
5165f5f0-3855-4d8e-b1f0-fb403eb00287;VZ;Tim Moore;2025-08-01;2025-09-03;SELL;15001;50000;Verizon Communications Inc. Common Stock;self;House;capitol-exposed;2026-06-22 09:00:28.116388+00
5ff1cf9d-94e5-46cb-9feb-ad421ba66be8;META;Cleo Fields;2025-08-01;2025-09-03;BUY;0;0;Meta Platforms, Inc. - Class A Common Stock (META);self;House;capitol-exposed;2026-06-22 09:00:28.116388+00
f07ccea3-2e7c-4b3a-8522-631ba79f611b;INTC;Tim Moore;2025-08-01;2025-09-03;BUY;15001;50000;Intel Corporation - Common Stock;self;House;capitol-exposed;2026-06-22 09:00:28.116388+00
ab8f2ccb-af46-47a7-8d2e-46b14cdc5ce6;GOOG;Cleo Fields;2025-08-01;2025-09-03;BUY;100001;250000;Morgan Stanley - E*TRADE #2 Alphabet Inc. - Class C Capital Stock;self;House;capitol-exposed;2026-06-22 09:00:28.116388+00
dcee08d5-33bd-4467-83d3-4413496b7fc6;AAPL;Cleo Fields;2025-08-01;2025-09-03;BUY;15001;50000;Morgan Stanley - E*TRADE #2 Apple Inc. - Common Stock;self;House;capitol-exposed;2026-06-22 09:00:28.116388+00
95084524-a71a-4cb7-af3c-dfac57120bb8;AIR;Donald J Trump;2026-03-30;2026-05-14;BUY;15001;50000;AAR CORP;;President (White House Office);unusualwhales;2026-05-29 01:57:15.026386+00
07a9027e-0f0b-44a4-8d32-f9d34f2f9a6a;MNRO;Donald J Trump;2026-03-30;2026-05-14;BUY;15001;50000;MONRO INC;;President (White House Office);unusualwhales;2026-05-29 01:57:15.026386+00
0ba1806c-5526-486a-8161-a692aaa89a5a;TRIP;Donald J Trump;2026-03-30;2026-05-14;BUY;15001;50000;TRIPADVISOR INC;;President (White House Office);unusualwhales;2026-05-29 01:57:15.026386+00
99e6dfed-5088-40fe-99b8-7270086ce999;VSEC;Donald J Trump;2026-03-30;2026-05-14;BUY;15001;50000;VSE CORP;;President (White House Office);unusualwhales;2026-05-29 01:57:15.026386+00
5e0caecf-6262-4de1-beb0-32967fcb1106;ZD;Donald J Trump;2026-03-30;2026-05-14;BUY;15001;50000;ZIFF DAVIS INC;;President (White House Office);unusualwhales;2026-05-29 01:57:15.026386+00
da3d4c5a-f385-4549-96b5-357f1a01a0a2;AMZN;Cleo Fields;2025-08-01;2025-09-03;BUY;100001;250000;Morgan Stanley - E*TRADE #2 Amazon.com, Inc. - Common Stock;self;House;capitol-exposed;2026-06-22 09:00:28.116388+00
20de4ec0-27ef-4b1a-8c66-ffd1dbe825e0;MSFT;Cleo Fields;2025-08-01;2025-09-03;BUY;50001;100000;Morgan Stanley - E*TRADE #2 Microsoft Corporation - Common Stock;self;House;capitol-exposed;2026-06-22 09:00:28.116388+00
d7694a72-573e-4f5f-a51b-cd7edaac4260;NVDA;Cleo Fields;2025-08-01;2025-09-03;BUY;50001;100000;Morgan Stanley - E*TRADE #2 NVIDIA Corporation - Common Stock;self;House;capitol-exposed;2026-06-22 09:00:28.116388+00
bb2224a7-b990-4518-9ed5-d7b025fb2ab2;WD;Donald J Trump;2026-03-30;2026-05-14;BUY;15001;50000;WALKER & DUNLOP INC;;President (White House Office);unusualwhales;2026-05-29 01:57:15.026386+00
4288eb73-ea05-4c69-9706-6ce6a9a90519;NVDA;Cleo Fields;2025-08-01;2025-09-03;BUY;100001;250000;Morgan Stanley - E*TRADE #2 NVIDIA Corporation - Common Stock;self;House;capitol-exposed;2026-06-22 09:00:28.116388+00
bbf12ad5-6322-44ec-9741-ed74edf40342;NWL;Donald J Trump;2026-03-30;2026-05-14;BUY;15001;50000;NEWELL BRANDS INC;;President (White House Office);unusualwhales;2026-05-29 01:57:15.026386+00
e96782f3-8381-498a-8dcd-d7639d014420;TSM;Cleo Fields;2025-08-01;2025-09-03;BUY;100001;250000;FS: New SO: Morgan Stanley - E*TRADE #2 Taiwan Semiconductor Manufacturing Company Ltd.;self;House;capitol-exposed;2026-06-22 09:00:28.116388+00
182784fa-ce21-4fd4-96bc-d5396d284e38;TSM;Cleo Fields;2025-08-01;2025-09-03;BUY;1001;15000;Morgan Stanley - E*TRADE #2 Taiwan Semiconductor Manufacturing Company Ltd.;self;House;capitol-exposed;2026-06-22 09:00:28.116388+00
f33c0c89-cf15-4d77-9d85-00f4bfb57cab;MSFT;Cleo Fields;2025-08-01;2025-09-03;BUY;100001;250000;Morgan Stanley - E*TRADE #2 Microsoft Corporation - Common Stock;self;House;capitol-exposed;2026-06-22 09:00:28.116388+00
49f2bb83-35c0-4bad-9e80-55fa4e60b51f;AMD;Cleo Fields;2025-08-01;2025-09-03;BUY;0;0;Advanced Micro Devices, Inc. (AMD);self;House;capitol-exposed;2026-06-22 09:00:28.116388+00
8b6f4213-ef8a-4261-83a6-9500fe135e79;UNH;Tim Moore;2025-08-01;2025-09-03;BUY;1001;15000;UnitedHealth Group Incorporated Common Stock;self;House;capitol-exposed;2026-06-22 09:00:28.116388+00
33098988-16e5-425b-9214-6f2727e5be20;META;Cleo Fields;2025-08-01;2025-09-03;BUY;100001;250000;Stock Meta Platforms, Inc. - Class A Common Stock;self;House;capitol-exposed;2026-06-22 09:00:28.116388+00
91f39572-9147-4d51-842e-994b89b6c6b3;CERT;Donald J Trump;2026-03-30;2026-05-14;BUY;15001;50000;CERTARA INC;;President (White House Office);unusualwhales;2026-05-29 01:57:15.026386+00
b26f32b6-ca14-4e4d-9e02-42dacd8d1302;UNH;Markwayne Mullin;2025-08-01;2025-08-19;SELL;15001;50000;UNH;self;Senate;capitol-exposed;2026-06-22 09:00:28.116388+00
f6b0b0d4-dd55-4365-9fd4-7830861dd882;JNJ;Thomas H. Kean, Jr.;2025-07-31;2025-08-20;SELL;15001;50000;Kean Family Partnership Johnson & Johnson Common Stock;self;House;capitol-exposed;2026-06-22 09:00:28.116388+00
6aee7347-40b3-4414-b8dd-bd168df89446;LGIH;Donald J Trump;2026-03-30;2026-05-14;BUY;15001;50000;LGI HOMES INC;;President (White House Office);unusualwhales;2026-05-29 01:57:15.026386+00
c4380282-b167-43cf-895a-5dd61b387029;YELP;Donald J Trump;2026-03-30;2026-05-14;BUY;15001;50000;YELP INC;;President (White House Office);unusualwhales;2026-05-29 01:57:15.026386+00
1b072182-3cbc-47a4-8ddb-4ed1f4b48eb2;GD;John Boozman;2025-07-31;2025-08-07;SELL;1001;15000;GD;self;Senate;capitol-exposed;2026-06-22 09:00:28.116388+00
014c80d3-c737-43d3-990d-2be7fe9a0f16;GE;John Boozman;2025-07-31;2025-08-07;BUY;1001;15000;GE;self;Senate;capitol-exposed;2026-06-22 09:00:28.116388+00
17b952c5-b072-4839-a97f-eefb24b5fc6a;WMT;John Boozman;2025-07-31;2025-08-07;BUY;1001;15000;WMT;self;Senate;capitol-exposed;2026-06-22 09:00:28.116388+00
7e6861c6-2866-48a8-87dc-f7e8f56ee310;WERN;Donald J Trump;2026-03-30;2026-05-14;BUY;15;1;WERNER ENTERPRISES INC;;President (White House Office);unusualwhales;2026-05-29 01:57:15.026386+00
dc9238d9-289a-49ba-9380-fb357de7331f;GD;Shelley Moore Capito;2025-07-31;2025-08-04;SELL;1001;15000;GD;self;Senate;capitol-exposed;2026-06-22 09:00:28.116388+00
7cffaf2b-89d6-41f3-ae22-eb69fcf3b128;MGEE;Donald J Trump;2026-03-30;2026-05-14;BUY;15001;50000;MGE ENERGY INC;;President (White House Office);unusualwhales;2026-05-29 07:15:03.576753+00
0448f4d9-3af2-45b0-add2-785cb5bfbf13;SBSI;Donald J Trump;2026-03-30;2026-05-14;BUY;15;1;SOUTHSIDE BANCSHARES INC;;President (White House Office);unusualwhales;2026-05-29 07:15:03.576753+00
a4e1a1ea-f3de-423c-8e47-db97a6dfdc29;BL;Donald J Trump;2026-03-30;2026-05-14;BUY;15001;50000;BLACKLINE INC;;President (White House Office);unusualwhales;2026-05-29 07:15:03.576753+00
6f349652-9f9f-4662-9b58-db670ad69007;SABRP;Donald J Trump;2026-03-30;2026-05-14;BUY;15001;50000;SABRE CORP;;President (White House Office);unusualwhales;2026-05-29 07:15:03.576753+00
0e563f9b-982f-4c1f-91d7-21893d25d55f;V;Jonathan L. Jackson;2026-04-24;2026-05-27;SELL;50001;100000;Visa Inc.;joint;House;capitol-exposed;2026-05-29 09:00:16.681272+00
a5c0d99c-9932-43dd-8c0b-07f1a42a036a;UNH;Gilbert Ray Cisneros, Jr.;2026-04-14;2026-05-08;BUY;1001;15000;Main Street Trust > Bank of America UnitedHealth Group Incorporated Common Stock;self;House;capitol-exposed;2026-05-29 09:00:16.681272+00
14817aaa-baa8-45bf-be89-b11b196be3f7;HD;David J. Taylor;2026-05-15;2026-05-28;BUY;1001;15000;Cap. Gains > $200? Home Depot, Inc.;self;House;capitol-exposed;2026-05-30 09:00:16.947682+00
08c6d63d-cb42-4922-81eb-cb6130b2b058;AAPL;David J. Taylor;2026-05-15;2026-05-28;SELL;1001;15000;ʋʎʋʐʉ Sʖʃʖʗʕ: New Sʗʄʊʑʎʆʋʐʉ Oʈ: David Taylor Trust > Schwab Joint Brokerage #1 (Home Grown) Apple Inc. - Common Stock;self;House;capitol-exposed;2026-05-30 09:00:16.947682+00
24274841-df9f-45be-b93b-091747ed3158;GOOGL;David J. Taylor;2026-05-15;2026-05-28;SELL;1001;15000;ʋʎʋʐʉ Sʖʃʖʗʕ: New Sʗʄʊʑʎʆʋʐʉ Oʈ: David Taylor Trust > Sardinia Ready Mix 401(k) - Dave Alphabet Inc. - Class A Common Stock;self;House;capitol-exposed;2026-05-30 09:00:16.947682+00
b16ca41c-5865-4a26-899f-2c40bcfb153c;GOOGL;David J. Taylor;2026-05-15;2026-05-28;SELL;15001;50000;Alphabet Inc. - Class A Common Stock;self;House;capitol-exposed;2026-05-30 09:00:16.947682+00
ea786b25-2d9b-49b9-b504-dca145db15f0;AMD;Cleo Fields;2025-07-30;2025-08-06;BUY;0;0;Advanced Micro Devices, Inc. (AMD);self;House;capitol-exposed;2026-06-22 09:00:28.116388+00
63e7400d-8532-4978-a94c-874461970835;AMD;Cleo Fields;2025-07-30;2025-08-06;BUY;15001;50000;Advanced Micro Devices, Inc.;self;House;capitol-exposed;2026-06-22 09:00:28.116388+00
d4d81ff5-e4e0-4628-a4bc-ed211da8bb7b;GOOG;Cleo Fields;2025-07-30;2025-08-06;BUY;100001;250000;Morgan Stanley - E*TRADE #2 Alphabet Inc. - Class C Capital Stock;self;House;capitol-exposed;2026-06-22 09:00:28.116388+00
ca1d3213-b142-442f-a6e4-6aa7cd297c71;T;David J. Taylor;2026-05-15;2026-05-28;BUY;1001;15000;ʋʎʋʐʉ Sʖʃʖʗʕ: New Sʗʄʊʑʎʆʋʐʉ Oʈ: David Taylor Trust > Sardinia Ready Mix 401(k) - Dave AT&T Inc.;self;House;capitol-exposed;2026-05-30 09:00:16.947682+00
48653589-7de7-4d9a-91af-885d651a1eae;AAPL;Ed Case;2026-05-14;2026-05-31;BUY;1001;15000;Apple Inc. - Common Stock;spouse;House;capitol-exposed;2026-06-02 09:00:18.263122+00
d8a9a8c4-1528-464c-8b1e-00b825c26418;NVDA;Sheldon Whitehouse;2026-05-08;2026-06-02;SELL;100001;250000;NVIDIA Corporation - Common Stock;self;Senate;capitol-exposed;2026-06-03 09:00:15.48123+00
34132295-eaba-4f1e-9025-e0ef29c5197e;ORCL;Sheldon Whitehouse;2026-05-07;2026-06-02;SELL;15001;50000;Oracle Corporation Common Stock;self;Senate;capitol-exposed;2026-06-03 09:00:15.48123+00
c541ce94-e179-47b1-b8a6-981b831ffbdc;MSFT;Josh Gottheimer;2026-05-19;2026-06-03;BUY;250001;500000;Microsoft Corporation - Common Stock;joint;House;capitol-exposed;2026-06-05 09:00:20.777343+00
d6161ce5-7bef-4e42-8182-54977c9e7501;MSFT;Josh Gottheimer;2026-05-19;2026-06-03;BUY;500001;1000000;Microsoft Corporation - Common Stock;joint;House;capitol-exposed;2026-06-05 09:00:20.777343+00
f4b4d8e7-21d0-491b-aaf2-99fdec8ad2ba;MSFT;Josh Gottheimer;2026-05-19;2026-06-03;SELL;500001;1000000;Microsoft Corporation - Common Stock;joint;House;capitol-exposed;2026-06-05 09:00:20.777343+00
6051bd37-9a15-44fb-88b3-9a6f44f77b20;MSFT;Josh Gottheimer;2026-05-19;2026-06-03;SELL;250001;500000;Microsoft Corporation - Common Stock;joint;House;capitol-exposed;2026-06-05 09:00:20.777343+00
b53b2c2e-6b69-4d13-adfa-0849451cb623;AAPL;Cleo Fields;2026-05-14;2026-06-03;BUY;1001;15000;Apple Inc. - Common Stock;self;House;capitol-exposed;2026-06-05 09:00:20.777343+00
3cd6ae5c-bbf8-4d0b-abba-6bd8f5832a9e;ABBV;Josh Gottheimer;2026-05-05;2026-06-03;SELL;1001;15000;AbbVie Inc. Common Stock;joint;House;capitol-exposed;2026-06-05 09:00:20.777343+00
33ef81f1-23bc-429a-8b0b-9f2f6fc1a5f6;AMD;Josh Gottheimer;2026-05-05;2026-06-03;BUY;1001;15000;Advanced Micro Devices, Inc.;joint;House;capitol-exposed;2026-06-05 09:00:20.777343+00
57031687-db91-4571-80bb-c44c18229986;PG;Lloyd Doggett;2026-05-15;2026-06-04;BUY;1001;15000;Procter & Gamble Company;self;House;capitol-exposed;2026-06-06 09:00:17.082132+00
6945caf5-1004-4bcf-a7e5-f11930116db2;T;Tim Moore;2026-06-04;2026-06-05;BUY;50001;100000;ʋʎʋʐʉ Sʖʃʖʗʕ: New AT&T Inc.;self;House;capitol-exposed;2026-06-09 09:00:18.712645+00
2efb5fd0-db61-418f-9545-70a390fa6fdd;T;Tim Moore;2026-05-21;2026-06-05;SELL;15001;50000;AT&T Inc.;self;House;capitol-exposed;2026-06-09 09:00:18.712645+00
e64c0fb2-2023-4a4e-9f0b-db0bf5e04ff2;PG;Rick W. Allen;2026-04-16;2026-06-05;SELL;15001;50000;Procter & Gamble Company;spouse;House;capitol-exposed;2026-06-09 09:00:18.712645+00
52ac73f8-0b26-4034-b4d3-bac6a6ea031f;TSLA;Gilbert Ray Cisneros, Jr.;2026-05-29;2026-06-08;BUY;1001;15000;Cap. Gains > $200? Tesla, Inc. - Common Stock;self;House;capitol-exposed;2026-06-10 09:00:15.231421+00
9726104f-6369-490f-882c-49fe05f6d4ae;MSFT;Gilbert Ray Cisneros, Jr.;2026-05-15;2026-06-08;BUY;50001;100000;Main Street Trust > Bank of America Microsoft Corporation - Common Stock;self;House;capitol-exposed;2026-06-10 09:00:15.231421+00
ebddb162-20b2-4b8d-9f75-d7941315b227;UBER;Gilbert Ray Cisneros, Jr.;2026-05-15;2026-06-08;SELL;1001;15000;Main Street Trust > Bank of America Uber Technologies, Inc. Common Stock;self;House;capitol-exposed;2026-06-10 09:00:15.231421+00
882558e6-59d3-427e-b137-b36f9cb8ca71;PYPL;Gilbert Ray Cisneros, Jr.;2026-05-15;2026-06-08;SELL;1001;15000;Main Street Trust > Bank of America PayPal Holdings, Inc. - Common Stock;self;House;capitol-exposed;2026-06-10 09:00:15.231421+00
f954b479-9a96-412d-b8bd-2366a4ee3d91;PLTR;Gilbert Ray Cisneros, Jr.;2026-05-15;2026-06-08;SELL;1001;15000;Cap. Gains > $200? Palantir Technologies Inc. - Class A Common Stock;self;House;capitol-exposed;2026-06-10 09:00:15.231421+00
04bd2c43-fabf-4374-96fb-0d47eef8c0b8;CRWD;Gilbert Ray Cisneros, Jr.;2026-05-15;2026-06-08;BUY;1001;15000;Main Street Trust > Bank of America Dʇʕʅʔʋʒʖʋʑʐ: Exchange of Coterra Energy Inc. Common Stock (CTRA) for Devon Energy Corp (DVN) following merger. CrowdStrike Holdings, Inc. - Class A Common Stock;self;House;capitol-exposed;2026-06-10 09:00:15.231421+00
80039682-4c6d-4154-8023-6f3946a993f5;AMD;Gilbert Ray Cisneros, Jr.;2026-05-15;2026-06-08;BUY;1001;15000;Main Street Trust > Bank of America Advanced Micro Devices, Inc.;self;House;capitol-exposed;2026-06-10 09:00:15.231421+00
9fd8d526-7d46-43a6-a69f-5274058892f4;ADBE;Gilbert Ray Cisneros, Jr.;2026-05-15;2026-06-08;SELL;1001;15000;Main Street Trust > Bank of America Adobe Inc. - Common Stock;self;House;capitol-exposed;2026-06-10 09:00:15.231421+00
77ef0979-51f5-4287-979e-4494004829dd;AMD;Gilbert Ray Cisneros, Jr.;2026-05-14;2026-06-08;BUY;1001;15000;Main Street Trust > Bank of America Advanced Micro Devices, Inc.;self;House;capitol-exposed;2026-06-10 09:00:15.231421+00
1def94e8-bdb0-4714-949e-f4fe277416da;QCOM;Maria Elvira Salazar;2026-05-13;2026-06-08;BUY;1001;15000;ʋʎʋʐʉ Sʖʃʖʗʕ: New Sʗʄʊʑʎʆʋʐʉ Oʈ: UBS Brokerage Account QUALCOMM Incorporated - Common Stock;self;House;capitol-exposed;2026-06-10 09:00:15.231421+00
1e4a5379-6208-45d8-ab81-4a3ab38e53ea;QCOM;Maria Elvira Salazar;2026-05-13;2026-06-08;BUY;15001;50000;ʋʎʋʐʉ Sʖʃʖʗʕ: New Sʗʄʊʑʎʆʋʐʉ Oʈ: UBS IRA Account QUALCOMM Incorporated - Common Stock;self;House;capitol-exposed;2026-06-10 09:00:15.231421+00
1742ab03-79fb-4a5f-a7d1-c2fcc1e70d17;PLTR;Gilbert Ray Cisneros, Jr.;2026-05-08;2026-06-08;SELL;1001;15000;Main Street Trust > Bank of America Palantir Technologies Inc. - Class A Common Stock;self;House;capitol-exposed;2026-06-10 09:00:15.231421+00
d11c823a-501a-4159-9ba7-0244885c44d9;GOOGL;Gilbert Ray Cisneros, Jr.;2026-05-05;2026-06-08;SELL;1001;15000;Main Street Trust > Bank of America Alphabet Inc. - Class A Common Stock;self;House;capitol-exposed;2026-06-10 09:00:15.231421+00
32bd53fb-77aa-4730-973d-ce903a962339;META;John J. McGuire III;2026-06-04;2026-06-10;BUY;1001;15000;Meta Platforms, Inc. - Class A Common Stock;spouse;House;capitol-exposed;2026-06-12 09:00:19.560808+00
80dc898b-f87c-48a0-a62b-4298127a0dbe;T;David J. Taylor;2026-06-05;2026-06-12;BUY;1001;15000;ʋʎʋʐʉ Sʖʃʖʗʕ: New Sʗʄʊʑʎʆʋʐʉ Oʈ: David Taylor Trust > Sardinia Ready Mix 401(k) - Dave AT&T Inc.;self;House;capitol-exposed;2026-06-16 09:00:20.354877+00
4626d276-9359-4a48-9656-31c716f0e89a;AMZN;David J. Taylor;2026-06-05;2026-06-12;SELL;1001;15000;ʋʎʋʐʉ Sʖʃʖʗʕ: New Sʗʄʊʑʎʆʋʐʉ Oʈ: David Taylor Trust > Sardinia Ready Mix 401(k) - Dave Amazon.com, Inc. - Common Stock;self;House;capitol-exposed;2026-06-16 09:00:20.354877+00
3588005f-18df-4d83-a9cc-ac501785252c;GOOGL;David J. Taylor;2026-06-05;2026-06-12;BUY;1001;15000;Alphabet Inc. - Class A Common Stock;self;House;capitol-exposed;2026-06-16 09:00:20.354877+00
99f0eadf-6149-46b9-81a6-a7057a737cc8;PLTR;John Boozman;2026-05-15;2026-06-16;BUY;1001;15000;Palantir Technologies Inc. - Class A Common Stock;self;Senate;capitol-exposed;2026-06-17 09:00:19.183275+00
606fc924-12b1-4c75-8b56-9cbcb50bd9e2;DIS;Laura Friedman;2025-08-26;2025-09-09;SELL;1001;15000;Paramount Class B Stock (PARA) exchanged for Paramount Skydance Class B Stock (PSKY) following merger Walt Disney Company;self;House;capitol-exposed;2026-06-17 09:00:19.457251+00
e024dda5-9abb-4cdb-83b6-930db4c8d64b;MSFT;Thomas H. Kean, Jr.;2025-08-25;2025-09-18;SELL;1001;15000;Kean Family Partnership Microsoft Corporation - Common Stock;self;House;capitol-exposed;2026-06-17 09:00:19.457251+00
da2acee1-013b-412e-964d-adfc8333c929;LLY;John Boozman;2025-08-22;2025-09-12;BUY;1001;15000;LLY;self;Senate;capitol-exposed;2026-06-17 09:00:19.457251+00
c555b80c-06b8-4b33-8895-e52235cfae3b;NVDA;John Boozman;2025-08-22;2025-09-12;BUY;1001;15000;NVDA;self;Senate;capitol-exposed;2026-06-17 09:00:19.457251+00
60d39795-755b-48d6-951e-c488e9ff034d;ABBV;John Boozman;2025-08-22;2025-09-12;SELL;1001;15000;ABBV;self;Senate;capitol-exposed;2026-06-17 09:00:19.457251+00
487a10fe-9195-48d4-ad01-e263cae0f171;NVDA;Cleo Fields;2025-08-22;2025-09-03;BUY;15001;50000;Morgan Stanley - E*TRADE #2 NVIDIA Corporation - Common Stock;self;House;capitol-exposed;2026-06-17 09:00:19.457251+00
c03173b9-79a9-4eee-99d4-26b49732a4ab;NVDA;Cleo Fields;2025-08-20;2025-09-03;BUY;15001;50000;Morgan Stanley - E*TRADE #2 NVIDIA Corporation - Common Stock;self;House;capitol-exposed;2026-06-17 09:00:19.457251+00
241466a5-e578-4577-a208-b3472d6ff807;NOW;Val T. Hoyle;2025-08-19;2025-09-12;SELL;1001;15000;ServiceNow, Inc. Common Stock;spouse;House;capitol-exposed;2026-06-17 09:00:19.457251+00
649c542e-dffd-452d-bc9e-91b396d04919;UBER;Val T. Hoyle;2025-08-19;2025-09-12;BUY;1001;15000;Uber Technologies, Inc. Common Stock;spouse;House;capitol-exposed;2026-06-17 09:00:19.457251+00
ed6760c1-6a92-4c2e-ac6f-7820843800af;VZ;Kelly Morrison;2025-08-19;2025-09-11;SELL;1001;15000;Trust 4 Verizon Communications Inc. Common Stock;self;House;capitol-exposed;2026-06-17 09:00:19.457251+00
9cc16018-bbf0-460e-93bc-2d0cfb75bf11;LLY;David J. Taylor;2025-08-14;2025-09-02;BUY;15001;50000;David Taylor Trust > Sardinia Ready Mix 401(k) - Dave Eli Lilly and Company Common Stock;self;House;capitol-exposed;2026-06-17 09:00:19.457251+00
a1911d94-0881-4564-b74d-a1885b50c047;LLY;David J. Taylor;2025-08-14;2025-09-02;BUY;1001;15000;David Taylor Trust > Sardinia Ready Mix 401(k) - Dave Eli Lilly and Company Common Stock;self;House;capitol-exposed;2026-06-17 09:00:19.457251+00
fbc7e736-41a6-435b-b78d-d8a558ea999e;NOW;Lisa C. McClain;2025-08-13;2025-09-12;SELL;1001;15000;ServiceNow, Inc. Common Stock;spouse;House;capitol-exposed;2026-06-17 09:00:19.457251+00
8b69ae44-9fa8-4380-8136-5e14ef60bced;UNH;Lisa C. McClain;2025-08-13;2025-09-12;BUY;1001;15000;UnitedHealth Group Incorporated Common Stock;spouse;House;capitol-exposed;2026-06-17 09:00:19.457251+00
78bff1dc-4875-483c-b576-e801c2c4a8eb;AVGO;Cleo Fields;2025-08-13;2025-09-03;BUY;50001;100000;Morgan Stanley - E*TRADE #2 Broadcom Inc. - Common Stock;self;House;capitol-exposed;2026-06-17 09:00:19.457251+00
03417a7a-b472-412b-b473-6265610c5b42;TSM;Cleo Fields;2025-08-13;2025-09-03;BUY;250001;500000;Morgan Stanley - E*TRADE #2 Taiwan Semiconductor Manufacturing Company Ltd.;self;House;capitol-exposed;2026-06-17 09:00:19.457251+00
c11b7abe-9079-4846-84c9-a98a94f146cd;TSM;Cleo Fields;2025-08-13;2025-09-03;BUY;1001;15000;Morgan Stanley - E*TRADE #2 Taiwan Semiconductor Manufacturing Company Ltd.;self;House;capitol-exposed;2026-06-17 09:00:19.457251+00
fb908421-bc36-44c9-8392-ce34dddb580d;INTC;Tim Moore;2025-08-13;2025-09-03;SELL;100001;250000;Intel Corporation - Common Stock;self;House;capitol-exposed;2026-06-17 09:00:19.457251+00
a8a53cfe-ee0d-4408-ade2-00f085a09310;NVDA;Cleo Fields;2025-08-13;2025-09-03;BUY;100001;250000;Morgan Stanley - E*TRADE #2 NVIDIA Corporation - Common Stock;self;House;capitol-exposed;2026-06-17 09:00:19.457251+00
4cefd5e6-249a-4567-879a-8375fa8a8654;META;Cleo Fields;2025-08-13;2025-09-03;BUY;100001;250000;Cap. Gains > $200? FS: New SO: Morgan Stanley - E*TRADE #2 Meta Platforms, Inc. - Class A Common Stock;self;House;capitol-exposed;2026-06-17 09:00:19.457251+00
0af3fe08-cfd7-4706-85e0-f17a37716090;PLTR;Cleo Fields;2025-08-13;2025-09-03;BUY;50001;100000;Morgan Stanley - E*TRADE #2 Palantir Technologies Inc. - Class A Common Stock;self;House;capitol-exposed;2026-06-17 09:00:19.457251+00
501cdcb9-b6d1-4d1c-8c41-615afbf4f55c;PG;David J. Taylor;2025-08-13;2025-09-02;BUY;1001;15000;David Taylor Trust > Sardinia Ready Mix 401(k) - Dave Procter & Gamble Company;self;House;capitol-exposed;2026-06-17 09:00:19.457251+00
698b89ea-41b8-4e56-b201-98c3e589598f;V;David J. Taylor;2025-08-13;2025-09-02;BUY;1001;15000;David Taylor Trust > Schwab Joint Brokerage #1 (Home Grown) Visa Inc.;self;House;capitol-exposed;2026-06-17 09:00:19.457251+00
d7eeca21-6d77-4244-ae11-f394fd735240;V;Josh Gottheimer;2025-08-12;2025-09-05;SELL;1001;15000;Visa Inc.;joint;House;capitol-exposed;2026-06-17 09:00:19.457251+00
374ca857-799d-4d44-9030-3679829bdad4;LLY;John Boozman;2025-08-11;2025-09-12;BUY;1001;15000;LLY;self;Senate;capitol-exposed;2026-06-17 09:00:19.457251+00
bba1fb7c-0f2e-482f-997b-f8f4dc003888;ABBV;John Boozman;2025-08-11;2025-09-12;SELL;1001;15000;Abbvie Inc;self;Senate;capitol-exposed;2026-06-17 09:00:19.457251+00
0498fed2-eb38-4736-8ba7-25a74b0466a0;INTC;Tim Moore;2025-08-11;2025-09-03;BUY;15001;50000;Intel Corporation - Common Stock;self;House;capitol-exposed;2026-06-17 09:00:19.457251+00
92963d32-2842-4c58-97c1-23d1b1576ca2;INTC;Tim Moore;2025-08-08;2025-09-03;BUY;15001;50000;Intel Corporation - Common Stock;self;House;capitol-exposed;2026-06-17 09:00:19.457251+00
8702dfde-53b3-4be6-8f63-3bce617a0540;UNH;Tim Moore;2025-08-08;2025-09-03;BUY;15001;50000;Cap. Gains > $200? FS: New UnitedHealth Group Incorporated Common Stock;self;House;capitol-exposed;2026-06-17 09:00:19.457251+00
d459786e-1212-434d-94d3-f52599fdf560;UPS;Adam Smith;2025-08-08;2025-08-08;SELL;1001;15000;United Parcel Service, Inc. Common Stock;spouse;House;capitol-exposed;2026-06-17 09:00:19.457251+00
a89d233e-5215-4f7c-b348-54f97432a87d;AAPL;Adam Smith;2025-08-08;2025-08-08;SELL;1001;15000;Apple Inc. - Common Stock;spouse;House;capitol-exposed;2026-06-17 09:00:19.457251+00
35aee57b-0e61-4993-ae40-cba72220fdfa;PG;Adam Smith;2025-08-08;2025-08-08;SELL;1001;15000;Procter & Gamble Company;spouse;House;capitol-exposed;2026-06-17 09:00:19.457251+00
ce0dcb0e-8985-4291-8303-0a0d9c9f8e9c;DIS;Adam Smith;2025-08-08;2025-08-08;SELL;1001;15000;Walt Disney Company;spouse;House;capitol-exposed;2026-06-17 09:00:19.457251+00
0d2d444a-450b-46ce-a05a-6eff1fefbf69;MSFT;Adam Smith;2025-08-08;2025-08-08;SELL;1001;15000;Microsoft Corporation - Common Stock;spouse;House;capitol-exposed;2026-06-17 09:00:19.457251+00
7b8d20a7-14fb-4687-9fb6-644d2c9f2c1c;TSLA;Adam Smith;2025-08-08;2025-08-08;SELL;1001;15000;Tesla, Inc. - Common Stock;spouse;House;capitol-exposed;2026-06-17 09:00:19.457251+00
336f8340-f685-4c40-9473-59d8bbec52e0;GOOG;Adam Smith;2025-08-08;2025-08-08;SELL;1001;15000;Alphabet Inc. - Class C Capital Stock;spouse;House;capitol-exposed;2026-06-17 09:00:19.457251+00
b0faf5a8-700b-44d5-9365-2ca6dd3e7cff;AMD;John Boozman;2025-08-07;2025-09-12;BUY;1001;15000;AMD;self;Senate;capitol-exposed;2026-06-17 09:00:19.457251+00
6c55eb27-c346-4e88-b75f-0a40de746029;PG;David J. Taylor;2025-08-07;2025-09-02;BUY;1001;15000;David Taylor Trust > Sardinia Ready Mix 401(k) - Dave Procter & Gamble Company;self;House;capitol-exposed;2026-06-17 09:00:19.457251+00
31d09875-b381-4359-96d1-6a449b6eabef;CRM;David J. Taylor;2025-08-07;2025-09-02;BUY;1001;15000;David Taylor Trust > Schwab Joint Brokerage #1 (Home Grown) Salesforce, Inc. Common Stock;self;House;capitol-exposed;2026-06-17 09:00:19.457251+00
8999b5cc-73c2-4e28-8a36-022e4762fb4f;NVDA;Cleo Fields;2025-08-06;2025-09-03;BUY;50001;100000;Morgan Stanley - E*TRADE #2 NVIDIA Corporation - Common Stock;self;House;capitol-exposed;2026-06-17 09:00:19.457251+00
7a79c3f1-90ad-4053-8487-20b20c05e67a;UPS;Gilbert Ray Cisneros, Jr.;2025-08-05;2025-09-12;SELL;1001;15000;Main Street Trust > Bank of America United Parcel Service, Inc. Common Stock;self;House;capitol-exposed;2026-06-17 09:00:19.457251+00
6359a54e-560f-4b54-a906-873fccdad9bb;ADBE;Gilbert Ray Cisneros, Jr.;2025-08-05;2025-09-12;SELL;1001;15000;Adobe Inc. - Common Stock;self;House;capitol-exposed;2026-06-17 09:00:19.457251+00
4b93369d-1982-45bb-890e-7bb4e79c57a5;PFE;Gilbert Ray Cisneros, Jr.;2025-08-05;2025-09-12;SELL;1001;15000;Main Street Trust > Bank of America Pfizer, Inc. Common Stock;self;House;capitol-exposed;2026-06-17 09:00:19.457251+00
ad53137d-b803-4eb0-bb11-69e34bf824cb;MRK;Gilbert Ray Cisneros, Jr.;2025-08-05;2025-09-12;BUY;1001;15000;Main Street Trust > Bank of America Merck & Company, Inc. Common Stock;self;House;capitol-exposed;2026-06-17 09:00:19.457251+00
b5b30e67-78bd-463d-b5b8-f1a83408e66d;MSFT;Gilbert Ray Cisneros, Jr.;2025-08-05;2025-09-12;BUY;1001;15000;Main Street Trust > Bank of America Microsoft Corporation - Common Stock;self;House;capitol-exposed;2026-06-17 09:00:19.457251+00
1ca96c4e-2859-4207-872c-6a8ce6dafe2c;UNH;Gilbert Ray Cisneros, Jr.;2025-08-05;2025-09-12;SELL;15001;50000;Main Street Trust > Bank of America UnitedHealth Group Incorporated Common Stock;self;House;capitol-exposed;2026-06-17 09:00:19.457251+00
f06c1fd7-6e62-4556-bc4c-a3432c79bdd3;LMT;Gilbert Ray Cisneros, Jr.;2025-08-05;2025-09-12;BUY;1001;15000;Main Street Trust > Wells Fargo Advisors Lockheed Martin Corporation Common Stock;self;House;capitol-exposed;2026-06-17 09:00:19.457251+00
a571575e-0c04-42ce-90c6-bfddedf521e5;TSLA;Gilbert Ray Cisneros, Jr.;2025-08-05;2025-09-12;BUY;1001;15000;Main Street Trust > Wells Fargo Advisors Tesla, Inc. - Common Stock;self;House;capitol-exposed;2026-06-17 09:00:19.457251+00
311a0a14-4857-481b-8182-1a846ab09282;ADBE;Gilbert Ray Cisneros, Jr.;2025-08-05;2025-09-12;BUY;1001;15000;Adobe Inc. - Common Stock (ADBE);self;House;capitol-exposed;2026-06-17 09:00:19.457251+00
b9c7039b-2570-4d02-8fa1-f5abd7f5596c;CRWD;Lisa C. McClain;2025-08-04;2025-09-12;SELL;1001;15000;CrowdStrike Holdings, Inc. - Class A Common Stock;spouse;House;capitol-exposed;2026-06-17 09:00:19.457251+00
8451ae26-dbf9-4853-8b69-09df74bf61d7;UPS;Lisa C. McClain;2025-08-04;2025-09-12;BUY;1001;15000;United Parcel Service, Inc. Common Stock;spouse;House;capitol-exposed;2026-06-17 09:00:19.457251+00
6773bf5d-bb36-44f8-a6c6-7533c5f8893e;NOW;Lisa C. McClain;2025-08-04;2025-09-12;BUY;1001;15000;ServiceNow, Inc. Common Stock;spouse;House;capitol-exposed;2026-06-17 09:00:19.457251+00
846961b0-2a90-4ea6-9ded-b8e2c404f03d;GS;Lisa C. McClain;2025-08-04;2025-09-12;SELL;1001;15000;Goldman Sachs Group, Inc.;spouse;House;capitol-exposed;2026-06-17 09:00:19.457251+00
dc498050-c526-4746-a149-f8a108f8e0ed;JNJ;Lisa C. McClain;2025-08-04;2025-09-12;BUY;1001;15000;Johnson & Johnson Common Stock;spouse;House;capitol-exposed;2026-06-17 09:00:19.457251+00
bd56446e-7b02-45c9-bf6c-ac8ad0c11439;MRK;Lisa C. McClain;2025-08-04;2025-09-12;SELL;1001;15000;Merck & Company, Inc. Common Stock;spouse;House;capitol-exposed;2026-06-17 09:00:19.457251+00
c9c9875c-d094-408e-be90-afa9148d0aa8;HON;Lisa C. McClain;2025-08-04;2025-09-12;SELL;1001;15000;Honeywell International Inc.;spouse;House;capitol-exposed;2026-06-17 09:00:19.457251+00
c26c455f-d59e-447d-8448-deb51e55dd5c;PFE;Lisa C. McClain;2025-08-04;2025-09-12;SELL;1001;15000;Pfizer, Inc. Common Stock;spouse;House;capitol-exposed;2026-06-17 09:00:19.457251+00
4915d778-f27f-4b16-a9aa-35a24fa8e28f;AMZN;Lisa C. McClain;2025-08-04;2025-08-13;SELL;1001;15000;Amazon.com, Inc. - Common Stock;spouse;House;capitol-exposed;2026-06-17 09:00:19.457251+00
1df982d8-d80a-4621-8d40-0827ed2063e3;ADBE;Thomas H. Kean, Jr.;2025-07-29;2025-08-20;SELL;1001;15000;Kean Family Partnership Adobe Inc. - Common Stock;self;House;capitol-exposed;2026-06-22 09:00:28.116388+00
1348c9bd-81bd-4936-8798-41537a391bf0;MSFT;Julie Johnson;2025-07-29;2025-08-14;SELL;1001;15000;Microsoft Corporation - Common Stock;joint;House;capitol-exposed;2026-06-22 09:00:28.116388+00
45523971-fa9d-4578-a9d1-440b1380f90b;GOOG;Cleo Fields;2025-07-29;2025-08-06;BUY;50001;100000;Morgan Stanley - E*TRADE #2 Alphabet Inc. - Class C Capital Stock;self;House;capitol-exposed;2026-06-22 09:00:28.116388+00
96d81e51-2840-4b28-8804-75a35eb681b9;MSFT;Cleo Fields;2025-07-29;2025-08-06;BUY;100001;250000;Morgan Stanley - E*TRADE #2 Microsoft Corporation - Common Stock;self;House;capitol-exposed;2026-06-22 09:00:28.116388+00
b209b142-82ae-461d-a326-d794cfc67c34;MCD;Cleo Fields;2025-07-29;2025-08-06;BUY;15001;50000;Morgan Stanley - E*TRADE #2 McDonald's Corporation Common Stock;self;House;capitol-exposed;2026-06-22 09:00:28.116388+00
5bbbb5b6-63d6-4535-a65e-69f05d68767c;META;Cleo Fields;2025-07-29;2025-08-06;BUY;50001;100000;Morgan Stanley - E*TRADE #2 Meta Platforms, Inc. - Class A Common Stock;self;House;capitol-exposed;2026-06-22 09:00:28.116388+00
cd4e01a3-81cf-4f19-b69e-8774b5d18c19;NVDA;Cleo Fields;2025-07-29;2025-08-06;BUY;50001;100000;Morgan Stanley - E*TRADE #2 NVIDIA Corporation - Common Stock;self;House;capitol-exposed;2026-06-22 09:00:28.116388+00
7f21049d-676a-44a5-8eda-7e1c366e8349;AVGO;Cleo Fields;2025-07-29;2025-08-06;BUY;15001;50000;Morgan Stanley - E*TRADE #2 Broadcom Inc. - Common Stock;self;House;capitol-exposed;2026-06-22 09:00:28.116388+00
1fe816b6-505e-4dc2-a1a0-ffa8ace2e952;AAPL;Cleo Fields;2025-07-29;2025-08-06;BUY;100001;250000;Morgan Stanley - E*TRADE #2 Apple Inc. - Common Stock;self;House;capitol-exposed;2026-06-22 09:00:28.116388+00
cf6af5ed-0bf0-4a0f-aefd-4a80c4fad32d;NVDA;Cleo Fields;2025-07-29;2025-08-06;BUY;250001;500000;Cap. Gains > $200? NVIDIA Corporation - Common Stock;self;House;capitol-exposed;2026-06-22 09:00:28.116388+00
525db935-e8b0-4679-ba95-afbf7cc4353c;MSFT;Cleo Fields;2025-07-29;2025-08-06;BUY;50001;100000;Morgan Stanley - E*TRADE #2 Microsoft Corporation - Common Stock;self;House;capitol-exposed;2026-06-22 09:00:28.116388+00
247cf8d3-08ea-4196-9fe6-3701b7cc9766;AMZN;Cleo Fields;2025-07-29;2025-08-06;BUY;100001;250000;Morgan Stanley - E*TRADE #2 Amazon.com, Inc. - Common Stock;self;House;capitol-exposed;2026-06-22 09:00:28.116388+00
91b008e1-da1f-4e73-99f4-a723a15bf46a;INTC;Tim Moore;2025-07-29;2025-08-05;BUY;15001;50000;Cap. Gains > $200? Intel Corporation - Common Stock;self;House;capitol-exposed;2026-06-22 09:00:28.116388+00
876d074e-2e80-4bbf-955d-0ff4f61aec19;VZ;Tim Moore;2025-07-29;2025-08-05;BUY;15001;50000;Verizon Communications Inc. Common Stock;self;House;capitol-exposed;2026-06-22 09:00:28.116388+00
52e670f8-e5ce-4463-9194-ab161e187652;META;Shelley Moore Capito;2025-07-29;2025-08-04;BUY;1001;15000;Meta Platforms Inc;self;Senate;capitol-exposed;2026-06-22 09:00:28.116388+00
9edad113-a842-4e2c-a1c2-fee546d1e3a8;GOOGL;Shelley Moore Capito;2025-07-29;2025-08-04;BUY;1001;15000;Alphabet Cl A;self;Senate;capitol-exposed;2026-06-22 09:00:28.116388+00
f29dc566-e9da-4c20-a098-af1eb01e794a;GS;Val T. Hoyle;2025-07-28;2025-09-12;SELL;1001;15000;Goldman Sachs Group, Inc.;spouse;House;capitol-exposed;2026-06-22 09:00:28.116388+00
cdca22c1-6ec8-4bc3-9dee-ed55b9185aae;MMM;Val T. Hoyle;2025-07-28;2025-09-12;SELL;1001;15000;3M Company Common Stock (MMM);self;House;capitol-exposed;2026-06-22 09:00:28.116388+00
c6a1a2da-83e1-43aa-95e5-66826c35914d;WMT;Josh Gottheimer;2025-07-28;2025-08-11;SELL;1001;15000;Walmart Inc. Common Stock;joint;House;capitol-exposed;2026-06-22 09:00:28.116388+00
a1033227-2582-4076-b9d9-402a578191ce;PLTR;Cleo Fields;2025-07-28;2025-08-06;BUY;50001;100000;Morgan Stanley - E*TRADE #2 Palantir Technologies Inc. - Class A Common Stock;self;House;capitol-exposed;2026-06-22 09:00:28.116388+00
9a622df5-730d-4402-b0b7-5286251d23e1;MSFT;Cleo Fields;2025-07-28;2025-08-06;BUY;100001;250000;Morgan Stanley - E*TRADE #2 Microsoft Corporation - Common Stock;self;House;capitol-exposed;2026-06-22 09:00:28.116388+00
d86c7311-34c2-48f1-a92d-7d4f2e5d1510;BA;Julia Letlow;2025-07-25;2026-01-13;SELL;1001;15000;Corporate Bond Boeing Company;self;House;capitol-exposed;2026-06-22 09:00:28.116388+00
83a84b14-0a94-4de4-89ba-d22640cf089a;CRM;Julia Letlow;2025-07-25;2026-01-13;BUY;1001;15000;Salesforce, Inc. Common Stock;self;House;capitol-exposed;2026-06-22 09:00:28.116388+00
61c1761a-f60b-449a-820d-8c839f368513;XOM;Julie Johnson;2025-07-25;2025-08-14;SELL;1001;15000;Exxon Mobil Corporation Common Stock;joint;House;capitol-exposed;2026-06-22 09:00:28.116388+00
7f4540d6-7539-4c68-bb1a-d1aecb864585;CVX;Julie Johnson;2025-07-25;2025-08-14;BUY;1001;15000;Chevron Corporation Common Stock;joint;House;capitol-exposed;2026-06-22 09:00:28.116388+00
f28f47c0-54f9-43af-bdf7-25d864bddd41;V;Julia Letlow;2025-07-24;2026-01-13;BUY;1001;15000;Visa Inc.;self;House;capitol-exposed;2026-06-22 09:00:28.116388+00
c0765386-c93b-430a-87e5-29b531cd70f2;GS;Julia Letlow;2025-07-24;2026-01-13;SELL;1001;15000;Goldman Sachs Group, Inc.;self;House;capitol-exposed;2026-06-22 09:00:28.116388+00
11cd2447-314f-4a07-a7cf-fea38efdab92;TSM;Julia Letlow;2025-07-24;2026-01-13;SELL;1001;15000;Taiwan Semiconductor Manufacturing Company Ltd.;self;House;capitol-exposed;2026-06-22 09:00:28.116388+00
df235d4f-1f5f-476a-94d3-a83dca286814;UNH;Julie Johnson;2025-07-24;2025-08-14;SELL;1001;15000;UnitedHealth Group Incorporated Common Stock;joint;House;capitol-exposed;2026-06-22 09:00:28.116388+00
d761b4d8-012c-48c2-b2c5-144a0173ba8d;JPM;John Boozman;2025-07-24;2025-08-07;SELL;1001;15000;JPM;self;Senate;capitol-exposed;2026-06-22 09:00:28.116388+00
78647086-8595-4d93-b5cd-5f2f38657b95;META;Lisa C. McClain;2025-07-22;2025-08-13;BUY;1001;15000;Meta Platforms, Inc. - Class A Common Stock;spouse;House;capitol-exposed;2026-06-22 09:00:28.116388+00
c1f81a64-e7fc-4e9a-8c5f-4f690abdaa69;ABBV;Lisa C. McClain;2025-07-22;2025-08-13;BUY;1001;15000;AbbVie Inc. Common Stock;spouse;House;capitol-exposed;2026-06-22 09:00:28.116388+00
74a8d2b7-4aca-40a4-8eb8-198b46de2c7f;AAPL;Lisa C. McClain;2025-07-22;2025-08-13;SELL;1001;15000;Apple Inc. - Common Stock;spouse;House;capitol-exposed;2026-06-22 09:00:28.116388+00
d6988483-bca7-489e-abd1-0448b5541f4a;XOM;Lisa C. McClain;2025-07-22;2025-08-13;BUY;1001;15000;Exxon Mobil Corporation Common Stock;spouse;House;capitol-exposed;2026-06-22 09:00:28.116388+00
a89bf463-f40b-4a60-ab26-3ea9f2b6861b;AMZN;Lisa C. McClain;2025-07-22;2025-08-13;SELL;1001;15000;Amazon.com, Inc. - Common Stock;spouse;House;capitol-exposed;2026-06-22 09:00:28.116388+00
98bcdec7-d17e-413e-b796-b146641d3ff0;SBUX;Lisa C. McClain;2025-07-22;2025-08-13;BUY;1001;15000;Starbucks Corporation - Common Stock;spouse;House;capitol-exposed;2026-06-22 09:00:28.116388+00
c2f8fd4e-af29-4322-872e-f342e8209f1a;ABBV;Lisa C. McClain;2025-07-22;2025-08-13;SELL;1001;15000;AbbVie Inc. Common Stock;spouse;House;capitol-exposed;2026-06-22 09:00:28.116388+00
15fa1560-6c39-4024-a3d4-b45f97a15d79;UPS;Scott Franklin;2025-07-22;2025-07-31;SELL;1001;15000;United Parcel Service, Inc. Common Stock;spouse;House;capitol-exposed;2026-06-22 09:00:28.116388+00
d0b3e91b-262d-40f0-a1b4-2a712a3776b1;UPS;Scott Franklin;2025-07-22;2025-07-31;SELL;50001;100000;Fidelity Roth IRA United Parcel Service, Inc. Common Stock;self;House;capitol-exposed;2026-06-22 09:00:28.116388+00
a011fc37-95e7-40ca-92f4-d3448babd452;NVDA;Angus S. King, Jr.;2025-07-21;2025-08-18;BUY;1001;15000;NVDA;self;Senate;capitol-exposed;2026-06-22 09:00:28.116388+00
3edb9da2-4f66-4c6d-b7d3-1da616a1e593;NFLX;Angus S. King, Jr.;2025-07-21;2025-08-18;BUY;1001;15000;Netflix Inc;self;Senate;capitol-exposed;2026-06-22 09:00:28.116388+00
8d68b8e0-30ca-47c2-9319-0fa3597297f6;XOM;Angus S. King, Jr.;2025-07-21;2025-08-18;BUY;1001;15000;Exxon Mobil Corp;self;Senate;capitol-exposed;2026-06-22 09:00:28.116388+00
645ecd71-40bd-44d1-afa4-55125d785467;JPM;Angus S. King, Jr.;2025-07-21;2025-08-18;BUY;1001;15000;JP Morgan Chase & Company;self;Senate;capitol-exposed;2026-06-22 09:00:28.116388+00
2471399e-f314-4214-afc9-62868e917a38;BAC;Angus S. King, Jr.;2025-07-21;2025-08-18;BUY;1001;15000;BAC;self;Senate;capitol-exposed;2026-06-22 09:00:28.116388+00
4439940b-4b4a-44a7-b675-77857736b9df;MSFT;Angus S. King, Jr.;2025-07-21;2025-08-18;BUY;1001;15000;MSFT;self;Senate;capitol-exposed;2026-06-22 09:00:28.116388+00
645657d2-259b-46a2-9e16-dbea47b957ed;AMD;Angus S. King, Jr.;2025-07-21;2025-08-18;BUY;1001;15000;Advanced Micro Devices, Inc. - Common Stock;self;Senate;capitol-exposed;2026-06-22 09:00:28.116388+00
ec410fb7-856a-4f8e-b7f9-c6dd1ab56c8e;GOOGL;Angus S. King, Jr.;2025-07-21;2025-08-18;BUY;1001;15000;GOOGL;self;Senate;capitol-exposed;2026-06-22 09:00:28.116388+00
6c038eb7-2c8a-4419-b2eb-bdc22b416a36;META;Angus S. King, Jr.;2025-07-21;2025-08-18;BUY;1001;15000;Meta Platforms Inc;self;Senate;capitol-exposed;2026-06-22 09:00:28.116388+00
2ea30585-f794-4aef-a26c-15fbad3052ce;UBER;Angus S. King, Jr.;2025-07-21;2025-08-18;BUY;1001;15000;UBER;self;Senate;capitol-exposed;2026-06-22 09:00:28.116388+00
78920c5a-7c93-409b-8411-ffa134cf5415;PYPL;Angus S. King, Jr.;2025-07-21;2025-08-18;BUY;1001;15000;PayPal Holdings, Inc. - Common Stock;self;Senate;capitol-exposed;2026-06-22 09:00:28.116388+00
1f42a9dc-6527-4844-83fe-1887f3de19c9;CVX;Julie Johnson;2025-07-21;2025-08-14;EXCHANGE;1001;15000;Chevron Corporation Common Stock;joint;House;capitol-exposed;2026-06-22 09:00:28.116388+00
f12ba93f-221f-4ecb-be12-b4b1976a80cf;UNH;Tim Moore;2025-07-21;2025-08-05;BUY;1001;15000;UnitedHealth Group Incorporated Common Stock;self;House;capitol-exposed;2026-06-22 09:00:28.116388+00
1ed2e0aa-22cb-44fc-94f2-01301d15d07d;T;David J. Taylor;2025-07-18;2025-09-02;BUY;1001;15000;AT&T Inc. (T);self;House;capitol-exposed;2026-06-22 09:00:28.116388+00
8f02d528-faa9-4bf7-9047-39d112284f01;AVGO;Cleo Fields;2025-07-18;2025-08-06;BUY;1001;15000;Morgan Stanley - E*TRADE #2 Broadcom Inc. - Common Stock;self;House;capitol-exposed;2026-06-22 09:00:28.116388+00
9e4d700e-f3c8-4b72-ba29-1399a539af6c;PLTR;Cleo Fields;2025-07-18;2025-08-06;BUY;100001;250000;Cap. Gains > $200? Palantir Technologies Inc. - Class A Common Stock;self;House;capitol-exposed;2026-06-22 09:00:28.116388+00
8e541d07-70fa-4e91-9d84-13f20ea2296b;JPM;Shelley Moore Capito;2025-07-18;2025-08-04;SELL;1001;15000;JPM;self;Senate;capitol-exposed;2026-06-22 09:00:28.116388+00
24dbd14e-9544-42b7-9b7a-7b44f13eed14;AAPL;Shelley Moore Capito;2025-07-18;2025-08-04;SELL;1001;15000;AAPL;self;Senate;capitol-exposed;2026-06-22 09:00:28.116388+00
b37d24a9-f2cf-40af-ba91-1ac385fd904b;AVGO;Shelley Moore Capito;2025-07-18;2025-08-04;SELL;1001;15000;Broadcom Ltd;self;Senate;capitol-exposed;2026-06-22 09:00:28.116388+00
34c65066-e4ec-4943-a6ce-5f0332f1ca95;MSFT;Shelley Moore Capito;2025-07-18;2025-08-04;SELL;1001;15000;MSFT;self;Senate;capitol-exposed;2026-06-22 09:00:28.116388+00
e828faec-df09-44b4-aeec-01d01d755f97;ARM;Jonathan L. Jackson;2025-07-17;2025-08-25;BUY;1001;15000;Arm Holdings plc - American Depositary Shares;spouse;House;capitol-exposed;2026-06-22 09:00:28.116388+00
ba41b87e-a4f1-46d7-8e0c-774877725fee;NVDA;Cleo Fields;2025-07-17;2025-08-06;BUY;50001;100000;Morgan Stanley - E*TRADE #2 NVIDIA Corporation - Common Stock;self;House;capitol-exposed;2026-06-22 09:00:28.116388+00
6295b6e5-fc09-4a68-885d-a16672fe010e;TSM;Cleo Fields;2025-07-17;2025-08-06;BUY;100001;250000;Morgan Stanley - E*TRADE #2 Taiwan Semiconductor Manufacturing Company Ltd.;self;House;capitol-exposed;2026-06-22 09:00:28.116388+00
ceef1001-4ea0-4071-8392-089813e7f3a2;META;Cleo Fields;2025-07-17;2025-08-06;BUY;50001;100000;Cap. Gains > $200? Meta Platforms, Inc. - Class A Common Stock;self;House;capitol-exposed;2026-06-22 09:00:28.116388+00
46f17cd6-7278-4ff1-ac32-a8da53c9d376;NVDA;Cleo Fields;2025-07-17;2025-08-06;BUY;100001;250000;Morgan Stanley - E*TRADE #2 NVIDIA Corporation - Common Stock;self;House;capitol-exposed;2026-06-22 09:00:28.116388+00
68d7575d-33f1-46b1-bad9-30dda7ecd3c6;GOOG;Cleo Fields;2025-07-17;2025-08-06;BUY;100001;250000;Morgan Stanley - E*TRADE #2 Alphabet Inc. - Class C Capital Stock;self;House;capitol-exposed;2026-06-22 09:00:28.116388+00
c21ada15-688f-44bb-9fad-ac37eefb5a05;HD;Lisa C. McClain;2025-07-16;2025-08-13;SELL;1001;15000;Home Depot, Inc.;spouse;House;capitol-exposed;2026-06-22 09:00:28.116388+00
acb9a3b7-4d29-479f-9887-3fc25f64d159;MSFT;Lisa C. McClain;2025-07-16;2025-08-13;BUY;1001;15000;Microsoft Corporation - Common Stock;spouse;House;capitol-exposed;2026-06-22 09:00:28.116388+00
1caea82b-991c-461e-b7dd-7a1b28502deb;CRWD;Lisa C. McClain;2025-07-16;2025-08-13;BUY;1001;15000;CrowdStrike Holdings, Inc. - Class A Common Stock;spouse;House;capitol-exposed;2026-06-22 09:00:28.116388+00
80c5c596-b037-4f94-ba4b-86bcad0b4e69;META;Lisa C. McClain;2025-07-16;2025-08-13;BUY;1001;15000;Meta Platforms, Inc. - Class A Common Stock;spouse;House;capitol-exposed;2026-06-22 09:00:28.116388+00
1fbbed42-1750-4217-9231-c4cef3ccd77f;PFE;Lisa C. McClain;2025-07-16;2025-08-13;BUY;1001;15000;Pfizer, Inc. Common Stock;spouse;House;capitol-exposed;2026-06-22 09:00:28.116388+00
0eacbc8c-a39d-4f81-8024-882175b689b1;LLY;Lisa C. McClain;2025-07-16;2025-08-13;SELL;1001;15000;Eli Lilly and Company Common Stock;spouse;House;capitol-exposed;2026-06-22 09:00:28.116388+00
83ced213-aa16-45fc-a8ee-fd0f7c064355;CRM;Lisa C. McClain;2025-07-16;2025-08-13;SELL;1001;15000;Salesforce, Inc. Common Stock;spouse;House;capitol-exposed;2026-06-22 09:00:28.116388+00
5e62560e-53a4-4fca-8ff7-327994aac27f;UPS;Lisa C. McClain;2025-07-16;2025-08-13;SELL;1001;15000;United Parcel Service, Inc. Common Stock;spouse;House;capitol-exposed;2026-06-22 09:00:28.116388+00
1b2e0402-dd3a-4421-b11b-dd0953e5ea95;AMZN;Cleo Fields;2025-07-16;2025-08-06;BUY;100001;250000;Cap. Gains > $200? Amazon.com, Inc. - Common Stock;self;House;capitol-exposed;2026-06-22 09:00:28.116388+00
63e2c78c-aabc-474a-a4b7-0e319dde51fe;MSFT;Cleo Fields;2025-07-16;2025-08-06;BUY;50001;100000;Morgan Stanley - E*TRADE #2 Microsoft Corporation - Common Stock;self;House;capitol-exposed;2026-06-22 09:00:28.116388+00
65d1c10f-9237-4681-bd6f-71c95a5b4df2;MSFT;Cleo Fields;2025-07-16;2025-08-06;BUY;15001;50000;Morgan Stanley - E*TRADE #2 Microsoft Corporation - Common Stock;self;House;capitol-exposed;2026-06-22 09:00:28.116388+00
e2369638-37a2-4773-bcf0-87bc5e0f6d7c;NVDA;Cleo Fields;2025-07-16;2025-08-06;BUY;50001;100000;Morgan Stanley - E*TRADE #2 NVIDIA Corporation - Common Stock;self;House;capitol-exposed;2026-06-22 09:00:28.116388+00
0983f354-f3f7-4ee8-811e-2e6f00ff1a87;NVDA;Cleo Fields;2025-07-16;2025-08-06;BUY;15001;50000;Cap. Gains > $200? NVIDIA Corporation - Common Stock;self;House;capitol-exposed;2026-06-22 09:00:28.116388+00
0b805ebd-37ea-4bf4-8f16-d053fc4319d1;ARM;Cleo Fields;2025-07-16;2025-08-06;BUY;50001;100000;Morgan Stanley - E*TRADE #2 Arm Holdings plc - American Depositary Shares;self;House;capitol-exposed;2026-06-22 09:00:28.116388+00
d4a55070-b8e7-40c6-86a9-49a2c09e9807;NVDA;Cleo Fields;2025-07-16;2025-08-06;BUY;100001;250000;Morgan Stanley - E*TRADE #2 NVIDIA Corporation - Common Stock;self;House;capitol-exposed;2026-06-22 09:00:28.116388+00
d409f54d-253a-492d-9b53-077430b6170e;META;Cleo Fields;2025-07-16;2025-08-06;BUY;50001;100000;Morgan Stanley - E*TRADE #2 Meta Platforms, Inc. - Class A Common Stock;self;House;capitol-exposed;2026-06-22 09:00:28.116388+00
f10e4ef5-c6ff-47a3-a15a-d9e2613bb529;UNH;Tim Moore;2025-07-16;2025-08-05;BUY;15001;50000;UnitedHealth Group Incorporated Common Stock;self;House;capitol-exposed;2026-06-22 09:00:28.116388+00
deda4c5e-7ad1-4f44-8957-d201296b4981;UNH;Angus S. King, Jr.;2025-07-15;2025-08-18;SELL;1001;15000;Unitedhealth Group Inc;self;Senate;capitol-exposed;2026-06-22 09:00:28.116388+00
1495f398-7619-458a-b4c8-f063c011da1e;GOOGL;Val T. Hoyle;2025-07-14;2025-09-12;BUY;1001;15000;Alphabet Inc. - Class A Common Stock;spouse;House;capitol-exposed;2026-06-22 09:00:28.116388+00
c9d0984c-300e-4027-bd12-b9eaee7be1b3;V;Josh Gottheimer;2025-07-14;2025-08-11;SELL;1001;15000;Visa Inc.;joint;House;capitol-exposed;2026-06-22 09:00:28.116388+00
98126ba8-b374-465e-8575-3cf36dc09ed0;GOOG;Cleo Fields;2025-07-14;2025-08-06;BUY;100001;250000;Morgan Stanley - E*TRADE #2 Alphabet Inc. - Class C Capital Stock;self;House;capitol-exposed;2026-06-22 09:00:28.116388+00
c01ed09d-2c64-43d4-9908-9346b3976070;NVDA;Cleo Fields;2025-07-14;2025-08-06;BUY;15001;50000;Morgan Stanley - E*TRADE #2 NVIDIA Corporation - Common Stock;self;House;capitol-exposed;2026-06-22 09:00:28.116388+00
d462022e-78f0-4976-a083-f310b49c763a;AMZN;Cleo Fields;2025-07-14;2025-08-06;BUY;1001;15000;Morgan Stanley - E*TRADE #2 Amazon.com, Inc. - Common Stock;self;House;capitol-exposed;2026-06-22 09:00:28.116388+00
d0ad1443-cc70-4c65-8e85-91bab0e67c41;NVDA;Cleo Fields;2025-07-14;2025-08-06;BUY;50001;100000;Morgan Stanley - E*TRADE #2 NVIDIA Corporation - Common Stock;self;House;capitol-exposed;2026-06-22 09:00:28.116388+00
b02296a9-8727-4c31-b94e-7f42a7acf8c4;NVDA;Cleo Fields;2025-07-14;2025-08-06;BUY;100001;250000;Morgan Stanley - E*TRADE #2 NVIDIA Corporation - Common Stock;self;House;capitol-exposed;2026-06-22 09:00:28.116388+00
6f8229c1-a551-4f72-a283-1b47cf23859c;JPM;Ritchie Torres;2025-07-11;2025-08-20;SELL;1001;15000;nce the financial interests held by the portfolio. The assets of the portfolio are widely diversified, and all investment decisions are made solely by the independent manager, without my input or direction. JP Morgan Chase & Co. Common Stock;self;House;capitol-exposed;2026-06-22 09:00:28.116388+00
a8333ec5-7035-4f96-968c-c8de444cb8cc;NVDA;Cleo Fields;2025-07-10;2025-08-06;BUY;100001;250000;Morgan Stanley - E*TRADE #2 NVIDIA Corporation - Common Stock;self;House;capitol-exposed;2026-06-22 09:00:28.116388+00
16c80efe-97f7-4c97-8b84-268529edb275;BAC;Ritchie Torres;2025-07-11;2025-08-20;SELL;1001;15000;the financial interests held by the portfolio. The assets of the portfolio are widely diversified, and all investment decisions are made solely by the independent manager, without my input or direction. Bank of America Corporation Common Stock;self;House;capitol-exposed;2026-06-22 09:00:28.116388+00
589b308b-764e-4000-8ea7-329c18462d48;ABBV;Ritchie Torres;2025-07-11;2025-08-20;SELL;1001;15000;ver or influence the financial interests held by the portfolio. The assets of the portfolio are widely diversified, and all investment decisions are made solely by the independent manager, without my input or direction. AbbVie Inc. Common Stock;self;House;capitol-exposed;2026-06-22 09:00:28.116388+00
9547f1d1-efb4-48ad-8ab2-f75ac612b650;MSFT;Ritchie Torres;2025-07-11;2025-08-20;SELL;1001;15000;nce the financial interests held by the portfolio. The assets of the portfolio are widely diversified, and all investment decisions are made solely by the independent manager, without my input or direction. Microsoft Corporation - Common Stock;self;House;capitol-exposed;2026-06-22 09:00:28.116388+00
1a2d45a5-d806-48cd-8ef3-16ce293f2b52;QCOM;Ritchie Torres;2025-07-11;2025-08-20;SELL;1001;15000;nce the financial interests held by the portfolio. The assets of the portfolio are widely diversified, and all investment decisions are made solely by the independent manager, without my input or direction. QUALCOMM Incorporated - Common Stock;self;House;capitol-exposed;2026-06-22 09:00:28.116388+00
9c2fc16c-b6b1-41bb-b019-00f7f8ecd407;VZ;Ritchie Torres;2025-07-11;2025-08-20;SELL;1001;15000;the financial interests held by the portfolio. The assets of the portfolio are widely diversified, and all investment decisions are made solely by the independent manager, without my input or direction. Verizon Communications Inc. Common Stock;self;House;capitol-exposed;2026-06-22 09:00:28.116388+00
f6ee3dad-f5c9-4f2b-b423-8c8c86f095c9;TMUS;Ritchie Torres;2025-07-11;2025-08-20;SELL;1001;15000;Cap. Gains > $200? T-Mobile US, Inc.;self;House;capitol-exposed;2026-06-22 09:00:28.116388+00
f0940fc4-10c5-493c-b682-228df694ba30;HD;Ritchie Torres;2025-07-11;2025-08-20;SELL;1001;15000;rol over or influence the financial interests held by the portfolio. The assets of the portfolio are widely diversified, and all investment decisions are made solely by the independent manager, without my input or direction. Home Depot, Inc.;self;House;capitol-exposed;2026-06-22 09:00:28.116388+00
8995a224-d2bc-44ae-bc59-15e716a0c328;CRM;Ritchie Torres;2025-07-11;2025-08-20;SELL;1001;15000;fluence the financial interests held by the portfolio. The assets of the portfolio are widely diversified, and all investment decisions are made solely by the independent manager, without my input or direction. Salesforce, Inc. Common Stock;self;House;capitol-exposed;2026-06-22 09:00:28.116388+00
ee0f2068-e000-490f-8578-9a479ee0cf90;KO;Ritchie Torres;2025-07-11;2025-08-20;SELL;1001;15000;rol over or influence the financial interests held by the portfolio. The assets of the portfolio are widely diversified, and all investment decisions are made solely by the independent manager, without my input or direction. Coca-Cola Company;self;House;capitol-exposed;2026-06-22 09:00:28.116388+00
661c5dc7-2b60-47ab-aaa8-2b72ad5da548;NOC;Ritchie Torres;2025-07-11;2025-08-20;SELL;1001;15000;the financial interests held by the portfolio. The assets of the portfolio are widely diversified, and all investment decisions are made solely by the independent manager, without my input or direction. Northrop Grumman Corporation Common Stock;self;House;capitol-exposed;2026-06-22 09:00:28.116388+00
b8abfc5e-d76a-4ffd-aef6-6597525af111;PEP;Ritchie Torres;2025-07-11;2025-08-20;SELL;1001;15000;Pepsico, Inc.;self;House;capitol-exposed;2026-06-22 09:00:28.116388+00
58347a52-bf9f-407a-9e74-78292ae3667a;MRK;Ritchie Torres;2025-07-11;2025-08-20;SELL;1001;15000;nce the financial interests held by the portfolio. The assets of the portfolio are widely diversified, and all investment decisions are made solely by the independent manager, without my input or direction. Merck & Company, Inc. Common Stock;self;House;capitol-exposed;2026-06-22 09:00:28.116388+00
a0b5e573-02ee-4a5d-97cf-92afdbb93077;ORCL;Ritchie Torres;2025-07-11;2025-08-20;SELL;1001;15000;Oracle Corporation Common Stock;self;House;capitol-exposed;2026-06-22 09:00:28.116388+00
1707d7f5-db1a-48aa-bcb6-944c6ac3194b;AVGO;Ritchie Torres;2025-07-11;2025-08-20;SELL;1001;15000;Cap. Gains > $200? Broadcom Inc. - Common Stock;self;House;capitol-exposed;2026-06-22 09:00:28.116388+00
c9c5bb33-4592-4f7c-bcd1-916b36e1a8ce;GOOGL;Ritchie Torres;2025-07-11;2025-08-20;SELL;1001;15000;Cap. Gains > $200? direction. Alphabet Inc. - Class A Common Stock;self;House;capitol-exposed;2026-06-22 09:00:28.116388+00
2eff8604-17ff-462a-88e2-7589ddc488b4;META;Ritchie Torres;2025-07-11;2025-08-20;SELL;1001;15000;nancial interests held by the portfolio. The assets of the portfolio are widely diversified, and all investment decisions are made solely by the independent manager, without my input or direction. Meta Platforms, Inc. - Class A Common Stock;self;House;capitol-exposed;2026-06-22 09:00:28.116388+00
de16f9e6-3d03-4a42-bca5-7fcb6d81aea0;WMT;Ritchie Torres;2025-07-11;2025-08-20;SELL;1001;15000;or influence the financial interests held by the portfolio. The assets of the portfolio are widely diversified, and all investment decisions are made solely by the independent manager, without my input or direction. Walmart Inc. Common Stock;self;House;capitol-exposed;2026-06-22 09:00:28.116388+00
4b07c708-34fb-400d-a84c-26dfb1d7ea39;GS;Ritchie Torres;2025-07-11;2025-08-20;SELL;1001;15000;or influence the financial interests held by the portfolio. The assets of the portfolio are widely diversified, and all investment decisions are made solely by the independent manager, without my input or direction. Goldman Sachs Group, Inc.;self;House;capitol-exposed;2026-06-22 09:00:28.116388+00
0eae5d4d-1205-4a17-9cb2-0ba2c6ec2525;AAPL;Ritchie Torres;2025-07-11;2025-08-20;SELL;1001;15000;or influence the financial interests held by the portfolio. The assets of the portfolio are widely diversified, and all investment decisions are made solely by the independent manager, without my input or direction. Apple Inc. - Common Stock;self;House;capitol-exposed;2026-06-22 09:00:28.116388+00
f52bac13-4ae0-4f8a-95ed-0778d837b0ce;PG;Ritchie Torres;2025-07-11;2025-08-20;SELL;1001;15000;ver or influence the financial interests held by the portfolio. The assets of the portfolio are widely diversified, and all investment decisions are made solely by the independent manager, without my input or direction. Procter & Gamble Company;self;House;capitol-exposed;2026-06-22 09:00:28.116388+00
89ea0f0f-87d5-4ea3-9573-7069177e0e12;HD;Lisa C. McClain;2025-07-10;2025-08-13;BUY;1001;15000;Home Depot, Inc.;spouse;House;capitol-exposed;2026-06-22 09:00:28.116388+00
beb57f69-5e49-4d78-bad7-4fbd656a4e05;T;Lisa C. McClain;2025-07-10;2025-08-13;SELL;1001;15000;AT&T Inc.;spouse;House;capitol-exposed;2026-06-22 09:00:28.116388+00
04dd24c9-c07f-4cc5-ad09-2c782a7473a9;ADBE;Lisa C. McClain;2025-07-10;2025-08-13;SELL;1001;15000;Adobe Inc. - Common Stock;spouse;House;capitol-exposed;2026-06-22 09:00:28.116388+00
bd6059f0-1368-45d5-b289-d766447a53f2;LLY;Lisa C. McClain;2025-07-10;2025-08-13;BUY;1001;15000;Eli Lilly and Company Common Stock;spouse;House;capitol-exposed;2026-06-22 09:00:28.116388+00
6ca77079-9b69-4f2f-a775-2c1e7bccdb3e;VZ;Lisa C. McClain;2025-07-10;2025-08-13;SELL;1001;15000;Verizon Communications Inc. Common Stock;spouse;House;capitol-exposed;2026-06-22 09:00:28.116388+00
3e04d0fa-700f-459c-9756-969370434e74;TSLA;Lisa C. McClain;2025-07-10;2025-08-13;SELL;1001;15000;Tesla, Inc. - Common Stock;spouse;House;capitol-exposed;2026-06-22 09:00:28.116388+00
507ce6de-d1c3-457a-9fd6-efd066b462a1;PG;Lisa C. McClain;2025-07-10;2025-08-13;SELL;1001;15000;Procter & Gamble Company;spouse;House;capitol-exposed;2026-06-22 09:00:28.116388+00
3e041dc8-19de-4f4c-816c-1e3f2728cea8;KO;Lisa C. McClain;2025-07-10;2025-08-13;SELL;1001;15000;Coca-Cola Company;spouse;House;capitol-exposed;2026-06-22 09:00:28.116388+00
f88ee6b2-b6ea-47a9-9d59-bd1e08a860c4;COST;Lisa C. McClain;2025-07-10;2025-08-13;SELL;1001;15000;Costco Wholesale Corporation - Common Stock;spouse;House;capitol-exposed;2026-06-22 09:00:28.116388+00
3c8c5ebb-834c-462a-b61b-a82b49d5606a;UBER;Cleo Fields;2025-07-10;2025-08-06;BUY;15001;50000;Morgan Stanley - E*TRADE #2 Uber Technologies, Inc. Common Stock;self;House;capitol-exposed;2026-06-22 09:00:28.116388+00
bf0b285d-bf2c-444e-9a82-31802d6e2bcb;NVDA;Sheldon Whitehouse;2025-07-07;2025-08-04;SELL;15001;50000;Nvidia Corp;self;Senate;capitol-exposed;2026-06-22 09:00:28.116388+00
94afb650-2e1d-42f5-8bca-4400ebfaa2b0;T;James Comer;2025-07-03;2025-08-11;SELL;1001;15000;AT&T Inc.;self;House;capitol-exposed;2026-06-22 09:00:28.116388+00
b4d1fcfa-72fe-4fe1-8999-4aab4f977d75;PYPL;James Comer;2025-07-03;2025-08-11;SELL;1001;15000;PayPal Holdings, Inc. - Common Stock;self;House;capitol-exposed;2026-06-22 09:00:28.116388+00
8541d43a-73a3-4c8f-add5-dbfdfa81ff83;HD;James Comer;2025-07-03;2025-08-11;SELL;1001;15000;Home Depot, Inc.;self;House;capitol-exposed;2026-06-22 09:00:28.116388+00
32374396-f0e9-4137-8484-bfbda042e3f1;AVGO;James Comer;2025-07-03;2025-08-11;SELL;1001;15000;Broadcom Inc. - Common Stock;self;House;capitol-exposed;2026-06-22 09:00:28.116388+00
2066abbc-fe22-418c-8951-474379496b7a;CRM;James Comer;2025-07-03;2025-08-11;SELL;1001;15000;Cap. Gains > $200? FS: New Salesforce, Inc. Common Stock;self;House;capitol-exposed;2026-06-22 09:00:28.116388+00
0f8736a3-6560-4b21-bbc7-a3153d5553ac;META;Julia Letlow;2025-07-02;2026-01-13;SELL;1001;15000;Meta Platforms, Inc. - Class A Common Stock;self;House;capitol-exposed;2026-06-22 09:00:28.116388+00
dc205f20-9f00-4a04-8d5d-ea556bb13034;T;Julia Letlow;2025-07-02;2026-01-13;SELL;1001;15000;AT&T Inc.;self;House;capitol-exposed;2026-06-22 09:00:28.116388+00
1f8c99c8-8dba-4d4d-b2b7-e49af2c5529f;GOOGL;Julia Letlow;2025-07-02;2026-01-13;BUY;1001;15000;Alphabet Inc. - Class A Common Stock;self;House;capitol-exposed;2026-06-22 09:00:28.116388+00
59420cfe-701b-4254-b8b6-0dd1873570f4;GOOGL;Val T. Hoyle;2025-07-02;2025-09-12;BUY;1001;15000;Alphabet Inc. - Class A Common Stock;spouse;House;capitol-exposed;2026-06-22 09:00:28.116388+00
c35100e8-5b5e-4466-a4ec-861dea3c77a3;JPM;Val T. Hoyle;2025-07-02;2025-09-12;SELL;1001;15000;JP Morgan Chase & Co. Common Stock;spouse;House;capitol-exposed;2026-06-22 09:00:28.116388+00
9293cb0f-cda8-4a25-a1ef-f9c3ff0c1f71;PG;Val T. Hoyle;2025-07-02;2025-09-12;SELL;1001;15000;Procter & Gamble Company;spouse;House;capitol-exposed;2026-06-22 09:00:28.116388+00
c4c0a7fd-efa6-40a6-9fcf-0870e5b199ac;AMZN;Val T. Hoyle;2025-07-02;2025-09-12;BUY;1001;15000;Amazon.com, Inc. - Common Stock;spouse;House;capitol-exposed;2026-06-22 09:00:28.116388+00
00fa8dbb-457d-4680-96e0-880b9489c3e0;KO;Lloyd Doggett;2025-07-01;2025-08-04;BUY;1001;15000;Coca-Cola Company (KO);self;House;capitol-exposed;2026-06-22 09:00:28.116388+00
f29f4c02-1dcb-4443-8770-7e7cfe226632;DIS;August Pfluger;2025-07-01;2025-07-23;SELL;1001;15000;Roth IRA Walt Disney Company;self;House;capitol-exposed;2026-06-22 09:00:28.116388+00
5cb38c95-4499-45c5-bd78-d1c7d2636955;PLTR;Julie Johnson;2025-06-30;2025-07-14;SELL;1001;15000;Palantir Technologies Inc. - Class A Common Stock;joint;House;capitol-exposed;2026-06-22 09:00:28.116388+00
8605586b-bc5d-46fe-948c-10e580314307;META;John J. McGuire III;2025-06-30;2025-07-10;BUY;1001;15000;Meta Platforms, Inc. - Class A Common Stock (META);self;House;capitol-exposed;2026-06-22 09:00:28.116388+00
b02150ff-bc9b-40b5-822f-ec0e9b1b21e5;AAPL;Cleo Fields;2025-06-30;2025-07-01;BUY;50001;100000;Morgan Stanley - E*TRADE - Fields Law Firm 2, LLC Apple Inc. - Common Stock;self;House;capitol-exposed;2026-06-22 09:00:28.116388+00
6d9fa65f-fe72-4469-8b49-938d0af6c9aa;META;Cleo Fields;2025-06-30;2025-07-01;BUY;50001;100000;Morgan Stanley - E*TRADE #2 Meta Platforms, Inc. - Class A Common Stock;self;House;capitol-exposed;2026-06-22 09:00:28.116388+00
e6ce320b-7c40-4ae8-aa85-ef3bd272059b;INTC;Cleo Fields;2025-06-30;2025-07-01;SELL;1001;15000;Morgan Stanley - E*TRADE #2 Intel Corporation - Common Stock;self;House;capitol-exposed;2026-06-22 09:00:28.116388+00
8a854e8c-b364-4087-a23d-c8c7931acdc1;T;Cleo Fields;2025-06-30;2025-07-01;BUY;15001;50000;Morgan Stanley - E*TRADE #2 AT&T Inc.;self;House;capitol-exposed;2026-06-22 09:00:28.116388+00
c1e7f916-d6dc-44db-803d-4393bb1906cd;NVDA;Cleo Fields;2025-06-30;2025-07-01;BUY;100001;250000;Morgan Stanley - E*TRADE - Fields Law Firm 2, LLC NVIDIA Corporation - Common Stock;self;House;capitol-exposed;2026-06-22 09:00:28.116388+00
3581e927-3f85-45dc-9289-ae0e16418719;AAPL;Cleo Fields;2025-06-30;2025-07-01;BUY;100001;250000;Morgan Stanley - E*TRADE #2 Apple Inc. - Common Stock;self;House;capitol-exposed;2026-06-22 09:00:28.116388+00
1f783eb5-72ab-45ea-8c12-8e05512efad7;AAPL;Cleo Fields;2025-06-30;2025-07-01;BUY;15001;50000;Morgan Stanley - E*TRADE #2 Apple Inc. - Common Stock;self;House;capitol-exposed;2026-06-22 09:00:28.116388+00
1d6c71d0-64f4-4088-af59-bca3c5811ee7;JPM;Cleo Fields;2025-06-30;2025-07-01;BUY;15001;50000;Cap. Gains > $200? JP Morgan Chase & Co. Common Stock;self;House;capitol-exposed;2026-06-22 09:00:28.116388+00
04efaa74-67dd-4a27-bcac-46161ba3cb60;PLTR;Cleo Fields;2025-06-30;2025-07-01;BUY;50001;100000;Cap. Gains > $200? Palantir Technologies Inc. - Class A Common Stock;self;House;capitol-exposed;2026-06-22 09:00:28.116388+00
accc109f-9a68-413f-aacb-75d7b090d0ba;AMZN;Cleo Fields;2025-06-30;2025-07-01;BUY;100001;250000;Morgan Stanley - E*TRADE - Fields Law Firm 2, LLC Amazon.com, Inc. - Common Stock;self;House;capitol-exposed;2026-06-22 09:00:28.116388+00
359995db-7780-40b4-84cd-254b167d45ea;NOW;John J. McGuire III;2025-06-27;2025-07-10;SELL;1001;15000;ServiceNow, Inc. Common Stock;spouse;House;capitol-exposed;2026-06-22 09:00:28.116388+00
bc7fbd45-d044-4f8d-9b43-f133a3eee994;CRM;Val T. Hoyle;2025-06-26;2025-09-12;BUY;1001;15000;Salesforce, Inc. Common Stock;spouse;House;capitol-exposed;2026-06-22 09:00:28.116388+00
6fcfcf8f-43c2-4179-8771-818ca19ee610;V;Josh Gottheimer;2025-06-26;2025-07-16;SELL;1001;15000;Visa Inc.;joint;House;capitol-exposed;2026-06-22 09:00:28.116388+00
cdcd2838-6380-4573-a480-590fe47239f2;NVDA;Cleo Fields;2025-06-26;2025-07-01;BUY;1000001;5000000;Morgan Stanley - E*TRADE - Fields Law Firm 2, LLC NVIDIA Corporation - Common Stock;self;House;capitol-exposed;2026-06-22 09:00:28.116388+00
f09dde2a-7408-4c32-ac5f-c76960b363b5;AVGO;Josh Gottheimer;2025-06-25;2025-07-16;BUY;1001;15000;Broadcom Inc. - Common Stock;joint;House;capitol-exposed;2026-06-22 09:00:28.116388+00
047c998f-49d5-4c55-9333-e5b17263ef2a;V;Josh Gottheimer;2025-06-25;2025-07-16;SELL;1001;15000;Visa Inc.;joint;House;capitol-exposed;2026-06-22 09:00:28.116388+00
9d8a7031-9160-4296-becb-08e698bb4469;MSFT;Cleo Fields;2025-06-25;2025-07-01;BUY;50001;100000;Morgan Stanley - E*TRADE - Fields Law Firm 2, LLC Microsoft Corporation - Common Stock;self;House;capitol-exposed;2026-06-22 09:00:28.116388+00
fe77aa24-7e54-49c5-ab65-ec131db892ea;AAPL;Cleo Fields;2025-06-25;2025-07-01;BUY;50001;100000;Morgan Stanley - E*TRADE #2 Apple Inc. - Common Stock;self;House;capitol-exposed;2026-06-22 09:00:28.116388+00
f4ea1236-c7fe-4f1a-a7f0-5e0b25b7ac66;AAPL;Cleo Fields;2025-06-25;2025-07-01;BUY;100001;250000;Morgan Stanley - E*TRADE - Fields Law Firm 2, LLC Apple Inc. - Common Stock;self;House;capitol-exposed;2026-06-22 09:00:28.116388+00
954c702d-551f-4f81-b0ce-17ade333450a;TSM;Cleo Fields;2025-06-25;2025-07-01;BUY;100001;250000;Morgan Stanley - E*TRADE - Fields Law Firm 2, LLC Taiwan Semiconductor Manufacturing Company Ltd.;self;House;capitol-exposed;2026-06-22 09:00:28.116388+00
6284bab2-596c-46ab-920f-2fd253e82ac3;MCD;Cleo Fields;2025-06-25;2025-07-01;BUY;15001;50000;Morgan Stanley - E*TRADE #2 McDonald's Corporation Common Stock;self;House;capitol-exposed;2026-06-22 09:00:28.116388+00
bdcede28-1fef-4a02-81b0-09ce75ef6556;PLTR;Cleo Fields;2025-06-25;2025-07-01;BUY;1001;15000;Morgan Stanley - E*TRADE - Fields Law Firm 2, LLC Palantir Technologies Inc. - Class A Common Stock;self;House;capitol-exposed;2026-06-22 09:00:28.116388+00
9cfa22da-ce8f-4e73-ac0d-70b74a0c39a9;AAPL;Cleo Fields;2025-06-25;2025-07-01;BUY;1001;15000;Morgan Stanley - E*TRADE #1 Apple Inc. - Common Stock;self;House;capitol-exposed;2026-06-22 09:00:28.116388+00
714a6061-9d02-4a65-9ab2-fe5cea7cb8c3;NVDA;Cleo Fields;2025-06-25;2025-07-01;BUY;50001;100000;Morgan Stanley - E*TRADE #2 NVIDIA Corporation - Common Stock;self;House;capitol-exposed;2026-06-22 09:00:28.116388+00
54739863-33d7-4bf8-a41a-c07b0e18db9f;GOOG;Cleo Fields;2025-06-25;2025-07-01;BUY;50001;100000;Morgan Stanley - E*TRADE #2 Alphabet Inc. - Class C Capital Stock;self;House;capitol-exposed;2026-06-22 09:00:28.116388+00
997bed1a-20cf-46b9-a570-55f3b5df3c23;AMZN;Cleo Fields;2025-06-25;2025-07-01;BUY;100001;250000;Morgan Stanley - E*TRADE #2 Amazon.com, Inc. - Common Stock;self;House;capitol-exposed;2026-06-22 09:00:28.116388+00
1e336824-58a5-4a4c-a3b1-b9dcc4caa18e;VZ;Lisa C. McClain;2025-06-24;2025-08-13;BUY;1001;15000;Verizon Communications Inc. Common Stock;spouse;House;capitol-exposed;2026-06-22 09:00:28.116388+00
d8f7e868-23b2-4214-a3d3-516fe272fd21;CVX;Lisa C. McClain;2025-06-24;2025-08-13;SELL;1001;15000;Chevron Corporation Common Stock;spouse;House;capitol-exposed;2026-06-22 09:00:28.116388+00
f4c8211e-b3c1-4dbc-9287-63b9ff937d87;XOM;Lisa C. McClain;2025-06-24;2025-08-13;BUY;1001;15000;Exxon Mobil Corporation Common Stock;spouse;House;capitol-exposed;2026-06-22 09:00:28.116388+00
28bd2e79-9bc6-47cb-b56b-884668a147ce;MA;Lisa C. McClain;2025-06-24;2025-08-13;SELL;1001;15000;Mastercard Incorporated Common Stock;spouse;House;capitol-exposed;2026-06-22 09:00:28.116388+00
4d563f52-8b11-4b18-bdae-dd07221eeff6;MRK;Lisa C. McClain;2025-06-24;2025-08-13;BUY;1001;15000;Merck & Company, Inc. Common Stock;spouse;House;capitol-exposed;2026-06-22 09:00:28.116388+00
cc92070b-e203-4783-b947-e7a42ec7782e;NOC;Lisa C. McClain;2025-06-24;2025-08-13;SELL;1001;15000;Northrop Grumman Corporation Common Stock;spouse;House;capitol-exposed;2026-06-22 09:00:28.116388+00
8676eaa5-941d-473c-8484-946098c1f507;PEP;Lisa C. McClain;2025-06-24;2025-08-13;BUY;1001;15000;Pepsico, Inc.;spouse;House;capitol-exposed;2026-06-22 09:00:28.116388+00
86129032-fbf9-463b-86e3-6ee9ca101c66;PG;Lisa C. McClain;2025-06-24;2025-08-13;BUY;1001;15000;Procter & Gamble Company;spouse;House;capitol-exposed;2026-06-22 09:00:28.116388+00
653e3067-9c11-47d8-867b-205bfbdbdf20;SBUX;Lisa C. McClain;2025-06-24;2025-08-13;SELL;1001;15000;Starbucks Corporation - Common Stock;spouse;House;capitol-exposed;2026-06-22 09:00:28.116388+00
f2ac3c62-fe84-4a61-819b-fd39f6c328b2;KO;Lisa C. McClain;2025-06-24;2025-08-13;BUY;1001;15000;Coca-Cola Company;spouse;House;capitol-exposed;2026-06-22 09:00:28.116388+00
8567f669-a90e-4738-ab4f-2dc77599ddd5;COP;Lisa C. McClain;2025-06-24;2025-08-13;BUY;1001;15000;ConocoPhillips Common Stock;spouse;House;capitol-exposed;2026-06-22 09:00:28.116388+00
0590e620-b023-4f15-830d-33a8071edfb2;MCD;Lisa C. McClain;2025-06-24;2025-08-13;BUY;1001;15000;McDonald's Corporation Common Stock;spouse;House;capitol-exposed;2026-06-22 09:00:28.116388+00
900191c2-668e-408e-8fc9-5221fcd38c5e;UNH;Lisa C. McClain;2025-06-24;2025-08-13;SELL;1001;15000;UnitedHealth Group Incorporated Common Stock;spouse;House;capitol-exposed;2026-06-22 09:00:28.116388+00
87b98c1e-ef60-491e-9c37-45a0a7c90c86;GOOGL;Lisa C. McClain;2025-06-24;2025-08-13;BUY;1001;15000;Alphabet Inc. - Class A Common Stock;spouse;House;capitol-exposed;2026-06-22 09:00:28.116388+00
f5f4f682-891c-4063-b8c9-8548a89b05a5;JNJ;Lisa C. McClain;2025-06-24;2025-08-13;SELL;1001;15000;Johnson & Johnson Common Stock;spouse;House;capitol-exposed;2026-06-22 09:00:28.116388+00
a4386c0f-20b8-409e-8b47-3e9a3b514c6f;NVDA;Josh Gottheimer;2025-06-24;2025-07-16;BUY;1001;15000;NVIDIA Corporation - Common Stock;joint;House;capitol-exposed;2026-06-22 09:00:28.116388+00
cc65bafe-414b-4dbe-940d-66f900187abf;COP;Josh Gottheimer;2025-06-24;2025-07-16;SELL;1001;15000;ConocoPhillips Common Stock;joint;House;capitol-exposed;2026-06-22 09:00:28.116388+00
712797b4-e38e-4cc0-a515-fbb67dd2078b;V;Josh Gottheimer;2025-06-24;2025-07-16;SELL;1001;15000;Visa Inc.;joint;House;capitol-exposed;2026-06-22 09:00:28.116388+00
e193d561-12e0-4a98-bbb4-1517934c1f5d;COIN;Robert P. Bresnahan, Jr.;2025-06-24;2025-07-08;BUY;1001;15000;Cap. Gains > $200? SO: JP Morgan Brokerage Account #2 Coinbase Global, Inc. - Class A Common Stock;self;House;capitol-exposed;2026-06-22 09:00:28.116388+00
5c0281da-0d2b-4faa-b369-c9a58a63c374;ADBE;Lisa C. McClain;2025-06-23;2025-08-13;BUY;1001;15000;Adobe Inc. - Common Stock;spouse;House;capitol-exposed;2026-06-22 09:00:28.116388+00
f67749c6-82f0-4b78-b6e2-43b6ea17ddad;T;J. French Hill;2025-06-23;2025-07-24;SELL;1001;15000;AT&T Inc. (T);self;House;capitol-exposed;2026-06-22 09:00:28.116388+00
dd5a1f8d-1043-43e5-a4bb-9913acf42e07;WFC;J. French Hill;2025-06-23;2025-07-24;SELL;15001;50000;FULL LIQUIDATION. Wells Fargo & Company Common Stock;self;House;capitol-exposed;2026-06-22 09:00:28.116388+00
5d125eee-c61b-4159-8f47-a7194a829e82;INTC;J. French Hill;2025-06-23;2025-07-24;SELL;15001;50000;FULL LIQUIDATION. Intel Corporation - Common Stock;self;House;capitol-exposed;2026-06-22 09:00:28.116388+00
2350331a-9e49-4ba9-92ec-800f609c332b;AMZN;Robert P. Bresnahan, Jr.;2025-06-23;2025-07-08;SELL;1001;15000;Amazon.com, Inc. - Common Stock (AMZN);self;House;capitol-exposed;2026-06-22 09:00:28.116388+00
511906a5-e85a-4a6d-b168-2b53dcecd2fa;UNH;Shelley Moore Capito;2025-06-23;2025-07-05;SELL;1001;15000;UNH;self;Senate;capitol-exposed;2026-06-22 09:00:28.116388+00
2a4f7116-a3e6-4b49-8b65-2b84776c40ec;NET;Josh Gottheimer;2025-06-20;2025-07-16;BUY;1001;15000;Cloudflare, Inc. Class A Common Stock;joint;House;capitol-exposed;2026-06-22 09:00:28.116388+00
e48d61fb-59bd-40f7-a29e-15e7ebd9c851;MCD;Josh Gottheimer;2025-06-20;2025-07-16;SELL;1001;15000;McDonald's Corporation Common Stock;joint;House;capitol-exposed;2026-06-22 09:00:28.116388+00
aea6b652-c1a4-4bfb-a8d5-3b8cd2914811;V;Josh Gottheimer;2025-06-20;2025-07-16;SELL;1001;15000;Visa Inc.;joint;House;capitol-exposed;2026-06-22 09:00:28.116388+00
01298738-77e0-41d4-ba50-d1b57bf84ba6;AVGO;Nancy Pelosi;2025-06-20;2025-07-09;BUY;1000001;5000000;Broadcom Inc. - Common Stock;spouse;House;capitol-exposed;2026-06-22 09:00:28.116388+00
2e1a7c38-163d-4d82-aba5-317637d79022;AVGO;Nancy Pelosi;2025-06-20;2025-07-09;BUY;15001;50000;Broadcom Inc. - Common Stock (AVGO);self;House;capitol-exposed;2026-06-22 09:00:28.116388+00
e7bc58e7-0849-4005-a3b6-30e5d38c34fd;MMM;Julie Johnson;2025-06-18;2025-07-14;BUY;1001;15000;3M Company Common Stock;joint;House;capitol-exposed;2026-06-22 09:00:28.116388+00
01f85f00-e372-4795-a8f9-151f88e74080;HD;Lloyd Doggett;2025-06-18;2025-07-07;BUY;1001;15000;Home Depot, Inc.;self;House;capitol-exposed;2026-06-22 09:00:28.116388+00
3281f907-c9c3-4d8e-97db-b424120544b2;MSFT;Shelley Moore Capito;2025-06-18;2025-07-05;SELL;1001;15000;MSFT;self;Senate;capitol-exposed;2026-06-22 09:00:28.116388+00
178c82f6-e002-41db-92ab-2dbf1f6fcb7f;WFC;Shelley Moore Capito;2025-06-18;2025-07-05;SELL;1001;15000;WFC;self;Senate;capitol-exposed;2026-06-22 09:00:28.116388+00
1be58933-9e88-4ee3-88a6-346663826087;XOM;Shelley Moore Capito;2025-06-18;2025-07-05;SELL;1001;15000;XOM;self;Senate;capitol-exposed;2026-06-22 09:00:28.116388+00
58266c66-41c7-4642-98b7-fef7f9a3c029;AMD;Julia Letlow;2025-06-17;2026-01-13;BUY;1001;15000;Advanced Micro Devices, Inc.;self;House;capitol-exposed;2026-06-22 09:00:28.116388+00
29b4f601-0793-41eb-9a79-54285ae7d2f9;PFE;Julia Letlow;2025-06-17;2026-01-13;BUY;1001;15000;Corporate Bond Pfizer, Inc. Common Stock;self;House;capitol-exposed;2026-06-22 09:00:28.116388+00
e8f84607-329e-47bd-97a9-727c157646c7;MA;Lisa C. McClain;2025-06-17;2025-08-13;BUY;1001;15000;Mastercard Incorporated Common Stock;spouse;House;capitol-exposed;2026-06-22 09:00:28.116388+00
29fff18d-75db-4775-b058-0e0da62baddb;JNJ;Lisa C. McClain;2025-06-17;2025-08-13;BUY;1001;15000;Johnson & Johnson Common Stock;spouse;House;capitol-exposed;2026-06-22 09:00:28.116388+00
7a2afc51-1995-4029-953d-62e181e789e5;NVDA;Lisa C. McClain;2025-06-17;2025-08-13;BUY;1001;15000;NVIDIA Corporation - Common Stock;spouse;House;capitol-exposed;2026-06-22 09:00:28.116388+00
97e0bd67-471e-4674-b69e-2325eaff71cc;PLTR;Lisa C. McClain;2025-06-17;2025-08-13;BUY;1001;15000;Palantir Technologies Inc. - Class A Common Stock;spouse;House;capitol-exposed;2026-06-22 09:00:28.116388+00
24ec2e2c-bc68-498d-9b9f-0f1ac4944a6c;NOW;Lisa C. McClain;2025-06-17;2025-08-13;BUY;1001;15000;ServiceNow, Inc. Common Stock;spouse;House;capitol-exposed;2026-06-22 09:00:28.116388+00
4a1eb992-7cf7-4c01-8816-a91e650e98c8;TSM;Lisa C. McClain;2025-06-17;2025-08-13;BUY;1001;15000;Taiwan Semiconductor Manufacturing Company Ltd.;spouse;House;capitol-exposed;2026-06-22 09:00:28.116388+00
c868c03a-8cf3-4ca2-a53f-ae4dfa24fbbb;COST;Lisa C. McClain;2025-06-17;2025-08-13;BUY;1001;15000;Costco Wholesale Corporation - Common Stock;spouse;House;capitol-exposed;2026-06-22 09:00:28.116388+00
ecc990a6-184e-4d83-a2af-4b88c21d964e;ORCL;Lisa C. McClain;2025-06-17;2025-08-13;BUY;1001;15000;Oracle Corporation Common Stock;spouse;House;capitol-exposed;2026-06-22 09:00:28.116388+00
dd84498d-d13f-4eca-979b-e8adbe5ab073;UPS;Lisa C. McClain;2025-06-17;2025-08-13;BUY;1001;15000;United Parcel Service, Inc. Common Stock;spouse;House;capitol-exposed;2026-06-22 09:00:28.116388+00
ab87fa07-7a5f-4e58-983c-2f44894ac933;UNH;Lisa C. McClain;2025-06-17;2025-08-13;BUY;1001;15000;UnitedHealth Group Incorporated Common Stock;spouse;House;capitol-exposed;2026-06-22 09:00:28.116388+00
bde75288-b98f-48d0-bc1b-216af9fbb06e;WMT;Lisa C. McClain;2025-06-17;2025-08-13;BUY;1001;15000;Walmart Inc. Common Stock;spouse;House;capitol-exposed;2026-06-22 09:00:28.116388+00
f60180d6-76d3-4015-8d6c-028304c9b133;TSLA;Lisa C. McClain;2025-06-17;2025-08-13;BUY;1001;15000;Tesla, Inc. - Common Stock;spouse;House;capitol-exposed;2026-06-22 09:00:28.116388+00
966b4a12-349b-40ff-9b3d-f3109421be26;TMUS;Lisa C. McClain;2025-06-17;2025-08-13;BUY;1001;15000;T-Mobile US, Inc.;spouse;House;capitol-exposed;2026-06-22 09:00:28.116388+00
9501a377-eb88-4d4e-8ac0-6ded322a4fdd;CRM;Lisa C. McClain;2025-06-17;2025-08-13;BUY;1001;15000;Salesforce, Inc. Common Stock;spouse;House;capitol-exposed;2026-06-22 09:00:28.116388+00
11435967-23fd-4d74-b938-f8eff2ae7dc0;HON;Lisa C. McClain;2025-06-17;2025-08-13;BUY;1001;15000;Honeywell International Inc.;spouse;House;capitol-exposed;2026-06-22 09:00:28.116388+00
b35c2ad0-fd6d-403d-887e-9b41817a8d2f;AMD;Lisa C. McClain;2025-06-17;2025-08-13;BUY;1001;15000;Advanced Micro Devices, Inc.;spouse;House;capitol-exposed;2026-06-22 09:00:28.116388+00
1d7112ba-5364-4e90-8e98-0fd0c185050a;CVX;Lisa C. McClain;2025-06-17;2025-08-13;BUY;1001;15000;Chevron Corporation Common Stock;spouse;House;capitol-exposed;2026-06-22 09:00:28.116388+00
477caca7-a552-4c0a-bdf2-d1febaf33850;ABBV;Lisa C. McClain;2025-06-17;2025-08-13;BUY;1001;15000;AbbVie Inc. Common Stock;spouse;House;capitol-exposed;2026-06-22 09:00:28.116388+00
3db2f4fc-46da-4eaa-a013-e033e1b56049;AMZN;Lisa C. McClain;2025-06-17;2025-08-13;BUY;1001;15000;Amazon.com, Inc. - Common Stock;spouse;House;capitol-exposed;2026-06-22 09:00:28.116388+00
4a720c04-b38d-4421-9ef9-9ed4e3e00e57;BAC;Lisa C. McClain;2025-06-17;2025-08-13;BUY;1001;15000;Bank of America Corporation Common Stock;spouse;House;capitol-exposed;2026-06-22 09:00:28.116388+00
fdfb6e29-143e-42b7-a21f-20bad857a09d;JPM;Lisa C. McClain;2025-06-17;2025-08-13;BUY;1001;15000;JP Morgan Chase & Co. Common Stock;spouse;House;capitol-exposed;2026-06-22 09:00:28.116388+00
dd649a13-92ed-4523-9e13-4d83217c8e5c;AVGO;Lisa C. McClain;2025-06-17;2025-08-13;BUY;1001;15000;Broadcom Inc. - Common Stock;spouse;House;capitol-exposed;2026-06-22 09:00:28.116388+00
200040fa-62d3-4778-b423-e7fee67176ea;NOC;Lisa C. McClain;2025-06-17;2025-08-13;BUY;1001;15000;Northrop Grumman Corporation Common Stock;spouse;House;capitol-exposed;2026-06-22 09:00:28.116388+00
f497b094-c4dd-4531-a3de-27fe02745c74;SBUX;Lisa C. McClain;2025-06-17;2025-08-13;BUY;1001;15000;Starbucks Corporation - Common Stock;spouse;House;capitol-exposed;2026-06-22 09:00:28.116388+00
0da66e40-2da1-43f4-81ef-560a15c9aa7e;T;Lisa C. McClain;2025-06-17;2025-08-13;BUY;1001;15000;AT&T Inc.;spouse;House;capitol-exposed;2026-06-22 09:00:28.116388+00
5659ad7b-74ee-4151-b788-4bfa4c5cbc07;AAPL;Lisa C. McClain;2025-06-17;2025-08-13;BUY;1001;15000;Apple Inc. - Common Stock;spouse;House;capitol-exposed;2026-06-22 09:00:28.116388+00
e3982123-7456-4b22-a698-c0cef1bbbb7a;GE;Austin Scott;2025-06-16;2025-08-13;SELL;1001;15000;GE Aerospace Common Stock;spouse;House;capitol-exposed;2026-06-22 09:00:28.116388+00
0f19a267-4bf7-411c-999c-0a2936924fe4;GOOG;Scott Franklin;2025-06-16;2025-07-14;SELL;1001;15000;Alphabet Inc. - Class C Capital Stock (GOOG);self;House;capitol-exposed;2026-06-22 09:00:28.116388+00
60079dd9-c114-493b-80d1-0673db7ab196;MRK;Scott Franklin;2025-06-16;2025-07-14;SELL;1001;15000;Merck & Company, Inc. Common Stock;joint;House;capitol-exposed;2026-06-22 09:00:28.116388+00
cc8da0c2-1bb8-4848-9fc3-46b8f628a211;AAPL;Scott Franklin;2025-06-16;2025-07-14;SELL;15001;50000;Apple Inc. - Common Stock;joint;House;capitol-exposed;2026-06-22 09:00:28.116388+00
d5503d08-6c59-47c2-982e-a843cca0aedf;MSFT;Scott Franklin;2025-06-16;2025-07-14;SELL;15001;50000;Microsoft Corporation - Common Stock;joint;House;capitol-exposed;2026-06-22 09:00:28.116388+00
2751e727-781e-4d10-9cb0-ee52d563a838;PG;Scott Franklin;2025-06-16;2025-07-14;SELL;15001;50000;Procter & Gamble Company;joint;House;capitol-exposed;2026-06-22 09:00:28.116388+00
79d2385e-6faa-45ee-bd48-c2b8240dd48a;V;Scott Franklin;2025-06-16;2025-07-14;SELL;15001;50000;Visa Inc.;joint;House;capitol-exposed;2026-06-22 09:00:28.116388+00
d316a706-dc40-46a0-b906-3de804e40513;PEP;Scott Franklin;2025-06-16;2025-07-14;SELL;1001;15000;Pepsico, Inc.;joint;House;capitol-exposed;2026-06-22 09:00:28.116388+00
aee1df54-b7f1-4370-96bb-ad72bd7bd342;WMT;Scott Franklin;2025-06-16;2025-07-14;SELL;15001;50000;Walmart Inc. Common Stock;joint;House;capitol-exposed;2026-06-22 09:00:28.116388+00
73d33b6e-1e29-4d2c-aa86-5704a6267922;MCD;Scott Franklin;2025-06-16;2025-07-14;SELL;15001;50000;McDonald's Corporation Common Stock;joint;House;capitol-exposed;2026-06-22 09:00:28.116388+00
1dd50ce7-9456-4cf2-b3e6-aa5a30835c5f;JPM;Scott Franklin;2025-06-16;2025-07-14;SELL;15001;50000;JP Morgan Chase & Co. Common Stock;joint;House;capitol-exposed;2026-06-22 09:00:28.116388+00
ae0b2b55-d547-42ee-96e4-48396260d509;JNJ;Scott Franklin;2025-06-16;2025-07-14;SELL;15001;50000;Johnson & Johnson Common Stock;joint;House;capitol-exposed;2026-06-22 09:00:28.116388+00
1a8f921c-3f12-424b-b4e8-affbd05eb193;HD;Scott Franklin;2025-06-16;2025-07-14;SELL;15001;50000;Home Depot, Inc.;joint;House;capitol-exposed;2026-06-22 09:00:28.116388+00
d873fe29-57c6-416f-9de0-67506705b876;UPS;Scott Franklin;2025-06-16;2025-07-14;SELL;1001;15000;United Parcel Service, Inc. Common Stock;joint;House;capitol-exposed;2026-06-22 09:00:28.116388+00
480c0c4d-ca6c-4a5e-84e9-aefb7c7284f8;NFLX;John J. McGuire III;2025-06-16;2025-07-10;BUY;1001;15000;Netflix, Inc. - Common Stock;spouse;House;capitol-exposed;2026-06-22 09:00:28.116388+00
87c409c5-af68-4992-8035-9e4fc72ac99e;MRK;Julie Johnson;2025-06-13;2025-07-14;BUY;1001;15000;Merck & Company, Inc. Common Stock;joint;House;capitol-exposed;2026-06-22 09:00:28.116388+00
6e8a6456-92b9-4a1a-9f8b-7a78a12c58a1;JNJ;Pete Sessions;2025-06-12;2025-06-21;SELL;15001;50000;Johnson & Johnson Common Stock;spouse;House;capitol-exposed;2026-06-22 09:00:28.116388+00
e0d86d00-e150-42b4-b247-b322a22f9289;MSFT;Lisa C. McClain;2025-06-11;2025-08-13;SELL;1001;15000;Microsoft Corporation - Common Stock;spouse;House;capitol-exposed;2026-06-22 09:00:28.116388+00
5170633a-c614-4442-b493-fc6c8f40d3de;AVGO;Lisa C. McClain;2025-06-11;2025-08-13;BUY;1001;15000;Broadcom Inc. - Common Stock;spouse;House;capitol-exposed;2026-06-22 09:00:28.116388+00
5c5fc460-dfd7-445c-ad38-5192d968a32a;GOOG;Lisa C. McClain;2025-06-11;2025-08-13;BUY;1001;15000;Alphabet Inc. - Class C Capital Stock;spouse;House;capitol-exposed;2026-06-22 09:00:28.116388+00
c0f0523f-98f0-44f1-8673-66b27429ac09;JPM;Lisa C. McClain;2025-06-11;2025-08-13;BUY;1001;15000;JP Morgan Chase & Co. Common Stock;spouse;House;capitol-exposed;2026-06-22 09:00:28.116388+00
0fe008c5-080b-4ee0-91ae-7452bda93516;NVDA;Lisa C. McClain;2025-06-11;2025-08-13;BUY;1001;15000;NVIDIA Corporation - Common Stock;spouse;House;capitol-exposed;2026-06-22 09:00:28.116388+00
bfe2d192-99b9-43b2-a446-0a1aef70ba69;AVGO;John Boozman;2025-06-11;2025-07-09;BUY;1001;15000;AVGO;self;Senate;capitol-exposed;2026-06-22 09:00:28.116388+00
99ecbc7f-69e4-4147-9467-a7d759a1de16;UNH;John Boozman;2025-06-11;2025-07-09;SELL;1001;15000;Unitedhealth Group Inc;self;Senate;capitol-exposed;2026-06-22 09:00:28.116388+00
5d701666-f728-45fb-8a73-c223db893323;INTC;Robert P. Bresnahan, Jr.;2025-06-11;2025-07-08;SELL;1001;15000;JP Morgan Brokerage Account #2 Intel Corporation - Common Stock;self;House;capitol-exposed;2026-06-22 09:00:28.116388+00
062a55ee-4d7c-4de3-8c03-462632afe66d;AVGO;Robert P. Bresnahan, Jr.;2025-06-11;2025-07-08;BUY;1001;15000;JP Morgan Brokerage Account #2 Broadcom Inc. - Common Stock;self;House;capitol-exposed;2026-06-22 09:00:28.116388+00
1fc70838-285c-49ea-9fe9-483dda360007;CRM;David J. Taylor;2025-06-11;2025-06-26;BUY;1001;15000;David Taylor Trust > Schwab Joint Brokerage #1 (Home Grown) Salesforce, Inc. Common Stock;self;House;capitol-exposed;2026-06-22 09:00:28.116388+00
bea94906-b550-4a1e-b166-8080b671c340;JPM;David J. Taylor;2025-06-11;2025-06-26;SELL;1001;15000;JP Morgan Chase & Co. Common Stock (JPM);self;House;capitol-exposed;2026-06-22 09:00:28.116388+00
9ae2b0a7-82b0-491c-9ba0-328d24f02e05;NVDA;Lisa C. McClain;2025-06-10;2025-08-13;SELL;1001;15000;NVIDIA Corporation - Common Stock;spouse;House;capitol-exposed;2026-06-22 09:00:28.116388+00
710df99a-1c85-4a4c-bbf1-2642ba6c7f7d;JPM;Lisa C. McClain;2025-06-10;2025-08-13;SELL;1001;15000;JP Morgan Chase & Co. Common Stock;spouse;House;capitol-exposed;2026-06-22 09:00:28.116388+00
79346e6f-1183-490d-88af-dfad3a89b95a;AVGO;Lisa C. McClain;2025-06-10;2025-08-13;SELL;1001;15000;Broadcom Inc. - Common Stock;spouse;House;capitol-exposed;2026-06-22 09:00:28.116388+00
c26e9a52-eaba-4a8c-a4e9-855c2d46519c;GOOG;Lisa C. McClain;2025-06-10;2025-08-13;SELL;1001;15000;Alphabet Inc. - Class C Capital Stock;spouse;House;capitol-exposed;2026-06-22 09:00:28.116388+00
23b2629b-4068-4964-a801-49ceb1b88d5a;JNJ;Lloyd Doggett;2025-06-10;2025-07-07;BUY;1001;15000;Reinvest Shares Johnson & Johnson Common Stock;self;House;capitol-exposed;2026-06-22 09:00:28.116388+00
b9203c8e-5657-4a30-8c5e-26562369f2ed;NVDA;Val T. Hoyle;2025-06-09;2025-09-12;BUY;1001;15000;NVIDIA Corporation - Common Stock;spouse;House;capitol-exposed;2026-06-22 09:00:28.116388+00
aadeb6be-c4a5-49bb-9024-b3cd88f39713;MSFT;Val T. Hoyle;2025-06-09;2025-09-12;BUY;1001;15000;Microsoft Corporation - Common Stock;spouse;House;capitol-exposed;2026-06-22 09:00:28.116388+00
8dfc4d28-f707-44ea-97f6-645dcb1dd139;GOOG;Lisa C. McClain;2025-06-09;2025-08-13;BUY;1001;15000;Alphabet Inc. - Class C Capital Stock;spouse;House;capitol-exposed;2026-06-22 09:00:28.116388+00
b5fbde54-45a3-4bc1-996c-c8ecff36a484;AMZN;Lisa C. McClain;2025-06-09;2025-08-13;BUY;1001;15000;Amazon.com, Inc. - Common Stock;spouse;House;capitol-exposed;2026-06-22 09:00:28.116388+00
13d5425b-1534-4c61-b93b-107dfe261aed;JPM;Lisa C. McClain;2025-06-09;2025-08-13;BUY;1001;15000;JP Morgan Chase & Co. Common Stock;spouse;House;capitol-exposed;2026-06-22 09:00:28.116388+00
00771c83-3e6f-4539-9776-f58d676cd299;COST;Lisa C. McClain;2025-06-09;2025-08-13;SELL;1001;15000;Costco Wholesale Corporation - Common Stock;spouse;House;capitol-exposed;2026-06-22 09:00:28.116388+00
7dc4b575-0d4a-4350-a09c-33322d6a7b62;LLY;Lisa C. McClain;2025-06-09;2025-08-13;SELL;1001;15000;Eli Lilly and Company Common Stock;spouse;House;capitol-exposed;2026-06-22 09:00:28.116388+00
533a129d-9ac6-4c01-aa9c-742cc66bfe85;AAPL;Lisa C. McClain;2025-06-09;2025-08-13;BUY;1001;15000;Apple Inc. - Common Stock;spouse;House;capitol-exposed;2026-06-22 09:00:28.116388+00
7924156d-2e5a-4238-816c-a4cdd5827297;HD;Lisa C. McClain;2025-06-09;2025-08-13;SELL;1001;15000;Home Depot, Inc.;spouse;House;capitol-exposed;2026-06-22 09:00:28.116388+00
1d494d5f-e87f-4d5a-8fba-cc1d99aa6059;MSFT;Lisa C. McClain;2025-06-09;2025-08-13;BUY;15001;50000;Microsoft Corporation - Common Stock;spouse;House;capitol-exposed;2026-06-22 09:00:28.116388+00
017065b5-1103-450f-8b2a-9bdb6207f074;NVDA;Lisa C. McClain;2025-06-09;2025-08-13;BUY;1001;15000;NVIDIA Corporation - Common Stock;spouse;House;capitol-exposed;2026-06-22 09:00:28.116388+00
13eab2ca-9ef9-45ef-9ad0-04daefbf41c0;NOW;Lisa C. McClain;2025-06-09;2025-08-13;SELL;1001;15000;ServiceNow, Inc. Common Stock;spouse;House;capitol-exposed;2026-06-22 09:00:28.116388+00
3984ed03-982a-4f89-bc52-a8089e8843ce;TSM;Lisa C. McClain;2025-06-09;2025-08-13;BUY;1001;15000;Taiwan Semiconductor Manufacturing Company Ltd.;spouse;House;capitol-exposed;2026-06-22 09:00:28.116388+00
34ecbe66-bf41-4b1e-905a-412c340bda7f;TSLA;Lisa C. McClain;2025-06-09;2025-08-13;BUY;1001;15000;Tesla, Inc. - Common Stock;spouse;House;capitol-exposed;2026-06-22 09:00:28.116388+00
ceb43189-9028-478f-99b5-cff43d67b320;AAPL;Cleo Fields;2025-06-09;2025-07-01;BUY;1001;15000;Morgan Stanley - E*TRADE - Fields Law Firm 2, LLC Apple Inc. - Common Stock;self;House;capitol-exposed;2026-06-22 09:00:28.116388+00
ae8959de-6aa4-4120-94ef-93357342bd6c;AMZN;Cleo Fields;2025-06-09;2025-07-01;BUY;50001;100000;Morgan Stanley - E*TRADE #2 Amazon.com, Inc. - Common Stock;self;House;capitol-exposed;2026-06-22 09:00:28.116388+00
5c1e3a78-666e-47c7-95d0-548cfe6476bf;NVDA;Cleo Fields;2025-06-09;2025-07-01;BUY;15001;50000;Morgan Stanley - E*TRADE - Fields Law Firm 2, LLC NVIDIA Corporation - Common Stock;self;House;capitol-exposed;2026-06-22 09:00:28.116388+00
d0a3051a-0b3e-433e-be1a-b1eda288ee0b;NVDA;Cleo Fields;2025-06-09;2025-07-01;BUY;100001;250000;Morgan Stanley - E*TRADE #2 NVIDIA Corporation - Common Stock;self;House;capitol-exposed;2026-06-22 09:00:28.116388+00
730a2901-b808-4ca6-9f9a-c23cdd0eaca8;AMZN;Cleo Fields;2025-06-09;2025-07-01;BUY;100001;250000;Morgan Stanley - E*TRADE - Fields Law Firm 2, LLC Amazon.com, Inc. - Common Stock;self;House;capitol-exposed;2026-06-22 09:00:28.116388+00
3a95e7b9-0950-4aa4-b379-c56b9e6fe335;NVDA;Val T. Hoyle;2025-06-06;2025-09-12;BUY;1001;15000;NVIDIA Corporation - Common Stock;spouse;House;capitol-exposed;2026-06-22 09:00:28.116388+00
306048d9-0709-413c-8438-0f849fee7b44;AVGO;Val T. Hoyle;2025-06-06;2025-09-12;BUY;1001;15000;Broadcom Inc. - Common Stock;spouse;House;capitol-exposed;2026-06-22 09:00:28.116388+00
75a76a6b-0b8b-4d7b-ab89-5d22fb7ef6bf;BAC;Val T. Hoyle;2025-06-06;2025-09-12;BUY;1001;15000;Bank of America Corporation Common Stock;spouse;House;capitol-exposed;2026-06-22 09:00:28.116388+00
0cd74dd4-84d6-4e01-89bb-876c6a61b94e;AAPL;Val T. Hoyle;2025-06-06;2025-09-12;BUY;1001;15000;Apple Inc. - Common Stock;spouse;House;capitol-exposed;2026-06-22 09:00:28.116388+00
1e119d64-f441-4875-aef4-494c41cefe6a;META;Val T. Hoyle;2025-06-06;2025-09-12;BUY;1001;15000;Meta Platforms, Inc. - Class A Common Stock;spouse;House;capitol-exposed;2026-06-22 09:00:28.116388+00
80500ccc-b5e4-473d-abcc-c186757eb508;AMZN;Val T. Hoyle;2025-06-06;2025-09-12;BUY;1001;15000;Amazon.com, Inc. - Common Stock;spouse;House;capitol-exposed;2026-06-22 09:00:28.116388+00
97c5bb4f-bbc5-4416-aab3-ae6eb6a25bed;WFC;Val T. Hoyle;2025-06-06;2025-09-12;BUY;1001;15000;Wells Fargo & Company Common Stock;spouse;House;capitol-exposed;2026-06-22 09:00:28.116388+00
d9271c17-c70a-4c21-9968-23803ce64c21;MSFT;Val T. Hoyle;2025-06-06;2025-09-12;BUY;1001;15000;Microsoft Corporation - Common Stock;spouse;House;capitol-exposed;2026-06-22 09:00:28.116388+00
c6a234d8-f790-414b-82f3-16ebecccf25b;PG;Cliff Bentz;2025-06-06;2025-07-09;BUY;1001;15000;Procter & Gamble Company;spouse;House;capitol-exposed;2026-06-22 09:00:28.116388+00
d52bd713-63d5-4899-9707-ea8620b81632;INTC;Robert P. Bresnahan, Jr.;2025-06-06;2025-07-08;SELL;1001;15000;JP Morgan Brokerage Account #2 Intel Corporation - Common Stock;self;House;capitol-exposed;2026-06-22 09:00:28.116388+00
60a03d39-7612-4024-a58a-489f81ca0d60;TSLA;Josh Gottheimer;2025-06-05;2025-07-16;SELL;1001;15000;Tesla, Inc. - Common Stock;joint;House;capitol-exposed;2026-06-22 09:00:28.116388+00
82016094-6c1e-4a15-9efc-474c8db555a4;TSLA;Robert P. Bresnahan, Jr.;2025-06-05;2025-07-08;BUY;1001;15000;JP Morgan Brokerage Account #2 Tesla, Inc. - Common Stock;self;House;capitol-exposed;2026-06-22 09:00:28.116388+00
d3944730-5a2a-484f-83c5-3667b89193bb;GOOG;Cleo Fields;2025-06-05;2025-07-01;BUY;15001;50000;Alphabet Inc. - Class C Capital Stock;self;House;capitol-exposed;2026-06-22 09:00:28.116388+00
de4c4a2d-e15b-43e3-9df2-ee6e619ee2ad;AMZN;Cleo Fields;2025-06-05;2025-07-01;BUY;100001;250000;Cap. Gains > $200? Amazon.com, Inc. - Common Stock;self;House;capitol-exposed;2026-06-22 09:00:28.116388+00
90b238da-8adc-4f4c-8575-e28467f7afab;NVDA;Cleo Fields;2025-06-05;2025-07-01;BUY;250001;500000;Morgan Stanley - E*TRADE #1 NVIDIA Corporation - Common Stock;self;House;capitol-exposed;2026-06-22 09:00:28.116388+00
e56c24a0-fcb2-4bb3-b948-37e36fd8bae7;CRM;Josh Gottheimer;2025-06-04;2025-07-16;SELL;1001;15000;Salesforce, Inc. Common Stock;joint;House;capitol-exposed;2026-06-22 09:00:28.116388+00
c7ff3705-3365-4d4d-988f-301608ca00b0;UPS;Kelly Morrison;2025-06-04;2025-06-18;SELL;1001;15000;United Parcel Service, Inc. Common Stock (UPS);self;House;capitol-exposed;2026-06-22 09:00:28.116388+00
296f439d-5899-4d7b-9f09-1d60a625c6da;NKE;Kelly Morrison;2025-06-04;2025-06-18;SELL;1001;15000;S: Deleted SO: Trust 2 D: Interest Nike, Inc. Common Stock;self;House;capitol-exposed;2026-06-22 09:00:28.116388+00
29e2ad11-5bce-4772-99b9-84819159a3f9;PLTR;John W. Hickenlooper;2025-06-03;2026-05-05;SELL;1001;15000;PLTR;self;Senate;capitol-exposed;2026-06-22 09:00:28.116388+00
e9e5c2fd-22e1-412a-a394-5059ff809df9;PFE;Josh Gottheimer;2025-06-03;2025-07-16;SELL;1001;15000;Pfizer, Inc. Common Stock;joint;House;capitol-exposed;2026-06-22 09:00:28.116388+00
960e54fb-ca30-4fb2-8d96-2c55e089afa0;LLY;Jonathan L. Jackson;2025-06-03;2025-07-14;SELL;15001;50000;Eli Lilly and Company Common Stock;joint;House;capitol-exposed;2026-06-22 09:00:28.116388+00
6e0b3ef2-3810-421c-b601-c679c9989858;LLY;Jonathan L. Jackson;2025-06-03;2025-07-14;SELL;0;0;Eli Lilly and Company Common Stock (LLY);self;House;capitol-exposed;2026-06-22 09:00:28.116388+00
e51d049a-1f9a-430e-8571-35c82ee9b105;GOOGL;John W. Rose;2025-06-03;2025-07-04;SELL;1000001;5000000;Alphabet Inc. - Class A Common Stock;self;House;capitol-exposed;2026-06-22 09:00:28.116388+00
e381c6d2-585f-40f7-aa50-634441ae6d05;GOOGL;John W. Rose;2025-06-03;2025-07-04;SELL;0;0;Alphabet Inc. - Class A Common Stock (GOOGL);self;House;capitol-exposed;2026-06-22 09:00:28.116388+00
f6836c42-ef44-4e32-8a8c-c9494d1a0a7c;MSFT;John W. Rose;2025-06-03;2025-07-04;SELL;250001;500000;JPMORGAN U.S. GOVERNMENT MONEY MARKET FD CAPITAL CL M/M (Symbol: OGVXX) Microsoft Corporation - Common Stock;self;House;capitol-exposed;2026-06-22 09:00:28.116388+00
b08dd49e-e890-4d04-8b42-174459d43711;GOOG;John W. Rose;2025-06-03;2025-07-04;SELL;250001;500000;Raymond James Brokerage Account Alphabet Inc. - Class C Capital Stock;self;House;capitol-exposed;2026-06-22 09:00:28.116388+00
16836fd0-5891-41f9-a0e3-203c8f48fcd5;PFE;Ron Wyden;2025-06-03;2025-07-03;SELL;1001;15000;PFE;self;Senate;capitol-exposed;2026-06-22 09:00:28.116388+00
f73502d4-7ddc-4aa2-98e5-9113fb86cc7d;NVDA;Cleo Fields;2025-06-03;2025-07-01;BUY;100001;250000;Morgan Stanley - E*TRADE - Fields Law Firm 2, LLC NVIDIA Corporation - Common Stock;self;House;capitol-exposed;2026-06-22 09:00:28.116388+00
e603cb51-9a7b-44be-a1c9-86306ac073dd;NVDA;Cleo Fields;2025-06-03;2025-07-01;BUY;15001;50000;Morgan Stanley - E*TRADE #2 NVIDIA Corporation - Common Stock;self;House;capitol-exposed;2026-06-22 09:00:28.116388+00
37ab4b8a-8f8a-4633-bb2d-06180eb35d06;AAPL;Cleo Fields;2025-06-03;2025-07-01;BUY;1001;15000;Morgan Stanley - E*TRADE - Fields Law Firm 2, LLC Apple Inc. - Common Stock;self;House;capitol-exposed;2026-06-22 09:00:28.116388+00
14ef915a-d804-4a9c-ba11-71bfc3fa5697;MSFT;Cleo Fields;2025-06-03;2025-07-01;BUY;1001;15000;Morgan Stanley - E*TRADE #2 Microsoft Corporation - Common Stock;self;House;capitol-exposed;2026-06-22 09:00:28.116388+00
a09d684a-28d3-4906-8f84-c7bffa68b9f6;AAPL;Cleo Fields;2025-06-03;2025-07-01;BUY;100001;250000;Morgan Stanley - E*TRADE - Fields Law Firm 2, LLC Apple Inc. - Common Stock;self;House;capitol-exposed;2026-06-22 09:00:28.116388+00
fa0dbb25-98f6-4fae-99fa-49a174536934;MSFT;Cleo Fields;2025-06-03;2025-07-01;BUY;250001;500000;Morgan Stanley - E*TRADE #1 Microsoft Corporation - Common Stock;self;House;capitol-exposed;2026-06-22 09:00:28.116388+00
c2902ca4-d40b-4cca-ba96-0d0313fb1db6;NVDA;Cleo Fields;2025-06-03;2025-07-01;BUY;1001;15000;Cap. Gains > $200? NVIDIA Corporation - Common Stock;self;House;capitol-exposed;2026-06-22 09:00:28.116388+00
233a5d96-027a-4ee5-ac46-fe2557a6b5a8;AAPL;Tim Moore;2025-06-02;2025-07-09;SELL;100001;250000;Apple Inc. - Common Stock;self;House;capitol-exposed;2026-06-22 09:00:28.116388+00
287abd8f-703f-49f8-9b73-385304c2d04f;AAPL;Tim Moore;2025-06-02;2025-07-09;BUY;50001;100000;Apple Inc. - Common Stock;self;House;capitol-exposed;2026-06-22 09:00:28.116388+00
5c1bfa10-ab73-4a17-a095-096ba2358fe5;MCD;Robert P. Bresnahan, Jr.;2025-06-02;2025-06-23;SELL;15001;50000;JP Morgan Brokerage Account #2 McDonald's Corporation Common Stock;self;House;capitol-exposed;2026-06-22 09:00:28.116388+00
90f7e5b2-e051-4be5-a3e0-b2075e884a88;WFC;Mitch McConnell;2025-06-01;2025-06-19;BUY;1001;15000;Wells Fargo & Company;self;Senate;capitol-exposed;2026-06-22 09:00:28.116388+00
a486f766-7693-4250-9a00-e7956c8efa79;UBER;Nancy Pelosi;2026-05-29;2026-06-23;BUY;500001;1000000;Uber Technologies, Inc. Common Stock;spouse;House;capitol-exposed;2026-06-25 09:00:25.309624+00
a110d9b5-d1b6-4f9e-ad0d-9e1e0fe024d1;INTC;Nancy Pelosi;2026-05-29;2026-06-23;BUY;1000001;5000000;Intel Corporation - Common Stock;spouse;House;capitol-exposed;2026-06-25 09:00:25.309624+00
8ebd2a5e-9fe0-414e-b221-7e6708c6e94e;INTC;Dwight Evans;2026-06-10;2026-06-24;SELL;1001;15000;ʋʎʋʐʉ Sʖʃʖʗʕ: New Sʗʄʊʑʎʆʋʐʉ Oʈ: CETERA Intel Corporation - Common Stock;self;House;capitol-exposed;2026-06-26 09:00:24.290596+00
87365626-f45b-4705-9db8-3bdaf59cba0c;GD;Dwight Evans;2026-06-10;2026-06-24;SELL;1001;15000;General Dynamics Corporation Common Stock;self;House;capitol-exposed;2026-06-26 09:00:24.290596+00
a3cbbe58-f517-469f-8d55-cc330725eae7;GOOG;Cleo Fields;2026-06-15;2026-06-26;BUY;1001;15000;Alphabet Inc. - Class C Capital Stock;self;House;capitol-exposed;2026-06-30 09:00:20.391429+00
2caba69e-a13f-4baa-a8ff-f48f24afaab1;MSFT;Cleo Fields;2026-06-11;2026-06-26;BUY;1001;15000;ʋʎʋʐʉ Sʖʃʖʗʕ: New Sʗʄʊʑʎʆʋʐʉ Oʈ: Morgan Stanley - E*TRADE #2 Microsoft Corporation - Common Stock;self;House;capitol-exposed;2026-06-30 09:00:20.391429+00
a196d6f2-fd03-4ef6-b8ce-2a4317b47ab7;TPH;Donald J Trump;2026-05-28;2026-07-01;SELL;100001;250000;TRI POINTE HOMES INC;;President (White House Office);unusualwhales;2026-07-02 07:15:03.050926+00
311647a7-0784-4812-9500-0faea20f89e4;AVTR;Donald J Trump;2026-05-22;2026-07-01;BUY;15001;50000;AVANTOR INC;;President (White House Office);unusualwhales;2026-07-02 07:15:03.050926+00
68790d0a-7024-4ad7-9940-8be7a28d8213;WING;Donald J Trump;2026-05-22;2026-07-01;BUY;15001;50000;WINGSTOP INC;;President (White House Office);unusualwhales;2026-07-02 07:15:03.050926+00
55335b10-1ec7-484a-8b1c-0e16105f7282;CLX;Donald J Trump;2026-05-22;2026-07-01;BUY;15001;50000;CLOROX CO;;President (White House Office);unusualwhales;2026-07-02 07:15:03.050926+00
4a0c26d9-be60-4472-957c-047fb1b9d16d;CRM;Donald J Trump;2026-05-22;2026-07-01;SELL;100001;250000;SALESFORCE INC;;President (White House Office);unusualwhales;2026-07-02 07:15:03.050926+00
bcea9f11-5fea-463c-9141-aac6b9d4face;DOCU;Donald J Trump;2026-05-22;2026-07-01;SELL;15001;50000;DOCUSIGN INC;;President (White House Office);unusualwhales;2026-07-02 07:15:03.050926+00
01601fc0-6636-4fe7-9073-2dca12817956;ADSK;Donald J Trump;2026-05-22;2026-07-01;BUY;15001;50000;AUTODESK INC;;President (White House Office);unusualwhales;2026-07-02 07:15:03.050926+00
7fb945a3-6ff3-4532-95d2-c556ef001c6a;FICO;Donald J Trump;2026-05-22;2026-07-01;BUY;15001;50000;FAIR ISAAC CORP;;President (White House Office);unusualwhales;2026-07-02 07:15:03.050926+00
fc56c282-a1ea-4447-a255-c959e7f7e0e9;GIS;Donald J Trump;2026-05-22;2026-07-01;BUY;50001;100000;GENERAL MILLS INC;;President (White House Office);unusualwhales;2026-07-02 07:15:03.050926+00
014c85ea-14b5-4234-9948-077e4b16de20;MSFT;Donald J Trump;2026-05-22;2026-07-01;SELL;1001;15000;MICROSOFT CORP;;President (White House Office);unusualwhales;2026-07-02 07:15:03.050926+00
8b09f3a1-17e3-4eb6-993e-36492a8bdba2;ROP;Donald J Trump;2026-05-22;2026-07-01;SELL;50001;100000;ROPER TECHNOLOGIES INC;;President (White House Office);unusualwhales;2026-07-02 07:15:03.050926+00
2f560011-9b8e-4816-9a20-b69d1cfea925;RGEN;Donald J Trump;2026-05-22;2026-07-01;SELL;1001;15000;REPLIGEN CORP;;President (White House Office);unusualwhales;2026-07-02 07:15:03.050926+00
269698cd-5235-480b-a88d-598ed7178d70;TREX;Donald J Trump;2026-05-22;2026-07-01;SELL;50001;100000;TREX CO INC;;President (White House Office);unusualwhales;2026-07-02 07:15:03.050926+00
c2c3b2ab-bd1c-474c-959a-caae2482dc4a;TYL;Donald J Trump;2026-05-22;2026-07-01;SELL;1001;15000;TYLER TECHNOLOGIES INC;;President (White House Office);unusualwhales;2026-07-02 07:15:03.050926+00
8ecfc6e5-6ff3-4d2a-abb3-b95613ab5222;AXON;Donald J Trump;2026-05-22;2026-07-01;SELL;1001;15000;AXON ENTERPRISE INC;;President (White House Office);unusualwhales;2026-07-02 07:15:03.050926+00
1b3d0fb7-a68c-451f-b5b6-5f643bab4e0f;NFLX;Donald J Trump;2026-05-22;2026-07-01;SELL;50001;100000;NETFLIX INC;;President (White House Office);unusualwhales;2026-07-02 07:15:03.050926+00
5f495c47-9a7d-4c54-8fe1-aecab509ac3c;INTU;Donald J Trump;2026-05-22;2026-07-01;BUY;100001;250000;INTUIT;;President (White House Office);unusualwhales;2026-07-02 07:15:03.050926+00
24316b80-a07b-4f24-b1d6-740294c7e750;AZO;Donald J Trump;2026-05-22;2026-07-01;SELL;15001;50000;AUTOZONE INC;;President (White House Office);unusualwhales;2026-07-02 07:15:03.050926+00
e9d9508e-775b-4bc5-9eda-3ce02f7dc5ea;CPRT;Donald J Trump;2026-05-22;2026-07-01;SELL;50001;100000;COPART INC;;President (White House Office);unusualwhales;2026-07-02 07:15:03.050926+00
34719cf0-84f3-419e-a4dc-d5fbf81384b9;DPZ;Donald J Trump;2026-05-22;2026-07-01;BUY;50001;100000;DOMINOS PIZZA INC;;President (White House Office);unusualwhales;2026-07-02 07:15:03.050926+00
c59fbd6b-bf71-4a7e-85b1-25ab5747220c;ECL;Donald J Trump;2026-05-22;2026-07-01;SELL;1001;15000;ECOLAB INC;;President (White House Office);unusualwhales;2026-07-02 07:15:03.050926+00
f7dea8df-a0eb-478f-95b3-4730fceed76f;EFX;Donald J Trump;2026-05-22;2026-07-01;BUY;50001;100000;EQUIFAX INC;;President (White House Office);unusualwhales;2026-07-02 07:15:03.050926+00
4c43995b-2a9d-4038-997c-2bea0adfb807;EXPE;Donald J Trump;2026-05-22;2026-07-01;SELL;15001;50000;EXPEDIA GROUP INC;;President (White House Office);unusualwhales;2026-07-02 07:15:03.050926+00
642f696f-386c-4169-a5a7-b787adeff87d;HCA;Donald J Trump;2026-05-22;2026-07-01;SELL;15001;50000;HCA HEALTHCARE INC;;President (White House Office);unusualwhales;2026-07-02 07:15:03.050926+00
4745de4d-8a19-4ec1-b5da-c729002c9ab7;AXP;Donald J Trump;2026-05-22;2026-07-01;BUY;15001;50000;AMERICAN EXPRESS CO;;President (White House Office);unusualwhales;2026-07-02 07:15:03.050926+00
d551987c-9cdc-4799-bd6a-7da1cb000fd1;FISV;Donald J Trump;2026-05-22;2026-07-01;SELL;1001;15000;FISERV INC;;President (White House Office);unusualwhales;2026-07-02 07:15:03.050926+00
a4f1b6ae-cf0f-4e3d-a028-6234d81b47e6;ISRG;Donald J Trump;2026-05-22;2026-07-01;SELL;50001;100000;INTUITIVE SURGICAL INC;;President (White House Office);unusualwhales;2026-07-02 07:15:03.050926+00
a0c00e73-8122-41a8-881f-c0bb3660ddad;KKR;Donald J Trump;2026-05-22;2026-07-01;SELL;50001;100000;KKR & CO INC;;President (White House Office);unusualwhales;2026-07-02 07:15:03.050926+00
824715ae-4470-4a3e-b990-9b4688e58c8c;MCD;Donald J Trump;2026-05-22;2026-07-01;SELL;15001;50000;MCDONALDS CORP;;President (White House Office);unusualwhales;2026-07-02 07:15:03.050926+00
3b5e7dbe-be01-45d9-91a6-67647c64e114;MCO;Donald J Trump;2026-05-22;2026-07-01;OTHER;15001;50000;MOODYS CORP;;President (White House Office);unusualwhales;2026-07-02 07:15:03.050926+00
dfdd2fb1-64af-411c-9a5e-2fe5492664c1;PG;Donald J Trump;2026-05-22;2026-07-01;SELL;1001;15000;PROCTER & GAMBLE CO;;President (White House Office);unusualwhales;2026-07-02 07:15:03.050926+00
25dd7d3e-4b73-4856-b232-594e689b0969;POOL;Donald J Trump;2026-05-22;2026-07-01;BUY;50001;100000;POOL CORP;;President (White House Office);unusualwhales;2026-07-02 07:15:03.050926+00
2692ac94-27f6-4560-ae9b-f17774fa38c5;TMUS;Donald J Trump;2026-05-22;2026-07-01;BUY;15001;50000;T-MOBILE US INC;;President (White House Office);unusualwhales;2026-07-02 07:15:03.050926+00
a8d6058c-7593-4036-908b-27f53be15c5c;RMD;Donald J Trump;2026-05-22;2026-07-01;BUY;50001;100000;RESMED INC;;President (White House Office);unusualwhales;2026-07-02 07:15:03.050926+00
753ce25a-316d-4b66-a47c-52ad3196489b;TSCO;Donald J Trump;2026-05-22;2026-07-01;BUY;50001;100000;TRACTOR SUPPLY CO;;President (White House Office);unusualwhales;2026-07-02 07:15:03.050926+00
b31e29a3-63fe-4ac7-b5e6-0e4a37a556c6;VST.WSA;Donald J Trump;2026-05-22;2026-07-01;BUY;50001;100000;VISTRA CORP;;President (White House Office);unusualwhales;2026-07-02 07:15:03.050926+00
a85033a4-5edb-419a-909b-912b9c99921e;GS;Tommy Tuberville;2025-04-15;2025-05-16;SELL;15001;50000;GS;self;Senate;capitol-exposed;2026-07-06 09:00:28.852393+00
31ed87a3-2e5a-455a-9c95-bd513f170ab6;XYL;Donald J Trump;2026-05-22;2026-07-01;SELL;1001;15000;XYLEM INC;;President (White House Office);unusualwhales;2026-07-02 07:15:03.050926+00
81449211-e334-4ec1-b275-7135dbe93c5d;CSGP;Donald J Trump;2026-05-22;2026-07-01;BUY;50001;100000;COSTAR GROUP INC;;President (White House Office);unusualwhales;2026-07-03 07:15:02.045614+00
f51a25bd-f23e-41ff-880b-bdf2986ee68e;DHR;Donald J Trump;2026-05-22;2026-07-01;SELL;15001;50000;DANAHER CORP;;President (White House Office);unusualwhales;2026-07-03 07:15:02.045614+00
bd9bbf58-f9ec-4261-8564-2a0dc7c7f3df;HUBS;Donald J Trump;2026-05-22;2026-07-01;BUY;15001;50000;HUBSPOT INC;;President (White House Office);unusualwhales;2026-07-03 07:15:02.045614+00
32c262da-fd10-4ab7-8bd3-a90df25bd483;PODD;Donald J Trump;2026-05-22;2026-07-01;BUY;50001;100000;INSULET CORP;;President (White House Office);unusualwhales;2026-07-03 07:15:02.045614+00
f3c74eeb-ce2f-4956-bae0-0a883ef1846d;HD;Donald J Trump;2026-05-22;2026-07-01;SELL;15001;50000;HOME DEPOT INC;;President (White House Office);unusualwhales;2026-07-03 07:15:02.045614+00
6953593e-b2ce-4ec8-b39c-4cbfb226e1c0;ATR;Donald J Trump;2026-05-22;2026-07-01;BUY;15001;50000;APTARGROUP INC;;President (White House Office);unusualwhales;2026-07-03 07:15:02.045614+00
be1151d0-6a1f-41d4-9915-a1caee97a66e;INGR;Donald J Trump;2026-05-22;2026-07-01;SELL;15001;50000;INGREDION INC;;President (White House Office);unusualwhales;2026-07-03 07:15:02.045614+00
bb943f0b-94f3-4a4e-94c4-8c63b0579782;BSX;Donald J Trump;2026-05-22;2026-07-01;BUY;100001;250000;BOSTON SCIENTIFIC CORP;;President (White House Office);unusualwhales;2026-07-03 07:15:02.045614+00
7948abc8-5fe0-4d48-a7a6-5a047583d702;MSA;Donald J Trump;2026-05-22;2026-07-01;OTHER;15001;50000;MSA SAFETY INC;;President (White House Office);unusualwhales;2026-07-03 07:15:02.045614+00
a32f2772-5f70-4135-a0b1-a2b3652c3924;CDW;Donald J Trump;2026-05-22;2026-07-01;BUY;15001;50000;CDW CORP;;President (White House Office);unusualwhales;2026-07-03 07:15:02.045614+00
a2df6b26-e5de-497d-a306-93ec3a2eeb3b;CTAS;Donald J Trump;2026-05-22;2026-07-01;BUY;50001;100000;CINTAS CORP;;President (White House Office);unusualwhales;2026-07-03 07:15:02.045614+00
3a6d2605-d9f9-4fc9-b1d0-a6184cca16af;TSLA;Donald J Trump;2026-05-22;2026-07-01;SELL;1001;15000;TESLA INC;;President (White House Office);unusualwhales;2026-07-03 07:15:02.045614+00
e3597f81-35b5-4659-a5e3-10b37a76d0ad;KBR;Donald J Trump;2026-05-22;2026-07-01;BUY;15001;50000;KBR INC;;President (White House Office);unusualwhales;2026-07-03 07:15:02.045614+00
28290192-839d-410d-99bc-fa4891a18bbf;CVX;David J. Taylor;2026-06-15;2026-07-01;BUY;1001;15000;Chevron Corporation Common Stock;self;House;capitol-exposed;2026-07-03 09:00:16.507106+00
44e23804-f933-4d7f-a9d7-41e92c5416a2;MSFT;Gilbert Ray Cisneros, Jr.;2026-06-16;2026-07-02;SELL;15001;50000;Main Street Trust > Bank of America Microsoft Corporation - Common Stock;self;House;capitol-exposed;2026-07-04 09:00:19.387176+00
fa5f49e0-2af4-439a-98b6-b8219917735d;COIN;Gilbert Ray Cisneros, Jr.;2026-06-16;2026-07-02;SELL;1001;15000;Main Street Trust > Bank of America Coinbase Global, Inc. - Class A Common Stock;self;House;capitol-exposed;2026-07-04 09:00:19.387176+00
c3d4121d-1765-4e7f-8094-13c8b95a35ac;LLY;Gilbert Ray Cisneros, Jr.;2026-06-10;2026-07-02;BUY;50001;100000;Main Street Trust > Bank of America Eli Lilly and Company Common Stock;self;House;capitol-exposed;2026-07-04 09:00:19.387176+00
a4e13c26-e862-4a75-85df-c10b2e8f1a0a;MA;Gilbert Ray Cisneros, Jr.;2026-06-05;2026-07-02;SELL;1001;15000;Main Street Trust > Bank of America Mastercard Incorporated Common Stock;self;House;capitol-exposed;2026-07-04 09:00:19.387176+00
10c038e5-672b-4dac-9195-dad26ad892ad;AMD;Gilbert Ray Cisneros, Jr.;2026-06-05;2026-07-02;BUY;1001;15000;Main Street Trust > Bank of America Advanced Micro Devices, Inc.;self;House;capitol-exposed;2026-07-04 09:00:19.387176+00
929a72c5-fa45-4eaf-b42c-9c40cb748129;AAPL;Gilbert Ray Cisneros, Jr.;2026-06-05;2026-07-02;BUY;1001;15000;Main Street Trust > Bank of America Dʇʕʅʔʋʒʖʋʑʐ: Ticker 2802 JP Apple Inc. - Common Stock;self;House;capitol-exposed;2026-07-04 09:00:19.387176+00
3bf1a4b1-5549-4f84-aa42-32f8d5ea7629;NVDA;Daniel Meuser;2026-05-27;2026-07-02;SELL;1001;15000;NVIDIA Corporation - Common Stock;spouse;House;capitol-exposed;2026-07-04 09:00:19.387176+00
49e18ef7-ce07-400d-968e-773272f5c87a;META;John Boozman;2025-05-30;2025-06-14;BUY;1001;15000;Meta Platforms Inc;self;Senate;capitol-exposed;2026-07-06 09:00:28.587542+00
aac479b7-6756-47a5-994b-872e7fee863c;RTX;John Boozman;2025-05-30;2025-06-14;BUY;1001;15000;RTX;self;Senate;capitol-exposed;2026-07-06 09:00:28.587542+00
e3e311bf-8c8f-4eda-879d-e2cb0d52da86;BA;Gilbert Ray Cisneros, Jr.;2025-05-30;2025-06-06;BUY;1001;15000;Main Street Trust > Bank of America Boeing Company;self;House;capitol-exposed;2026-07-06 09:00:28.587542+00
5139eeef-afd9-4e92-a458-f53e374d7d59;LLY;Gilbert Ray Cisneros, Jr.;2025-05-30;2025-06-06;SELL;1001;15000;Main Street Trust > Bank of America Eli Lilly and Company Common Stock;self;House;capitol-exposed;2026-07-06 09:00:28.587542+00
c8f1fdad-dc4a-4e5f-8177-ad9bb92295c7;JNJ;Gilbert Ray Cisneros, Jr.;2025-05-30;2025-06-06;BUY;15001;50000;Main Street Trust > Bank of America Johnson & Johnson Common Stock;self;House;capitol-exposed;2026-07-06 09:00:28.587542+00
6e90d431-5bf9-4d26-bc3e-e30c6466ea97;MRK;Gilbert Ray Cisneros, Jr.;2025-05-30;2025-06-06;SELL;1001;15000;Main Street Trust > Bank of America Merck & Company, Inc. Common Stock;self;House;capitol-exposed;2026-07-06 09:00:28.587542+00
f7a2b642-e931-4e42-bb52-e51324d582d9;PFE;Gilbert Ray Cisneros, Jr.;2025-05-30;2025-06-06;BUY;1001;15000;Main Street Trust > Bank of America Pfizer, Inc. Common Stock;self;House;capitol-exposed;2026-07-06 09:00:28.587542+00
62f4814e-a317-4e33-9234-04a7faaea7f3;COP;Gilbert Ray Cisneros, Jr.;2025-05-30;2025-06-06;SELL;1001;15000;Main Street Trust > Bank of America ConocoPhillips Common Stock;self;House;capitol-exposed;2026-07-06 09:00:28.587542+00
ad612f6e-47a7-43a5-b213-8025db019cb7;LMT;Gilbert Ray Cisneros, Jr.;2025-05-30;2025-06-06;SELL;1001;15000;Cap. Gains > $200? Lockheed Martin Corporation Common Stock;self;House;capitol-exposed;2026-07-06 09:00:28.587542+00
baad3aa8-47dd-4254-b7bc-d1998be2307f;UNH;Gilbert Ray Cisneros, Jr.;2025-05-30;2025-06-06;BUY;1001;15000;Main Street Trust > Bank of America UnitedHealth Group Incorporated Common Stock;self;House;capitol-exposed;2026-07-06 09:00:28.587542+00
fadc1b87-dbab-4c20-9976-e088209cc586;NOC;Gilbert Ray Cisneros, Jr.;2025-05-30;2025-06-06;BUY;1001;15000;Main Street Trust > Bank of America D: Ticker 7974 JP Northrop Grumman Corporation Common Stock;self;House;capitol-exposed;2026-07-06 09:00:28.587542+00
aacadc4e-22ea-4dae-a578-37f620d34744;NVDA;Robert P. Bresnahan, Jr.;2025-05-29;2025-06-23;BUY;1001;15000;JP Morgan Brokerage Account #2 NVIDIA Corporation - Common Stock;self;House;capitol-exposed;2026-07-06 09:00:28.587542+00
285fa4bd-5764-4d3e-a179-6016655bb0e4;TSLA;Josh Gottheimer;2025-05-29;2025-06-11;BUY;1001;15000;Tesla, Inc. - Common Stock;joint;House;capitol-exposed;2026-07-06 09:00:28.587542+00
2db38fbc-358d-4e9d-9b69-197c48844530;UPS;Josh Gottheimer;2025-05-28;2025-06-11;SELL;1001;15000;United Parcel Service, Inc. Common Stock;joint;House;capitol-exposed;2026-07-06 09:00:28.587542+00
019efda1-5bfc-46d0-98ec-754bdb34dfcd;UNH;Julia Letlow;2025-05-27;2026-01-13;SELL;1001;15000;UnitedHealth Group Incorporated Common Stock;self;House;capitol-exposed;2026-07-06 09:00:28.587542+00
278bc373-8425-4143-906a-ed8b09709800;TSLA;Josh Gottheimer;2025-05-27;2025-06-11;BUY;1001;15000;Tesla, Inc. - Common Stock;joint;House;capitol-exposed;2026-07-06 09:00:28.587542+00
fb24a60b-10de-4dfd-8ab2-684cffcbb94d;GE;Austin Scott;2025-05-23;2025-08-13;SELL;1001;15000;GE Aerospace Common Stock;spouse;House;capitol-exposed;2026-07-06 09:00:28.587542+00
33deb669-642d-4015-8e3f-5f9dad80997a;NVDA;Robert P. Bresnahan, Jr.;2025-05-23;2025-06-23;BUY;1001;15000;JP Morgan Brokerage Account #2 NVIDIA Corporation - Common Stock;self;House;capitol-exposed;2026-07-06 09:00:28.587542+00
7a84613f-17bb-41e6-99c5-87c93361420a;SNOW;Robert P. Bresnahan, Jr.;2025-05-23;2025-06-23;BUY;1001;15000;JP Morgan Brokerage Account #2 Snowflake Inc. Class A Common Stock;self;House;capitol-exposed;2026-07-06 09:00:28.587542+00
d2b460d8-6666-4ddd-adc8-f54f62d52191;MMM;Robert P. Bresnahan, Jr.;2025-05-23;2025-06-23;SELL;15001;50000;3M Company Common Stock;self;House;capitol-exposed;2026-07-06 09:00:28.587542+00
e73ddb4a-d10e-4e75-9838-2cd02eb861b5;MMM;Robert P. Bresnahan, Jr.;2025-05-23;2025-06-23;SELL;0;0;3M Company Common Stock (MMM);self;House;capitol-exposed;2026-07-06 09:00:28.587542+00
c69b7c9c-0149-4f8e-b246-d91f37bade69;TSLA;Robert P. Bresnahan, Jr.;2025-05-23;2025-06-23;BUY;1001;15000;JP Morgan Brokerage Account #2 Tesla, Inc. - Common Stock;self;House;capitol-exposed;2026-07-06 09:00:28.587542+00
cc7379e2-e51b-463f-828c-05e606305cfb;ABBV;Josh Gottheimer;2025-05-22;2025-06-11;BUY;1001;15000;AbbVie Inc. Common Stock (ABBV);self;House;capitol-exposed;2026-07-06 09:00:28.587542+00
16c1451c-9ac9-40da-b01d-8a9e4e1ca744;CRM;Josh Gottheimer;2025-05-22;2025-06-11;BUY;1001;15000;Salesforce, Inc. Common Stock;joint;House;capitol-exposed;2026-07-06 09:00:28.587542+00
37563575-f15a-487d-9dd3-9992d8fecc6a;MSFT;Josh Gottheimer;2025-05-22;2025-06-11;BUY;1001;15000;Microsoft Corporation - Common Stock;joint;House;capitol-exposed;2026-07-06 09:00:28.587542+00
4e05c515-f0e7-449a-9e51-e75ba8f86539;LLY;Jonathan L. Jackson;2025-05-21;2025-08-25;SELL;1001;15000;Eli Lilly and Company Common Stock;spouse;House;capitol-exposed;2026-07-06 09:00:28.587542+00
26da13f3-1776-43c4-aee5-0f6618700d7e;MSFT;Josh Gottheimer;2025-05-21;2025-06-11;BUY;1001;15000;Microsoft Corporation - Common Stock;joint;House;capitol-exposed;2026-07-06 09:00:28.852393+00
dbffc5e4-6693-4a94-bbf7-6e1e5d37f894;GOOGL;John Boozman;2025-05-20;2025-06-14;BUY;1001;15000;GOOGL;self;Senate;capitol-exposed;2026-07-06 09:00:28.852393+00
4b9acbde-d918-4cd8-9063-910f9c4accca;GD;John Boozman;2025-05-20;2025-06-14;SELL;1001;15000;General Dynamics Corp;self;Senate;capitol-exposed;2026-07-06 09:00:28.852393+00
7a27a943-a353-4f31-bc54-1200b5ca3ec6;HD;John Boozman;2025-05-20;2025-06-14;BUY;1001;15000;HD;self;Senate;capitol-exposed;2026-07-06 09:00:28.852393+00
d73d933d-6905-426e-880b-4c69c423549c;NFLX;Rick W. Allen;2025-05-16;2025-06-18;BUY;15001;50000;Netflix, Inc. - Common Stock;spouse;House;capitol-exposed;2026-07-06 09:00:28.852393+00
f406134c-c58b-4057-96e4-c7172e193ac4;NFLX;Rick W. Allen;2025-05-16;2025-06-18;BUY;0;0;Netflix, Inc. - Common Stock (NFLX);self;House;capitol-exposed;2026-07-06 09:00:28.852393+00
5fb8e6eb-bf16-4510-9bbb-291a4b0711a5;AMZN;John Boozman;2025-05-16;2025-06-14;BUY;1001;15000;AMZN;self;Senate;capitol-exposed;2026-07-06 09:00:28.852393+00
c4660060-3a50-4996-96dd-7d88032b4edd;HD;John Boozman;2025-05-16;2025-06-14;BUY;1001;15000;Home Depot;self;Senate;capitol-exposed;2026-07-06 09:00:28.852393+00
61accfae-f8f8-4b08-81ff-233aefb0d920;META;John Boozman;2025-05-16;2025-06-14;BUY;1001;15000;Meta Platforms Inc;self;Senate;capitol-exposed;2026-07-06 09:00:28.852393+00
ce5f9503-7ba5-4f0a-a0d6-d0e710d8b16d;NOW;John J. McGuire III;2025-05-16;2025-06-12;BUY;1001;15000;ServiceNow, Inc. Common Stock;spouse;House;capitol-exposed;2026-07-06 09:00:28.852393+00
b2834d0d-3128-42e0-9eb3-6979743f0487;TSLA;Josh Gottheimer;2025-05-16;2025-06-11;BUY;1001;15000;Tesla, Inc. - Common Stock;joint;House;capitol-exposed;2026-07-06 09:00:28.852393+00
9cd4a2e8-a3a5-4d46-8f8b-423c4f6aea7d;TSLA;Robert P. Bresnahan, Jr.;2025-05-16;2025-06-09;BUY;1001;15000;JP Morgan Brokerage Account #2 Tesla, Inc. - Common Stock;self;House;capitol-exposed;2026-07-06 09:00:28.852393+00
15ea9119-f3f9-4282-9a61-a464566d2fa3;NVDA;Robert P. Bresnahan, Jr.;2025-05-16;2025-06-09;BUY;1001;15000;ST] FS: New SO: JP Morgan Brokerage Account #2 NVIDIA Corporation - Common Stock;self;House;capitol-exposed;2026-07-06 09:00:28.852393+00
1540df2d-7cd3-423c-90c9-14ae1d1947e0;AAPL;Ed Case;2025-05-15;2026-04-06;BUY;1001;15000;Apple Inc. - Common Stock;spouse;House;capitol-exposed;2026-07-06 09:00:28.852393+00
f68749be-4528-466e-811f-ba35e38a6c81;UNH;Jared Moskowitz;2025-05-15;2025-06-27;SELL;1001;15000;UnitedHealth Group Incorporated Common Stock;child;House;capitol-exposed;2026-07-06 09:00:28.852393+00
8cf046e9-691f-4895-a381-89cf4ddb0628;UBER;Josh Gottheimer;2025-05-15;2025-06-11;BUY;1001;15000;Uber Technologies, Inc. Common Stock;joint;House;capitol-exposed;2026-07-06 09:00:28.852393+00
dbd81455-652a-4a39-96a9-d4830753a5f3;TSLA;Josh Gottheimer;2025-05-15;2025-06-11;BUY;1001;15000;Tesla, Inc. - Common Stock;joint;House;capitol-exposed;2026-07-06 09:00:28.852393+00
1fe9c001-bee4-4781-a14d-9b12d4296bc2;GOOG;John Fetterman;2025-05-15;2025-06-10;BUY;1001;15000;GOOG;self;Senate;capitol-exposed;2026-07-06 09:00:28.852393+00
57ebe449-8296-4b30-b611-aff09e6fac3c;GD;Robert P. Bresnahan, Jr.;2025-05-15;2025-06-09;SELL;1001;15000;JP Morgan Brokerage Account General Dynamics Corporation Common Stock;self;House;capitol-exposed;2026-07-06 09:00:28.852393+00
a2df9830-4373-4a82-a370-fcf80e1c8ba6;JPM;Robert P. Bresnahan, Jr.;2025-05-15;2025-06-09;BUY;1001;15000;JP Morgan Brokerage Account JP Morgan Chase & Co. Common Stock;self;House;capitol-exposed;2026-07-06 09:00:28.852393+00
1dabc9bb-30c8-4e9f-89de-72eab16b0569;ABBV;Robert P. Bresnahan, Jr.;2025-05-15;2025-06-09;BUY;1001;15000;AbbVie Inc. Common Stock (ABBV);self;House;capitol-exposed;2026-07-06 09:00:28.852393+00
98d84398-ca24-4f6a-84e1-7dc17d87e3cc;NOC;Robert P. Bresnahan, Jr.;2025-05-15;2025-06-09;SELL;1001;15000;JP Morgan Brokerage Account #2 Northrop Grumman Corporation Common Stock;self;House;capitol-exposed;2026-07-06 09:00:28.852393+00
d1a1c175-01d1-442e-8b4f-012770f2d51b;GE;Robert P. Bresnahan, Jr.;2025-05-15;2025-06-09;SELL;1001;15000;ST] FS: New SO: JP Morgan Brokerage Account GE Aerospace Common Stock;self;House;capitol-exposed;2026-07-06 09:00:28.852393+00
ddcf1cfa-89d1-4e38-8f9e-24ff757deb47;KO;Robert P. Bresnahan, Jr.;2025-05-15;2025-06-09;SELL;1001;15000;JP Morgan Brokerage Account Coca-Cola Company;self;House;capitol-exposed;2026-07-06 09:00:28.852393+00
39891694-b863-4afe-8ce8-af2d55434e5a;PG;Lloyd Doggett;2025-05-15;2025-06-04;BUY;1001;15000;Procter & Gamble Company;self;House;capitol-exposed;2026-07-06 09:00:28.852393+00
f4291f6a-16dd-42c7-854b-b2354562277c;PEP;Robert P. Bresnahan, Jr.;2025-05-15;2025-05-31;SELL;15001;50000;Cap. Gains > $200? Pepsico, Inc.;self;House;capitol-exposed;2026-07-06 09:00:28.852393+00
cf5a4dc1-e477-4f9b-abf8-b773a5e4f231;COP;Robert P. Bresnahan, Jr.;2025-05-15;2025-05-31;BUY;15001;50000;JP Morgan Brokerage Account ConocoPhillips Common Stock;self;House;capitol-exposed;2026-07-06 09:00:28.852393+00
8a8d141a-e7db-4c16-9b8d-7fcfb40fc630;AMD;Robert P. Bresnahan, Jr.;2025-05-15;2025-05-31;BUY;15001;50000;Advanced Micro Devices, Inc.;self;House;capitol-exposed;2026-07-06 09:00:28.852393+00
5aa3a106-4264-4d1e-b50c-33ccfe878c7c;UNH;Robert P. Bresnahan, Jr.;2025-05-15;2025-05-31;SELL;15001;50000;JP Morgan Brokerage Account UnitedHealth Group Incorporated Common Stock;self;House;capitol-exposed;2026-07-06 09:00:28.852393+00
b5b926a0-03f7-4b52-84f6-ee7f7f911d56;PFE;Robert P. Bresnahan, Jr.;2025-05-15;2025-05-31;BUY;15001;50000;JP Morgan Brokerage Account Pfizer, Inc. Common Stock;self;House;capitol-exposed;2026-07-06 09:00:28.852393+00
9b21b1bc-73b6-48c5-b870-37358921b9e9;AMD;Robert P. Bresnahan, Jr.;2025-05-15;2025-05-31;BUY;0;0;Advanced Micro Devices, Inc. (AMD);self;House;capitol-exposed;2026-07-06 09:00:28.852393+00
8473ad17-b403-4635-ac67-476faed36413;XOM;Robert P. Bresnahan, Jr.;2025-05-15;2025-05-31;SELL;1001;15000;JP Morgan Brokerage Account Exxon Mobil Corporation Common Stock;self;House;capitol-exposed;2026-07-06 09:00:28.852393+00
9820f0bf-df36-4c15-91af-40c9334e782e;MRK;Robert P. Bresnahan, Jr.;2025-05-15;2025-05-31;SELL;15001;50000;JP Morgan Brokerage Account Merck & Company, Inc. Common Stock;self;House;capitol-exposed;2026-07-06 09:00:28.852393+00
b8be1aef-c861-4bab-a471-730b48864cee;CAT;Robert P. Bresnahan, Jr.;2025-05-15;2025-05-31;BUY;1001;15000;EXP 09/19/25 2000 INDEX FD C: Filer's transaction of covered calls is for hedging purposes, not for the purpose of selling options short. Caterpillar, Inc. Common Stock;self;House;capitol-exposed;2026-07-06 09:00:28.852393+00
b3c0075e-930b-4584-8b15-09d894113eda;AVGO;David J. Taylor;2025-05-14;2025-06-02;BUY;1001;15000;Broadcom Inc. - Common Stock (AVGO);self;House;capitol-exposed;2026-07-06 09:00:28.852393+00
34baf0bd-8d43-44b4-963d-a6e752cc8dcd;UNH;David J. Taylor;2025-05-14;2025-06-02;SELL;1001;15000;Cap. Gains > $200? UnitedHealth Group Incorporated Common Stock;self;House;capitol-exposed;2026-07-06 09:00:28.852393+00
c11d8fb9-f085-446b-beeb-0b5b380027f0;UNH;David J. Taylor;2025-05-14;2025-06-02;SELL;15001;50000;David Taylor Trust > Schwab Joint Brokerage #1 (Home Grown) UnitedHealth Group Incorporated Common Stock;self;House;capitol-exposed;2026-07-06 09:00:28.852393+00
c31f611b-f7a5-4699-b70a-1a11d48f409c;NVDA;John Boozman;2025-05-13;2025-06-14;BUY;1001;15000;Nvidia Corp;self;Senate;capitol-exposed;2026-07-06 09:00:28.852393+00
95c8eb7d-e865-4b31-b021-915339814076;COP;Markwayne Mullin;2025-05-13;2025-06-11;BUY;15001;50000;COP;self;Senate;capitol-exposed;2026-07-06 09:00:28.852393+00
8069b991-b1e4-4001-bb8a-32fb2c1d5fc0;SPY;Markwayne Mullin;2025-05-13;2025-06-11;SELL;500001;1000000;SPDR S&P 500;self;Senate;capitol-exposed;2026-07-06 09:00:28.852393+00
50929002-ca37-4413-8215-83f096196803;CVX;Markwayne Mullin;2025-05-13;2025-06-11;BUY;50001;100000;Chevron Corp;self;Senate;capitol-exposed;2026-07-06 09:00:28.852393+00
3568270f-db92-45d6-977a-82a3d9b6b2c2;LLY;Josh Gottheimer;2025-05-13;2025-06-11;SELL;1001;15000;Eli Lilly and Company Common Stock;joint;House;capitol-exposed;2026-07-06 09:00:28.852393+00
782aaf95-1053-40c6-afcb-0e8590e50a61;ADBE;Markwayne Mullin;2025-05-13;2025-06-11;BUY;15001;50000;Adobe Systems Inc;self;Senate;capitol-exposed;2026-07-06 09:00:28.852393+00
0d7fbc78-6ae4-4546-8eea-775df016d1eb;NFLX;Robert P. Bresnahan, Jr.;2025-05-13;2025-06-09;SELL;1001;15000;JP Morgan Brokerage Account Netflix, Inc. - Common Stock;self;House;capitol-exposed;2026-07-06 09:00:28.852393+00
8a524ad5-c289-4a83-aba3-06c9fdd3011e;META;Robert P. Bresnahan, Jr.;2025-05-13;2025-06-09;BUY;1001;15000;JP Morgan Brokerage Account Meta Platforms, Inc. - Class A Common Stock;self;House;capitol-exposed;2026-07-06 09:00:28.852393+00
4bcb790a-6590-4887-be69-eed042ef7198;NVDA;Robert P. Bresnahan, Jr.;2025-05-13;2025-06-09;BUY;1001;15000;JP Morgan Brokerage Account #2 NVIDIA Corporation - Common Stock;self;House;capitol-exposed;2026-07-06 09:00:28.852393+00
327c629a-aa04-4486-9cdd-770a9efe2131;MSFT;David J. Taylor;2025-05-13;2025-06-02;SELL;1001;15000;David Taylor Trust > Sardinia Ready Mix 401(k) - Dave Microsoft Corporation - Common Stock;self;House;capitol-exposed;2026-07-06 09:00:28.852393+00
fb1983ff-10b0-4e10-88af-95fd3e548dd9;PG;Jefferson Shreve;2025-05-12;2025-06-22;SELL;50001;100000;Account Closing Procter & Gamble Company;self;House;capitol-exposed;2026-07-06 09:00:28.852393+00
ce77ad7f-2d41-4e05-8d7e-d0365f9dfb3f;ADBE;Jefferson Shreve;2025-05-12;2025-06-22;SELL;15001;50000;Account Closing Adobe Inc. - Common Stock;self;House;capitol-exposed;2026-07-06 09:00:28.852393+00
6b0ed60f-61b0-4958-94bf-485c10a5aedd;MMM;Jefferson Shreve;2025-05-12;2025-06-22;SELL;15001;50000;3M Company Common Stock;self;House;capitol-exposed;2026-07-06 09:00:28.852393+00
8cef2165-7acf-4de0-b038-bbbdb164a8f7;PEP;Jefferson Shreve;2025-05-12;2025-06-22;SELL;15001;50000;Account Closing Pepsico, Inc.;self;House;capitol-exposed;2026-07-06 09:00:28.852393+00
5114fe15-6a9a-4a34-99ea-a78ff8f3ca70;GS;Jefferson Shreve;2025-05-12;2025-06-22;SELL;15001;50000;Portfolio Rebalance Goldman Sachs Group, Inc.;self;House;capitol-exposed;2026-07-06 09:00:28.852393+00
7670440c-db33-4b82-8337-f36ad60cb0eb;PYPL;Jefferson Shreve;2025-05-12;2025-06-22;SELL;15001;50000;Account Closing PayPal Holdings, Inc. - Common Stock;self;House;capitol-exposed;2026-07-06 09:00:28.852393+00
ed694dcc-f78e-4b91-91f7-a45b44721ad1;AMZN;Jefferson Shreve;2025-05-12;2025-06-22;SELL;250001;500000;Account Closing Amazon.com, Inc. - Common Stock;self;House;capitol-exposed;2026-07-06 09:00:28.852393+00
f55ea252-e11a-48da-87f7-98ce18e696b4;COST;Jefferson Shreve;2025-05-12;2025-06-22;SELL;100001;250000;Account Closing Costco Wholesale Corporation - Common Stock;self;House;capitol-exposed;2026-07-06 09:00:28.852393+00
3bb971d5-ec82-4f7d-b95b-4c87f710d895;CRWD;Jefferson Shreve;2025-05-12;2025-06-22;SELL;15001;50000;Portfolio Rebalance CrowdStrike Holdings, Inc. - Class A Common Stock;self;House;capitol-exposed;2026-07-06 09:00:28.852393+00
b36ea4b2-5ac8-4134-bff7-e5bfe7da678c;GOOG;Jefferson Shreve;2025-05-12;2025-06-22;SELL;100001;250000;Account Closing Alphabet Inc. - Class C Capital Stock;self;House;capitol-exposed;2026-07-06 09:00:28.852393+00
ad56233d-c5f6-4899-9b74-e86e2f00abcb;RTX;Jefferson Shreve;2025-05-12;2025-06-22;SELL;15001;50000;Account Closing RTX Corporation Common Stock;self;House;capitol-exposed;2026-07-06 09:00:28.852393+00
17f1859c-f5ce-4048-9888-3a8715567cf3;JPM;Jefferson Shreve;2025-05-12;2025-06-22;SELL;100001;250000;Account Closing JP Morgan Chase & Co. Common Stock;self;House;capitol-exposed;2026-07-06 09:00:28.852393+00
ce8a3457-c7ff-4eaa-a4d7-c2654dbc7ae8;ORCL;Jefferson Shreve;2025-05-12;2025-06-22;SELL;15001;50000;Account Closing Oracle Corporation Common Stock;self;House;capitol-exposed;2026-07-06 09:00:28.852393+00
a2acab37-b2c2-415b-b4ac-6b3ac62bc302;MSFT;Jefferson Shreve;2025-05-12;2025-06-22;SELL;500001;1000000;Account Closing Microsoft Corporation - Common Stock;self;House;capitol-exposed;2026-07-06 09:00:28.852393+00
b719822e-53da-4c30-9553-56b100a39a99;MCD;Jefferson Shreve;2025-05-12;2025-06-22;SELL;15001;50000;Account Closing McDonald's Corporation Common Stock;self;House;capitol-exposed;2026-07-06 09:00:28.852393+00
851ced0a-38ac-4289-9e9e-ea5cbad4446e;MA;Jefferson Shreve;2025-05-12;2025-06-22;SELL;50001;100000;Account Closing Mastercard Incorporated Common Stock;self;House;capitol-exposed;2026-07-06 09:00:28.852393+00
4a63cdb1-ca7c-44c4-a23d-2b6b2bff1bbe;CAT;Jefferson Shreve;2025-05-12;2025-06-22;SELL;15001;50000;Account Closing Caterpillar, Inc. Common Stock;self;House;capitol-exposed;2026-07-06 09:00:28.852393+00
66ddeff0-f406-4c75-a534-84f3b57a7e48;AVGO;Jefferson Shreve;2025-05-12;2025-06-22;SELL;15001;50000;Cap. Gains > $200? Broadcom Inc. - Common Stock;self;House;capitol-exposed;2026-07-06 09:00:28.852393+00
8469f323-8a01-4810-8011-b822a1c1a163;T;Jefferson Shreve;2025-05-12;2025-06-22;SELL;15001;50000;Account Closing AT&T Inc.;self;House;capitol-exposed;2026-07-06 09:00:28.852393+00
a056553f-f89d-44b4-a697-562ef53d880b;PLTR;Jefferson Shreve;2025-05-12;2025-06-22;SELL;50001;100000;Account Closing Palantir Technologies Inc. - Class A Common Stock;self;House;capitol-exposed;2026-07-06 09:00:28.852393+00
86a45b2e-c69d-4f01-8caa-ff285f278a13;HD;Jefferson Shreve;2025-05-12;2025-06-22;SELL;15001;50000;Portfolio Rebalance Home Depot, Inc.;self;House;capitol-exposed;2026-07-06 09:00:28.852393+00
170f3a3a-f9e6-4229-81d5-54c4be2f127b;NFLX;Jefferson Shreve;2025-05-12;2025-06-22;SELL;100001;250000;Account Closing Netflix, Inc. - Common Stock;self;House;capitol-exposed;2026-07-06 09:00:28.852393+00
0e64c3c0-d51c-4fa8-ad5f-f9580d71ead3;GE;Jefferson Shreve;2025-05-12;2025-06-22;SELL;50001;100000;Account Closing GE Aerospace Common Stock;self;House;capitol-exposed;2026-07-06 09:00:28.852393+00
ed427452-d5f3-44a2-8295-35261fc5050a;LMT;Jefferson Shreve;2025-05-12;2025-06-22;SELL;15001;50000;Account Closing Lockheed Martin Corporation Common Stock;self;House;capitol-exposed;2026-07-06 09:00:28.852393+00
61d518ef-fef0-4e25-9cc4-c08a6b5be7b5;TSLA;Jefferson Shreve;2025-05-12;2025-06-22;SELL;100001;250000;Account Closing Tesla, Inc. - Common Stock;self;House;capitol-exposed;2026-07-06 09:00:28.852393+00
2399f876-7924-458e-81e3-79c030bf57d7;BAC;Jefferson Shreve;2025-05-12;2025-06-22;SELL;15001;50000;Portfolio Rebalance Bank of America Corporation Common Stock;self;House;capitol-exposed;2026-07-06 09:00:28.852393+00
e8db792e-b779-4a7a-b259-22b24e7d0ff2;MMM;Jefferson Shreve;2025-05-12;2025-06-22;SELL;0;0;3M Company Common Stock (MMM);self;House;capitol-exposed;2026-07-06 09:00:28.852393+00
1c2476bf-9bd2-4039-a6a2-da68a35dc09c;KO;Jefferson Shreve;2025-05-12;2025-06-22;SELL;100001;250000;Account Closing Coca-Cola Company;self;House;capitol-exposed;2026-07-06 09:00:28.852393+00
3d887ea4-4428-46b6-8321-d71ca9ad053f;CRM;Jefferson Shreve;2025-05-12;2025-06-22;SELL;15001;50000;Account Closing Salesforce, Inc. Common Stock;self;House;capitol-exposed;2026-07-06 09:00:28.852393+00
f167896f-f7cf-4b16-84f2-9901a56fb443;UBER;Jefferson Shreve;2025-05-12;2025-06-22;SELL;50001;100000;Account Closing Uber Technologies, Inc. Common Stock;self;House;capitol-exposed;2026-07-06 09:00:28.852393+00
e62a0a78-605c-4a0a-a2c8-ae53ca4e6653;AMD;Jefferson Shreve;2025-05-12;2025-06-22;SELL;50001;100000;Portfolio Rebalance Advanced Micro Devices, Inc.;self;House;capitol-exposed;2026-07-06 09:00:28.852393+00
dafcb65f-e6cd-4668-b5cc-be28153888fa;GOOGL;Jefferson Shreve;2025-05-12;2025-06-22;SELL;100001;250000;Account Closing Alphabet Inc. - Class A Common Stock;self;House;capitol-exposed;2026-07-06 09:00:28.852393+00
5b8b86a2-d7b1-44f6-b7be-55d21edb0a98;AAPL;Jefferson Shreve;2025-05-12;2025-06-22;SELL;100001;250000;Portfolio Rebalance Apple Inc. - Common Stock;self;House;capitol-exposed;2026-07-06 09:00:28.852393+00
b65a2eb0-b119-45b9-a3f0-70aeb6241658;CVX;Jefferson Shreve;2025-05-12;2025-06-22;SELL;15001;50000;Portfolio Rebalance Chevron Corporation Common Stock;self;House;capitol-exposed;2026-07-06 09:00:28.852393+00
396abff2-e647-418e-b390-15925e7af15b;NET;Jefferson Shreve;2025-05-12;2025-06-22;SELL;15001;50000;Cap. Gains > $200? FS: New SO: CRT - Standard Unit Trust D: Account Closing Cloudflare, Inc. Class A Common Stock;self;House;capitol-exposed;2026-07-06 09:00:28.852393+00
5e1e64fe-6047-4d87-84b5-3d389e0135a0;COIN;Jefferson Shreve;2025-05-12;2025-06-22;SELL;15001;50000;Portfolio Rebalance Coinbase Global, Inc. - Class A Common Stock;self;House;capitol-exposed;2026-07-06 09:00:28.852393+00
3ad572b7-4781-4ddf-8216-4033e3291a00;LLY;Jefferson Shreve;2025-05-12;2025-06-22;SELL;100001;250000;Cap. Gains > $200? D: Account Closing Eli Lilly and Company Common Stock;self;House;capitol-exposed;2026-07-06 09:00:28.852393+00
ba6f812e-adc9-482e-8a87-5726247b001c;XOM;Jefferson Shreve;2025-05-12;2025-06-22;SELL;50001;100000;Account Closing Exxon Mobil Corporation Common Stock;self;House;capitol-exposed;2026-07-06 09:00:28.852393+00
6ee95ab3-0412-4014-abea-5423006ae723;JNJ;Jefferson Shreve;2025-05-12;2025-06-22;SELL;50001;100000;Portfolio Rebalance Johnson & Johnson Common Stock;self;House;capitol-exposed;2026-07-06 09:00:28.852393+00
8460db3c-a935-486e-9b65-9f865f354c2f;META;Jefferson Shreve;2025-05-12;2025-06-22;SELL;100001;250000;Account Closing Meta Platforms, Inc. - Class A Common Stock;self;House;capitol-exposed;2026-07-06 09:00:28.852393+00
284af91d-7982-4ffb-856c-46fc0525b3e9;NVDA;Jefferson Shreve;2025-05-12;2025-06-22;SELL;500001;1000000;Cap. Gains > $200? NVIDIA Corporation - Common Stock;self;House;capitol-exposed;2026-07-06 09:00:28.852393+00
1371c1b2-d480-493d-a80a-857a701a727f;SNOW;Jefferson Shreve;2025-05-12;2025-06-22;SELL;15001;50000;Account Closing Snowflake Inc. Class A Common Stock;self;House;capitol-exposed;2026-07-06 09:00:28.852393+00
fb808551-ce0d-4d76-a750-5ff44172624d;VZ;Jefferson Shreve;2025-05-12;2025-06-22;SELL;15001;50000;Cap. Gains > $200? Verizon Communications Inc. Common Stock;self;House;capitol-exposed;2026-07-06 09:00:28.852393+00
beaf09da-22c9-4aa8-a5a3-949b537bb5e6;V;Jefferson Shreve;2025-05-12;2025-06-22;SELL;100001;250000;Account Closing Visa Inc.;self;House;capitol-exposed;2026-07-06 09:00:28.852393+00
97f1e96d-2c52-4592-a504-48793bd4953d;WMT;Jefferson Shreve;2025-05-12;2025-06-22;SELL;100001;250000;Account Closing Walmart Inc. Common Stock;self;House;capitol-exposed;2026-07-06 09:00:28.852393+00
caf4a9c3-4166-4d19-b268-1e6257b79142;DIS;Jefferson Shreve;2025-05-12;2025-06-22;SELL;15001;50000;Account Closing Walt Disney Company;self;House;capitol-exposed;2026-07-06 09:00:28.852393+00
c7190149-90b1-4180-9763-b1b7259a3f51;WFC;Jefferson Shreve;2025-05-12;2025-06-22;SELL;50001;100000;Account Closing Wells Fargo & Company Common Stock;self;House;capitol-exposed;2026-07-06 09:00:28.852393+00
44f777a7-1927-4707-9f22-8f56b6b5577d;BA;Jefferson Shreve;2025-05-12;2025-06-22;SELL;50001;100000;Portfolio Rebalance Boeing Company;self;House;capitol-exposed;2026-07-06 09:00:28.852393+00
b7a00077-e135-494c-8347-188bc00b1e4c;COP;Jefferson Shreve;2025-05-12;2025-06-22;SELL;15001;50000;Account Closing ConocoPhillips Common Stock;self;House;capitol-exposed;2026-07-06 09:00:28.852393+00
e4c4650a-3314-4d9c-9926-b83c04d25701;TSLA;Robert P. Bresnahan, Jr.;2025-05-12;2025-06-09;BUY;1001;15000;ST] FS: New SO: JP Morgan Brokerage Account #2 Tesla, Inc. - Common Stock;self;House;capitol-exposed;2026-07-06 09:00:28.852393+00
20069fb2-7009-4956-b0ff-f80067be42c9;MSFT;David J. Taylor;2025-05-12;2025-06-02;SELL;1001;15000;David Taylor Trust > Schwab Joint Brokerage #1 (Home Grown) Microsoft Corporation - Common Stock;self;House;capitol-exposed;2026-07-06 09:00:28.852393+00
c31a0f0c-16e6-4985-8252-05b67247eab2;CRM;David J. Taylor;2025-05-12;2025-06-02;BUY;1001;15000;David Taylor Trust > Schwab Joint Brokerage #1 (Home Grown) Salesforce, Inc. Common Stock;self;House;capitol-exposed;2026-07-06 09:00:28.852393+00
0a209080-8671-4211-b8da-3876cd75a25e;MSFT;Robert P. Bresnahan, Jr.;2025-05-09;2025-06-09;BUY;1001;15000;JP Morgan Brokerage Account #2 Microsoft Corporation - Common Stock;self;House;capitol-exposed;2026-07-06 09:00:28.852393+00
5f12f4cb-4a0b-4f0b-aa56-bc56e25add86;NVDA;Robert P. Bresnahan, Jr.;2025-05-09;2025-05-31;BUY;1001;15000;JP Morgan Brokerage Account NVIDIA Corporation - Common Stock;self;House;capitol-exposed;2026-07-06 09:00:28.852393+00
963718fd-f9c5-4f69-a9ec-ccbc3344e60b;MSFT;Julia Letlow;2025-05-08;2026-01-13;BUY;1001;15000;Microsoft Corporation - Common Stock;self;House;capitol-exposed;2026-07-06 09:00:28.852393+00
482ddfb4-c685-4ad9-a341-c31c17c7c248;GE;Jefferson Shreve;2025-05-08;2025-06-22;BUY;50001;100000;Account Closing GE Aerospace Common Stock;self;House;capitol-exposed;2026-07-06 09:00:28.852393+00
6e299736-f395-48fe-a07d-af02ef4f38ea;BAC;Jefferson Shreve;2025-05-08;2025-06-22;BUY;15001;50000;Portfolio Rebalance Bank of America Corporation Common Stock;self;House;capitol-exposed;2026-07-06 09:00:28.852393+00
67597955-8cc4-487e-a047-95ecb93f7c01;HD;Jefferson Shreve;2025-05-08;2025-06-22;SELL;50001;100000;Account Closing Home Depot, Inc.;self;House;capitol-exposed;2026-07-06 09:00:28.852393+00
ca1b9da2-8cde-41ae-a703-6c95693e3b83;ORCL;Jefferson Shreve;2025-05-08;2025-06-22;BUY;15001;50000;Account Closing Oracle Corporation Common Stock;self;House;capitol-exposed;2026-07-06 09:00:28.852393+00
994386de-5e00-452e-9563-36ade3f8174c;CRM;Jefferson Shreve;2025-05-08;2025-06-22;BUY;15001;50000;Account Closing Salesforce, Inc. Common Stock;self;House;capitol-exposed;2026-07-06 09:00:28.852393+00
fd5779a0-b526-4e21-9990-00a6854a33b0;DIS;Jefferson Shreve;2025-05-08;2025-06-22;BUY;15001;50000;Account Closing Walt Disney Company;self;House;capitol-exposed;2026-07-06 09:00:28.852393+00
23acc858-b751-478a-a1f9-c029d8139ad3;NVDA;Jefferson Shreve;2025-05-08;2025-06-22;BUY;100001;250000;Account Closing NVIDIA Corporation - Common Stock;self;House;capitol-exposed;2026-07-06 09:00:28.852393+00
84e57231-feff-4b76-be33-e16e1ef42851;UPS;Jefferson Shreve;2025-05-08;2025-06-22;SELL;15001;50000;Account Closing United Parcel Service, Inc. Common Stock;self;House;capitol-exposed;2026-07-06 09:00:28.852393+00
af0bc29d-0138-4301-8256-7d0a9e63996b;COIN;Jefferson Shreve;2025-05-08;2025-06-22;BUY;15001;50000;Account Closing Coinbase Global, Inc. - Class A Common Stock;self;House;capitol-exposed;2026-07-06 09:00:28.852393+00
9ce1c616-0263-4946-a353-dfd7f060ab1c;UNH;Jefferson Shreve;2025-05-08;2025-06-22;SELL;15001;50000;Portfolio Rebalance UnitedHealth Group Incorporated Common Stock;self;House;capitol-exposed;2026-07-06 09:00:28.852393+00
b12c498d-b335-44f5-b781-b3acd4179f31;GS;Jefferson Shreve;2025-05-08;2025-06-22;BUY;15001;50000;Account Closing Goldman Sachs Group, Inc.;self;House;capitol-exposed;2026-07-06 09:00:28.852393+00
37417e6b-2974-4abd-a9e7-9bd572798902;AMD;Jefferson Shreve;2025-05-08;2025-06-22;BUY;15001;50000;Cap. Gains > $200? Advanced Micro Devices, Inc. - Common Stock;self;House;capitol-exposed;2026-07-06 09:00:28.852393+00
135596ed-83e3-4b98-b92a-b291ecfee656;CRM;Jefferson Shreve;2025-05-08;2025-06-22;BUY;0;0;Account Closing Salesforce, Inc. Common Stock (CRM);self;House;capitol-exposed;2026-07-06 09:00:28.852393+00
7d18d6a8-57cf-40cc-b388-5d6f62e3b43b;CVX;Jefferson Shreve;2025-05-08;2025-06-22;SELL;15001;50000;Cap. Gains > $200? Chevron Corporation Common Stock;self;House;capitol-exposed;2026-07-06 09:00:28.852393+00
5de62cc2-deda-4df5-98c9-92f1108cff89;AAPL;Jefferson Shreve;2025-05-08;2025-06-22;SELL;500001;1000000;Portfolio Rebalance Apple Inc. - Common Stock;self;House;capitol-exposed;2026-07-06 09:00:28.852393+00
96ca552f-2ed5-4c78-83d5-50a2b0630643;MSFT;Jefferson Shreve;2025-05-08;2025-06-22;BUY;500001;1000000;Account Closing Microsoft Corporation - Common Stock;self;House;capitol-exposed;2026-07-06 09:00:28.852393+00
85cfd1b0-9289-468f-9d1a-5edce84ad364;ADBE;Jefferson Shreve;2025-05-08;2025-06-22;BUY;15001;50000;Account Closing Adobe Inc. - Common Stock;self;House;capitol-exposed;2026-07-06 09:00:28.852393+00
0caabeb1-d27f-4137-9b1f-0587f2a73f30;GOOG;Jerry Moran;2025-05-08;2025-06-18;BUY;1001;15000;GOOG;self;Senate;capitol-exposed;2026-07-06 09:00:28.852393+00
193865b7-5028-4cae-a763-f8383dc36e6a;AMZN;Thomas H. Kean, Jr.;2025-05-08;2025-06-17;BUY;1001;15000;Amazon.com, Inc. - Common Stock (AMZN);self;House;capitol-exposed;2026-07-06 09:00:28.852393+00
2b2d979b-cd30-4b7c-bb05-15517531314c;GOOGL;Shelley Moore Capito;2025-05-08;2025-06-14;BUY;1001;15000;GOOGL;self;Senate;capitol-exposed;2026-07-06 09:00:28.852393+00
796fce5d-0f92-4a6b-8a62-ad495a2ddb09;GOOG;Josh Gottheimer;2025-05-08;2025-06-11;SELL;1001;15000;Alphabet Inc. - Class C Capital Stock;joint;House;capitol-exposed;2026-07-06 09:00:28.852393+00
505a1dcb-a314-402e-928d-6b04f7e8d3cd;GOOG;Robert P. Bresnahan, Jr.;2025-05-08;2025-05-31;SELL;1001;15000;JP Morgan Brokerage Account Alphabet Inc. - Class C Capital Stock;self;House;capitol-exposed;2026-07-06 09:00:28.852393+00
f80343a1-f871-4e46-9651-3fd8e766fdbb;GOOG;Robert P. Bresnahan, Jr.;2025-05-07;2025-05-31;SELL;1001;15000;JP Morgan Brokerage Account #2 Alphabet Inc. - Class C Capital Stock;self;House;capitol-exposed;2026-07-06 09:00:28.852393+00
9051792d-f593-4315-9231-a770a99d0989;LLY;Val T. Hoyle;2025-05-06;2025-09-12;SELL;1001;15000;Eli Lilly and Company Common Stock;spouse;House;capitol-exposed;2026-07-06 09:00:28.852393+00
56914a9f-62e7-4fbe-99f6-9b3569a45360;UNH;Val T. Hoyle;2025-05-06;2025-09-12;SELL;1001;15000;UnitedHealth Group Incorporated Common Stock;spouse;House;capitol-exposed;2026-07-06 09:00:28.852393+00
2c69ed9d-5edb-4526-b98d-47447d0f9ac4;TSM;Val T. Hoyle;2025-05-06;2025-09-12;BUY;1001;15000;Taiwan Semiconductor Manufacturing Company Ltd.;spouse;House;capitol-exposed;2026-07-06 09:00:28.852393+00
830be919-55a7-48e7-91b4-2758d2ab8ea6;GD;Julie Johnson;2025-05-02;2025-06-13;BUY;1001;15000;General Dynamics Corporation Common Stock;joint;House;capitol-exposed;2026-07-06 09:00:28.852393+00
eb028011-b970-4973-8a45-605446b99b50;AAPL;Julia Letlow;2025-05-01;2026-01-13;SELL;1001;15000;Apple Inc. - Common Stock;self;House;capitol-exposed;2026-07-06 09:00:28.852393+00
4cb0a3da-836f-414f-a2ee-eb183b792228;LLY;Josh Gottheimer;2025-05-01;2025-06-11;BUY;1001;15000;Eli Lilly and Company Common Stock;joint;House;capitol-exposed;2026-07-06 09:00:28.852393+00
3130c66b-9ba4-4764-ba00-2a0a5a4adbbe;AMZN;Katie Boyd Britt;2025-04-30;2026-01-26;BUY;1001;15000;AMZN;self;Senate;capitol-exposed;2026-07-06 09:00:28.852393+00
6611e439-5809-407d-a212-e51ffc0480b6;XOM;Katie Boyd Britt;2025-04-30;2026-01-26;SELL;1001;15000;XOM;self;Senate;capitol-exposed;2026-07-06 09:00:28.852393+00
e3b5f8b5-5d06-4032-8011-a7e9ca326b73;AAPL;Katie Boyd Britt;2025-04-30;2026-01-26;BUY;1001;15000;AAPL;self;Senate;capitol-exposed;2026-07-06 09:00:28.852393+00
821a3d94-42e1-4bb7-82a1-b50b37dc4303;UNH;Katie Boyd Britt;2025-04-30;2026-01-26;SELL;1001;15000;Unitedhealth Group Inc;self;Senate;capitol-exposed;2026-07-06 09:00:28.852393+00
7c66c7cf-9ed3-478b-a62c-210cd520af4c;NVDA;Katie Boyd Britt;2025-04-30;2026-01-26;BUY;1001;15000;Nvidia Corp;self;Senate;capitol-exposed;2026-07-06 09:00:28.852393+00
64a5ef68-dd3c-42db-b069-fcb1b647f979;UNH;Val T. Hoyle;2025-04-29;2025-09-12;BUY;1001;15000;UnitedHealth Group Incorporated Common Stock;spouse;House;capitol-exposed;2026-07-06 09:00:28.852393+00
72db00fa-9cc7-409d-b4e1-93736d7ded3b;COP;Val T. Hoyle;2025-04-29;2025-09-12;BUY;1001;15000;ConocoPhillips Common Stock;spouse;House;capitol-exposed;2026-07-06 09:00:28.852393+00
2ca996ba-f4f6-4f3b-90dd-e007fecbbc65;GOOGL;Shelley Moore Capito;2025-04-29;2025-05-07;BUY;1001;15000;Alphabet Cl A;self;Senate;capitol-exposed;2026-07-06 09:00:28.852393+00
b56aaf5d-4c24-4058-8da0-fe3534be8f84;UPS;Gilbert Ray Cisneros, Jr.;2025-04-29;2025-05-06;SELL;1001;15000;Main Street Trust > Wells Fargo Advisors United Parcel Service, Inc. Common Stock;self;House;capitol-exposed;2026-07-06 09:00:28.852393+00
7c7b3a3e-60b7-4b2c-9427-c71ccc35488d;AMZN;Gilbert Ray Cisneros, Jr.;2025-04-29;2025-05-06;SELL;1001;15000;Main Street Trust > Bank of America Amazon.com, Inc. - Common Stock;self;House;capitol-exposed;2026-07-06 09:00:28.852393+00
4a2f178f-404e-487d-aa64-658230cf186f;UNH;Gilbert Ray Cisneros, Jr.;2025-04-29;2025-05-06;SELL;1001;15000;Main Street Trust > Bank of America UnitedHealth Group Incorporated Common Stock;self;House;capitol-exposed;2026-07-06 09:00:28.852393+00
3a6e2840-158b-4c1b-a705-a70961cf6aad;MSFT;Gilbert Ray Cisneros, Jr.;2025-04-29;2025-05-06;BUY;15001;50000;Main Street Trust > Bank of America Microsoft Corporation - Common Stock;self;House;capitol-exposed;2026-07-06 09:00:28.852393+00
6aa7e784-3cb3-4b90-a239-429cf106d2cd;PFE;Gilbert Ray Cisneros, Jr.;2025-04-29;2025-05-06;BUY;1001;15000;Main Street Trust > Bank of America Pfizer, Inc. Common Stock;self;House;capitol-exposed;2026-07-06 09:00:28.852393+00
d12e3b24-0e9e-4f29-908d-74f3b26ffdc6;JNJ;Gilbert Ray Cisneros, Jr.;2025-04-29;2025-05-06;SELL;1001;15000;Main Street Trust > Bank of America Johnson & Johnson Common Stock;self;House;capitol-exposed;2026-07-06 09:00:28.852393+00
cd024e05-f968-4acf-8fe6-b00457c55f9a;MRK;Gilbert Ray Cisneros, Jr.;2025-04-29;2025-05-06;BUY;1001;15000;Main Street Trust > Bank of America Merck & Company, Inc. Common Stock;self;House;capitol-exposed;2026-07-06 09:00:28.852393+00
5abf4247-ce43-4e53-bcd1-299c863f987b;LMT;Gilbert Ray Cisneros, Jr.;2025-04-29;2025-05-06;BUY;1001;15000;Main Street Trust > Bank of America Lockheed Martin Corporation Common Stock;self;House;capitol-exposed;2026-07-06 09:00:28.852393+00
aeddddc5-c152-4a98-85c8-833b2e17bd5e;ABBV;Julia Letlow;2025-04-28;2026-01-13;BUY;1001;15000;Cap. Gains > $200? AbbVie Inc. Common Stock;self;House;capitol-exposed;2026-07-06 09:00:28.852393+00
af3cfa65-7f9d-4c31-ab10-64d8d4495990;AMZN;Thomas H. Kean, Jr.;2025-04-24;2025-05-15;BUY;1001;15000;Amazon.com, Inc. - Common Stock (AMZN);self;House;capitol-exposed;2026-07-06 09:00:28.852393+00
3ed79377-b855-4315-b2da-4f628c9f5d91;TMUS;Jonathan L. Jackson;2025-04-23;2025-08-25;BUY;1001;15000;T-Mobile US, Inc.;spouse;House;capitol-exposed;2026-07-06 09:00:28.852393+00
f8a0d3c6-3246-48ea-a11f-a3e8e8202191;AMZN;Jonathan L. Jackson;2025-04-23;2025-08-25;BUY;1001;15000;Amazon.com, Inc. - Common Stock;spouse;House;capitol-exposed;2026-07-06 09:00:28.852393+00
6ac90f9f-5e12-4bf7-a7c1-fd8524862bad;META;Jonathan L. Jackson;2025-04-23;2025-08-25;BUY;1001;15000;Meta Platforms, Inc. - Class A Common Stock;spouse;House;capitol-exposed;2026-07-06 09:00:28.852393+00
9e0598ed-eb8e-4664-8a95-da81a17f6b92;LLY;Jonathan L. Jackson;2025-04-23;2025-08-25;BUY;1001;15000;Eli Lilly and Company Common Stock;spouse;House;capitol-exposed;2026-07-06 09:00:28.852393+00
849de058-f9d1-4d85-91b6-8a6c7b767156;RTX;Josh Gottheimer;2025-04-23;2025-05-14;BUY;1001;15000;RTX Corporation Common Stock;joint;House;capitol-exposed;2026-07-06 09:00:28.852393+00
32a851c4-9b09-4150-9468-64e5169d9868;UNH;Julia Letlow;2025-04-22;2026-01-13;BUY;1001;15000;UnitedHealth Group Incorporated Common Stock;self;House;capitol-exposed;2026-07-06 09:00:28.852393+00
7b451e6d-45f5-46dc-b9b3-24a6bbb01739;CRM;John Boozman;2025-04-22;2025-05-15;SELL;1001;15000;CRM;self;Senate;capitol-exposed;2026-07-06 09:00:28.852393+00
64fcb56f-f8c5-48be-b394-b9ea450d9d55;MSFT;John Boozman;2025-04-22;2025-05-15;BUY;1001;15000;MSFT;self;Senate;capitol-exposed;2026-07-06 09:00:28.852393+00
3e3e7478-76c5-4adc-b413-60d27c689d06;HD;Josh Gottheimer;2025-04-21;2025-05-14;BUY;1001;15000;Home Depot, Inc.;joint;House;capitol-exposed;2026-07-06 09:00:28.852393+00
61257586-aac1-4bde-9cdc-5938f084b509;LLY;Jonathan L. Jackson;2025-04-21;2025-05-13;BUY;15001;50000;Eli Lilly and Company Common Stock;joint;House;capitol-exposed;2026-07-06 09:00:28.852393+00
5a8a6dce-ed27-42b1-8957-7fae16be1170;GOOGL;Jonathan L. Jackson;2025-04-21;2025-05-13;SELL;15001;50000;Alphabet Inc. - Class A Common Stock;joint;House;capitol-exposed;2026-07-06 09:00:28.852393+00
f406d9e6-2375-4b71-a03d-1fee3f1051fe;GOOGL;Jonathan L. Jackson;2025-04-21;2025-05-13;SELL;0;0;Alphabet Inc. - Class A Common Stock (GOOGL);self;House;capitol-exposed;2026-07-06 09:00:28.852393+00
47532206-09d3-48e0-8380-1e9e06145fae;TSM;Bruce Westerman;2025-04-21;2025-05-12;SELL;1001;15000;Fisher IRA Taiwan Semiconductor Manufacturing Company Ltd.;self;House;capitol-exposed;2026-07-06 09:00:28.852393+00
c5b38bc8-9a61-4db4-a0e9-13b7f4d510ad;NOW;Bruce Westerman;2025-04-21;2025-05-12;SELL;1001;15000;Fisher IRA ServiceNow, Inc. Common Stock;self;House;capitol-exposed;2026-07-06 09:00:28.852393+00
1c36b8bb-059f-4546-9917-41bca0c34d4d;WMT;Bruce Westerman;2025-04-21;2025-05-12;SELL;1001;15000;Fisher IRA Walmart Inc. Common Stock;self;House;capitol-exposed;2026-07-06 09:00:28.852393+00
e4fb9272-4560-4216-b5d4-e54b70db72b6;RTX;Bruce Westerman;2025-04-21;2025-05-12;SELL;1001;15000;Fisher IRA RTX Corporation Common Stock;self;House;capitol-exposed;2026-07-06 09:00:28.852393+00
1e461b32-2ed6-4d5f-a43a-8857c2bbaf46;PEP;Bruce Westerman;2025-04-21;2025-05-12;SELL;1001;15000;Fisher IRA Pepsico, Inc.;self;House;capitol-exposed;2026-07-06 09:00:28.852393+00
cbe7280f-10d1-4ab8-a49d-47d5a8b04190;NVDA;Bruce Westerman;2025-04-21;2025-05-12;SELL;15001;50000;Fisher IRA NVIDIA Corporation - Common Stock;self;House;capitol-exposed;2026-07-06 09:00:28.852393+00
745a8b9a-d97d-448e-b7b7-bcb0ab23ab30;BA;Bruce Westerman;2025-04-21;2025-05-12;SELL;1001;15000;Fisher IRA Boeing Company;self;House;capitol-exposed;2026-07-06 09:00:28.852393+00
2cba7160-74b1-4c67-ab22-79281dc613f2;AMZN;Bruce Westerman;2025-04-21;2025-05-12;SELL;1001;15000;Fisher IRA Amazon.com, Inc. - Common Stock;self;House;capitol-exposed;2026-07-06 09:00:28.852393+00
f1fdbad6-8fa7-4fa9-b926-f498ee26fcec;AVGO;Bruce Westerman;2025-04-21;2025-05-12;SELL;1001;15000;Fisher IRA Broadcom Inc. - Common Stock;self;House;capitol-exposed;2026-07-06 09:00:28.852393+00
ca1cb589-f90d-41ac-a1d2-0159eab5fc9b;CAT;Bruce Westerman;2025-04-21;2025-05-12;SELL;1001;15000;Fisher IRA Caterpillar, Inc. Common Stock;self;House;capitol-exposed;2026-07-06 09:00:28.852393+00
6294b37a-8024-4a5a-b78b-b63c1df2fc5d;GS;Bruce Westerman;2025-04-21;2025-05-12;SELL;1001;15000;Fisher IRA Goldman Sachs Group, Inc.;self;House;capitol-exposed;2026-07-06 09:00:28.852393+00
48fd149f-451e-49aa-8f7d-7d50561df01a;JNJ;Bruce Westerman;2025-04-21;2025-05-12;SELL;1001;15000;Fisher IRA Johnson & Johnson Common Stock;self;House;capitol-exposed;2026-07-06 09:00:28.852393+00
bcd055ff-7057-473d-a373-dd1bc64b7597;NFLX;Bruce Westerman;2025-04-21;2025-05-12;SELL;1001;15000;Fisher IRA Netflix, Inc. - Common Stock;self;House;capitol-exposed;2026-07-06 09:00:28.852393+00
4ec2579b-467a-49b9-beec-3c59e1824f8c;ORCL;Bruce Westerman;2025-04-21;2025-05-12;SELL;1001;15000;Fisher IRA Oracle Corporation Common Stock;self;House;capitol-exposed;2026-07-06 09:00:28.852393+00
13f372db-cf83-4f51-adc3-f2f50d381e53;PFE;Bruce Westerman;2025-04-21;2025-05-12;SELL;1001;15000;Fisher IRA Pfizer, Inc. Common Stock;self;House;capitol-exposed;2026-07-06 09:00:28.852393+00
bc8cfa6c-5180-49dc-9371-c43bc0a15a34;V;Bruce Westerman;2025-04-21;2025-05-12;SELL;1001;15000;Fisher IRA Visa Inc.;self;House;capitol-exposed;2026-07-06 09:00:28.852393+00
85782ac5-e1e9-4d49-8faf-1634598bc54f;PG;Bruce Westerman;2025-04-21;2025-05-12;SELL;1001;15000;Fisher IRA Procter & Gamble Company;self;House;capitol-exposed;2026-07-06 09:00:28.852393+00
d65bd4f4-f940-4290-a66c-c797f7ec2031;HD;Bruce Westerman;2025-04-21;2025-05-12;SELL;1001;15000;Fisher IRA Home Depot, Inc.;self;House;capitol-exposed;2026-07-06 09:00:28.852393+00
82e3bf31-debe-414f-a89a-113e6e034147;CRM;Bruce Westerman;2025-04-21;2025-05-12;SELL;1001;15000;Fisher IRA Salesforce, Inc. Common Stock;self;House;capitol-exposed;2026-07-06 09:00:28.852393+00
4aac9d17-ff5c-4920-b15e-86841bc24783;SBUX;Bruce Westerman;2025-04-21;2025-05-12;SELL;1001;15000;Cap. Gains > $200? FS: New SO: Fisher IRA Starbucks Corporation - Common Stock;self;House;capitol-exposed;2026-07-06 09:00:28.852393+00
42435350-2c0e-44d8-a040-f812017ea66d;UNH;Bruce Westerman;2025-04-21;2025-05-12;SELL;1001;15000;Fisher IRA UnitedHealth Group Incorporated Common Stock;self;House;capitol-exposed;2026-07-06 09:00:28.852393+00
4853098f-a864-452f-8659-ce7a95378e90;COP;Bruce Westerman;2025-04-21;2025-05-12;SELL;1001;15000;Fisher IRA ConocoPhillips Common Stock;self;House;capitol-exposed;2026-07-06 09:00:28.852393+00
33fb0ab7-f75e-4d03-ac67-de2234eefc1b;CVX;Bruce Westerman;2025-04-21;2025-05-12;SELL;1001;15000;Fisher IRA Chevron Corporation Common Stock;self;House;capitol-exposed;2026-07-06 09:00:28.852393+00
ef520095-cb1a-487c-aa0b-29b600f8063a;META;Bruce Westerman;2025-04-21;2025-05-12;SELL;1001;15000;Cap. Gains > $200? Meta Platforms, Inc. - Class A Common Stock;self;House;capitol-exposed;2026-07-06 09:00:28.852393+00
7fc4f753-9ee2-4ffe-90e6-a13e8f79cd42;ADBE;Bruce Westerman;2025-04-21;2025-05-12;SELL;1001;15000;Fisher IRA Adobe Inc. - Common Stock;self;House;capitol-exposed;2026-07-06 09:00:28.852393+00
01c35c5b-13a5-4d92-8363-dc022db70f48;MSFT;Bruce Westerman;2025-04-21;2025-05-12;SELL;15001;50000;Fisher IRA Microsoft Corporation - Common Stock;self;House;capitol-exposed;2026-07-06 09:00:28.852393+00
7dc6955b-d603-4199-831a-b40aad106f27;AAPL;Bruce Westerman;2025-04-21;2025-05-12;SELL;15001;50000;Fisher IRA Apple Inc. - Common Stock;self;House;capitol-exposed;2026-07-06 09:00:28.852393+00
752f602b-46b7-4872-9f20-355b4fd5e6c6;BAC;Bruce Westerman;2025-04-21;2025-05-12;SELL;1001;15000;Fisher IRA Bank of America Corporation Common Stock;self;House;capitol-exposed;2026-07-06 09:00:28.852393+00
ac146a4a-c172-4ea2-9615-71206b2eda68;COST;Bruce Westerman;2025-04-21;2025-05-12;SELL;1001;15000;Fisher IRA Costco Wholesale Corporation - Common Stock;self;House;capitol-exposed;2026-07-06 09:00:28.852393+00
7f390842-f679-40a0-8cb7-b199ed2c8189;GOOGL;Bruce Westerman;2025-04-21;2025-05-12;SELL;1001;15000;Fisher IRA Alphabet Inc. - Class A Common Stock;self;House;capitol-exposed;2026-07-06 09:00:28.852393+00
49d66029-4360-4564-9242-abe4d5d71a4e;JPM;Bruce Westerman;2025-04-21;2025-05-12;SELL;1001;15000;Fisher IRA JP Morgan Chase & Co. Common Stock;self;House;capitol-exposed;2026-07-06 09:00:28.852393+00
9ad96865-df7b-478c-afdf-3e1e5b6fc78f;MA;Bruce Westerman;2025-04-21;2025-05-12;SELL;1001;15000;Fisher IRA Mastercard Incorporated Common Stock;self;House;capitol-exposed;2026-07-06 09:00:28.852393+00
c26170fb-c0b4-43a8-91fd-525c99832fbd;MRK;Bruce Westerman;2025-04-21;2025-05-12;SELL;1001;15000;Fisher IRA Merck & Company, Inc. Common Stock;self;House;capitol-exposed;2026-07-06 09:00:28.852393+00
8e26da07-7c80-48bd-9b1e-c904de241ccc;LLY;Bruce Westerman;2025-04-21;2025-05-12;SELL;1001;15000;Fisher IRA Eli Lilly and Company Common Stock;self;House;capitol-exposed;2026-07-06 09:00:28.852393+00
515e6bd5-f256-4d90-bc1d-9bc86ff55f42;XOM;Bruce Westerman;2025-04-21;2025-05-12;SELL;1001;15000;Cap. Gains > $200? Exxon Mobil Corporation Common Stock;self;House;capitol-exposed;2026-07-06 09:00:28.852393+00
9a0ba960-d505-4c18-bd8b-b7109855f489;SBUX;Josh Gottheimer;2025-04-17;2025-05-14;SELL;1001;15000;Starbucks Corporation - Common Stock;joint;House;capitol-exposed;2026-07-06 09:00:28.852393+00
0cfae596-4921-4331-92f7-f0c2f7371935;CRM;Josh Gottheimer;2025-04-17;2025-05-14;SELL;1001;15000;Salesforce, Inc. Common Stock;joint;House;capitol-exposed;2026-07-06 09:00:28.852393+00
d71e4452-39ba-4a4a-b3ba-724799202def;ABBV;Josh Gottheimer;2025-04-17;2025-05-14;SELL;1001;15000;AbbVie Inc. Common Stock;joint;House;capitol-exposed;2026-07-06 09:00:28.852393+00
fece444c-8a9f-4fa3-a05c-fc86d1bbea99;NFLX;Robert P. Bresnahan, Jr.;2025-04-17;2025-05-12;SELL;1001;15000;Netflix, Inc. - Common Stock;self;House;capitol-exposed;2026-07-06 09:00:28.852393+00
bfbaf50c-4d6a-4efa-a53e-f192d9e0a374;META;Robert P. Bresnahan, Jr.;2025-04-17;2025-05-11;SELL;1001;15000;JP Morgan Brokerage Account #2 Meta Platforms, Inc. - Class A Common Stock;self;House;capitol-exposed;2026-07-06 09:00:28.852393+00
cdeefa07-d610-4683-baca-44b3db39465f;ABBV;Jefferson Shreve;2025-04-17;2025-05-08;SELL;0;0;AbbVie Inc. Common Stock (ABBV);self;House;capitol-exposed;2026-07-06 09:00:28.852393+00
291d2703-5437-4f2a-977c-02ced1b52d85;UPS;Jefferson Shreve;2025-04-17;2025-05-08;SELL;15001;50000;Portfolio Rebalance United Parcel Service, Inc. Common Stock;self;House;capitol-exposed;2026-07-06 09:00:28.852393+00
ffabf358-de8d-414a-90d2-4a566cdf516f;ABBV;Jefferson Shreve;2025-04-17;2025-05-08;SELL;50001;100000;AbbVie Inc. Common Stock;self;House;capitol-exposed;2026-07-06 09:00:28.852393+00
66322d74-bed7-4428-947b-91622250cde0;META;Jefferson Shreve;2025-04-17;2025-05-08;SELL;15001;50000;Portfolio Rebalance Meta Platforms, Inc. - Class A Common Stock;self;House;capitol-exposed;2026-07-06 09:00:28.852393+00
c17933d6-ca53-449c-a3b5-3ee8d29b2727;MRK;Jefferson Shreve;2025-04-17;2025-05-08;SELL;15001;50000;Portfolio Rebalance Merck & Company, Inc. Common Stock;self;House;capitol-exposed;2026-07-06 09:00:28.852393+00
0e961c62-572e-47c5-9185-dfb10203ee51;AVGO;Jefferson Shreve;2025-04-17;2025-05-08;SELL;100001;250000;Portfolio Rebalance Broadcom Inc. - Common Stock;self;House;capitol-exposed;2026-07-06 09:00:28.852393+00
6e7b3d92-7137-435d-b825-788969a4507c;CAT;Jefferson Shreve;2025-04-17;2025-05-08;BUY;15001;50000;Portfolio Rebalance Caterpillar, Inc. Common Stock;self;House;capitol-exposed;2026-07-06 09:00:28.852393+00
62ad1ad9-e898-4110-9394-3e0255176c5f;PLTR;John W. Hickenlooper;2025-04-16;2026-05-05;SELL;1001;15000;Palantir Technologies Inc. - Class A Common Stock;self;Senate;capitol-exposed;2026-07-06 09:00:28.852393+00
3e80cc5a-bfa1-4b1a-b297-8be87090ab59;ORCL;John Boozman;2025-04-16;2025-05-15;BUY;1001;15000;ORCL;self;Senate;capitol-exposed;2026-07-06 09:00:28.852393+00
fc885a15-8fc4-4127-b27a-89d4c9188a43;UNH;John Boozman;2025-04-16;2025-05-15;BUY;1001;15000;UNH;self;Senate;capitol-exposed;2026-07-06 09:00:28.852393+00
8993a353-8e23-406c-8835-9858f15b41de;MSFT;John Boozman;2025-04-16;2025-05-15;BUY;1001;15000;MSFT;self;Senate;capitol-exposed;2026-07-06 09:00:28.852393+00
93b70cf2-0d38-41e2-ab79-ad356b71b444;META;Jonathan L. Jackson;2025-04-16;2025-05-13;SELL;1001;15000;Meta Platforms, Inc. - Class A Common Stock;joint;House;capitol-exposed;2026-07-06 09:00:28.852393+00
56ed6471-bd78-4afe-a23a-bd58e37feb11;AMZN;Jonathan L. Jackson;2025-04-16;2025-05-13;SELL;15001;50000;Amazon.com, Inc. - Common Stock;joint;House;capitol-exposed;2026-07-06 09:00:28.852393+00
170cb617-3623-438d-9fa8-128a35cd1169;NFLX;Jonathan L. Jackson;2025-04-16;2025-05-13;BUY;50001;100000;Netflix, Inc. - Common Stock;joint;House;capitol-exposed;2026-07-06 09:00:28.852393+00
7f666b12-3037-4793-8a17-cee9439be23c;META;Robert P. Bresnahan, Jr.;2025-04-16;2025-05-11;SELL;1001;15000;JP Morgan Brokerage Account #2 Meta Platforms, Inc. - Class A Common Stock;self;House;capitol-exposed;2026-07-06 09:00:28.852393+00
fef855f7-a179-4190-9e73-a138ea57e903;NVDA;Jared Moskowitz;2025-04-16;2025-05-09;BUY;1001;15000;NVIDIA Corporation - Common Stock;child;House;capitol-exposed;2026-07-06 09:00:28.852393+00
a9cd7dbc-990b-4cb1-bd9a-bdbe9405e7bb;UNH;Val T. Hoyle;2025-04-15;2025-09-12;BUY;1001;15000;UnitedHealth Group Incorporated Common Stock;spouse;House;capitol-exposed;2026-07-06 09:00:28.852393+00
19c1d1ae-cc6c-4d80-9a68-a0334bc458a1;NOW;Val T. Hoyle;2025-04-15;2025-09-12;BUY;1001;15000;ServiceNow, Inc. Common Stock;spouse;House;capitol-exposed;2026-07-06 09:00:28.852393+00
4b1b37f9-6a29-4d67-bdc4-2ab956a985e7;ORCL;Val T. Hoyle;2025-04-15;2025-09-12;SELL;1001;15000;Oracle Corporation Common Stock;spouse;House;capitol-exposed;2026-07-06 09:00:28.852393+00
828a628a-2684-4894-b695-c7ecae6d5f98;JPM;Val T. Hoyle;2025-04-15;2025-09-12;SELL;1001;15000;JP Morgan Chase & Co. Common Stock;spouse;House;capitol-exposed;2026-07-06 09:00:28.852393+00
9d809471-80f4-4008-8268-f795f0dcb617;GOOGL;Val T. Hoyle;2025-04-15;2025-09-12;SELL;1001;15000;Alphabet Inc. - Class A Common Stock;spouse;House;capitol-exposed;2026-07-06 09:00:28.852393+00
d40d93e2-250e-4166-86b9-6fca48ba736c;MA;Tommy Tuberville;2025-04-15;2025-05-16;SELL;15001;50000;MA;self;Senate;capitol-exposed;2026-07-06 09:00:28.852393+00
11d95464-9e21-4213-8eca-2d1ce676dc04;PYPL;Tommy Tuberville;2025-04-15;2025-05-16;SELL;15001;50000;PYPL;self;Senate;capitol-exposed;2026-07-06 09:00:28.852393+00
d499f8ce-9065-4b0c-9e4d-5cab319f20dc;MSFT;Tommy Tuberville;2025-04-15;2025-05-16;SELL;15001;50000;MSFT;self;Senate;capitol-exposed;2026-07-06 09:00:28.852393+00
6dd8a46a-b992-48e4-97fe-279eeb0d11ce;JPM;Tommy Tuberville;2025-04-15;2025-05-16;SELL;15001;50000;JPM;self;Senate;capitol-exposed;2026-07-06 09:00:28.852393+00
165c5a75-5111-4546-8835-705ce37e60eb;GOOGL;Tommy Tuberville;2025-04-15;2025-05-16;SELL;15001;50000;GOOGL;self;Senate;capitol-exposed;2026-07-06 09:00:28.852393+00
65625e78-caed-4754-83b7-55c1bc7f6d6b;LLY;Tommy Tuberville;2025-04-15;2025-05-16;SELL;15001;50000;LLY;self;Senate;capitol-exposed;2026-07-06 09:00:28.852393+00
6c146f4d-8157-46ab-b2ce-87d0407889d2;AAPL;Tommy Tuberville;2025-04-15;2025-05-16;SELL;15001;50000;AAPL;self;Senate;capitol-exposed;2026-07-06 09:00:28.852393+00
89583c81-930d-461c-80e2-5e53de4316a6;BAC;John Boozman;2025-04-15;2025-05-15;SELL;1001;15000;BAC;self;Senate;capitol-exposed;2026-07-06 09:00:28.852393+00
6b6959f2-0164-41e2-8497-b6ae1759e0b6;META;John Boozman;2025-04-15;2025-05-15;BUY;1001;15000;META;self;Senate;capitol-exposed;2026-07-06 09:00:28.852393+00
49d8bfe8-40ad-47f8-880f-9e2209ea9f9e;UPS;Julie Johnson;2025-04-15;2025-05-14;SELL;1001;15000;United Parcel Service, Inc. Common Stock;joint;House;capitol-exposed;2026-07-06 09:00:28.852393+00
c22282b2-a2f5-43a3-af81-7840f8017f54;JPM;Katie Boyd Britt;2025-04-14;2026-01-26;BUY;1001;15000;JP Morgan Chase & Company;self;Senate;capitol-exposed;2026-07-06 09:00:28.852393+00
f8d162a2-5bfd-4843-b4d0-7757e6b21ba7;AAPL;Katie Boyd Britt;2025-04-14;2026-01-26;BUY;1001;15000;AAPL;self;Senate;capitol-exposed;2026-07-06 09:00:28.852393+00
4ff6b49d-bc38-443c-b74b-e6bbce816230;V;Katie Boyd Britt;2025-04-14;2026-01-26;BUY;1001;15000;V;self;Senate;capitol-exposed;2026-07-06 09:00:28.852393+00
988e9f40-81fc-4677-a1c8-0efddd28b4b2;GOOG;Katie Boyd Britt;2025-04-14;2026-01-26;BUY;1001;15000;Alphabet Cl C;self;Senate;capitol-exposed;2026-07-06 09:00:28.852393+00
a3b41a18-ebde-4e49-bba0-66f68bf5ec70;NVDA;Katie Boyd Britt;2025-04-14;2026-01-26;BUY;1001;15000;Nvidia Corp;self;Senate;capitol-exposed;2026-07-06 09:00:28.852393+00
6c63de13-6c55-41a1-8e79-3c616f907468;AMZN;Katie Boyd Britt;2025-04-14;2026-01-26;BUY;1001;15000;Amazon.com Inc;self;Senate;capitol-exposed;2026-07-06 09:00:28.852393+00
875de1d2-4f8e-4d81-81c8-3b4d9cf2efb8;MSFT;Katie Boyd Britt;2025-04-14;2026-01-26;BUY;1001;15000;Microsoft Corp;self;Senate;capitol-exposed;2026-07-06 09:00:28.852393+00
e7451cef-2d9d-4650-91ec-b6512439e136;XOM;Katie Boyd Britt;2025-04-14;2026-01-26;BUY;1001;15000;Exxon Mobil Corp;self;Senate;capitol-exposed;2026-07-06 09:00:28.852393+00
c69d30ce-903a-48bb-8aea-9872fbfc3dbc;UNH;Katie Boyd Britt;2025-04-14;2026-01-26;BUY;1001;15000;Unitedhealth Group Inc;self;Senate;capitol-exposed;2026-07-06 09:00:28.852393+00
0b21e4cf-f89f-4c97-98d8-f35ac7525082;WMT;Katie Boyd Britt;2025-04-14;2026-01-26;BUY;1001;15000;Walmart Inc;self;Senate;capitol-exposed;2026-07-06 09:00:28.852393+00
ecf2cd67-5596-462e-b963-01761f5ebc5d;SBUX;Sheldon Whitehouse;2025-04-14;2025-05-13;SELL;15001;50000;Starbucks Corp;self;Senate;capitol-exposed;2026-07-06 09:00:28.852393+00
b38ee106-4ccf-4083-95f3-19976382c020;AAPL;Sheldon Whitehouse;2025-04-14;2025-05-13;SELL;15001;50000;AAPL;self;Senate;capitol-exposed;2026-07-06 09:00:28.852393+00
c88f01c5-e027-47c0-844d-d701304fa81c;NVDA;Sheldon Whitehouse;2025-04-14;2025-05-13;SELL;15001;50000;Nvidia Corp;self;Senate;capitol-exposed;2026-07-06 09:00:28.852393+00
f8488c64-f6a2-414d-9f8d-c653931cc838;SBUX;Dan Newhouse;2025-04-11;2025-05-16;SELL;1001;15000;Starbucks Corporation - Common Stock;spouse;House;capitol-exposed;2026-07-06 09:00:28.852393+00
ed0422c4-a32c-4ee5-a952-c0bcbecf1bcc;NOW;Dan Newhouse;2025-04-11;2025-05-16;SELL;1001;15000;ServiceNow, Inc. Common Stock;spouse;House;capitol-exposed;2026-07-06 09:00:28.852393+00
ed63fb3e-c2e0-46b8-8cf1-8b33107d3e32;NFLX;Dan Newhouse;2025-04-11;2025-05-16;SELL;1001;15000;Netflix, Inc. - Common Stock;spouse;House;capitol-exposed;2026-07-06 09:00:28.852393+00
4e7c9485-9444-4d18-bcaa-ffa604058cba;AVGO;Dan Newhouse;2025-04-11;2025-05-16;SELL;1001;15000;Broadcom Inc. - Common Stock;spouse;House;capitol-exposed;2026-07-06 09:00:28.852393+00
2c8bfea5-b52e-4c89-a9ae-e70e1f4be935;ADBE;Dan Newhouse;2025-04-11;2025-05-16;SELL;1001;15000;Adobe Inc. - Common Stock;spouse;House;capitol-exposed;2026-07-06 09:00:28.852393+00
67b58cbe-1990-46c9-a933-b3f0d56c6e13;VZ;Dan Newhouse;2025-04-11;2025-05-16;SELL;1001;15000;Verizon Communications Inc. Common Stock;spouse;House;capitol-exposed;2026-07-06 09:00:28.852393+00
0eceba5b-f3b8-49c1-be32-7f8242801b11;RTX;Dan Newhouse;2025-04-11;2025-05-16;SELL;1001;15000;RTX Corporation Common Stock;spouse;House;capitol-exposed;2026-07-06 09:00:28.852393+00
c8a12614-6637-43cc-8894-4aa294b2b0f1;LLY;Dan Newhouse;2025-04-11;2025-05-16;SELL;1001;15000;Eli Lilly and Company Common Stock;spouse;House;capitol-exposed;2026-07-06 09:00:28.852393+00
5a3cf912-247b-4da4-b809-daca6b72845b;UNH;Dan Newhouse;2025-04-11;2025-05-16;SELL;1001;15000;UnitedHealth Group Incorporated Common Stock;spouse;House;capitol-exposed;2026-07-06 09:00:28.852393+00
cb5b60b4-8ca7-4ef1-9fc9-753cef792610;TSLA;Dan Newhouse;2025-04-11;2025-05-16;SELL;1001;15000;Tesla, Inc. - Common Stock;spouse;House;capitol-exposed;2026-07-06 09:00:28.852393+00
afa1d177-5c21-46f7-83df-66e0cdc16b2d;MSFT;Dan Newhouse;2025-04-11;2025-05-16;SELL;1001;15000;Microsoft Corporation - Common Stock;spouse;House;capitol-exposed;2026-07-06 09:00:28.852393+00
449d1eeb-0ebe-442d-a465-a3e5b53109ac;V;Dan Newhouse;2025-04-11;2025-05-16;SELL;1001;15000;Visa Inc.;spouse;House;capitol-exposed;2026-07-06 09:00:28.852393+00
2a7759f3-16b7-422d-adef-d0bdce42e1cd;CRM;Dan Newhouse;2025-04-11;2025-05-16;SELL;1001;15000;Salesforce, Inc. Common Stock;spouse;House;capitol-exposed;2026-07-06 09:00:28.852393+00
5b4a594f-c4b0-4e81-96a7-1d3ef78e582a;GOOGL;Dan Newhouse;2025-04-11;2025-05-16;SELL;1001;15000;Alphabet Inc. - Class A Common Stock;spouse;House;capitol-exposed;2026-07-06 09:00:28.852393+00
94da89ec-3194-49fc-83ab-579fd04e1103;AMZN;Dan Newhouse;2025-04-11;2025-05-16;SELL;1001;15000;Amazon.com, Inc. - Common Stock;spouse;House;capitol-exposed;2026-07-06 09:00:28.852393+00
727528da-ef0d-4700-9778-d3ea3fdc6124;PYPL;Dan Newhouse;2025-04-11;2025-05-16;SELL;1001;15000;PayPal Holdings, Inc. - Common Stock;spouse;House;capitol-exposed;2026-07-06 09:00:28.852393+00
d8f9b391-205c-4064-a14a-e82ce520ac3b;NVDA;Dan Newhouse;2025-04-11;2025-05-16;SELL;1001;15000;NVIDIA Corporation - Common Stock;spouse;House;capitol-exposed;2026-07-06 09:00:28.852393+00
565a4691-a773-4ac8-877d-fd3f89cce4ad;PEP;Dan Newhouse;2025-04-11;2025-05-16;SELL;1001;15000;Pepsico, Inc.;spouse;House;capitol-exposed;2026-07-06 09:00:28.852393+00
f9c848c4-0966-436a-806e-af5c081370dc;AAPL;Dan Newhouse;2025-04-11;2025-05-16;SELL;1001;15000;Apple Inc. - Common Stock;spouse;House;capitol-exposed;2026-07-06 09:00:28.852393+00
601f0ead-861b-4bbb-bed1-88bbb89423e5;T;Dan Newhouse;2025-04-11;2025-05-16;SELL;1001;15000;AT&T Inc.;spouse;House;capitol-exposed;2026-07-06 09:00:28.852393+00
21f2da90-d638-4d3b-8438-5e0362b24aa0;HON;Dan Newhouse;2025-04-11;2025-05-16;SELL;1001;15000;Honeywell International Inc.;spouse;House;capitol-exposed;2026-07-06 09:00:28.852393+00
d174fe59-7a6e-493a-9548-97f5301dddaf;UPS;Julie Johnson;2025-04-11;2025-05-14;SELL;1001;15000;United Parcel Service, Inc. Common Stock;joint;House;capitol-exposed;2026-07-06 09:00:28.852393+00
77852ae0-008f-477a-9272-d1df19088cbd;MMM;Julie Johnson;2025-04-11;2025-05-14;BUY;1001;15000;3M Company Common Stock;joint;House;capitol-exposed;2026-07-06 09:00:28.852393+00
cf1f2ea0-c90a-4e2c-ae80-75367e515bdf;AVGO;Kelly Morrison;2025-04-11;2025-05-13;BUY;15001;50000;Trust 4 Broadcom Inc. - Common Stock;self;House;capitol-exposed;2026-07-06 09:00:28.852393+00
74ff171f-a48b-439e-a317-19ac6f6ae821;SBUX;Sheldon Whitehouse;2025-04-11;2025-05-13;SELL;1001;15000;SBUX;self;Senate;capitol-exposed;2026-07-06 09:00:28.852393+00
c7bcb386-d654-4c2a-8f84-b2fb5c14d61e;META;Kelly Morrison;2025-04-11;2025-05-13;BUY;1001;15000;Trust 2 Meta Platforms, Inc. - Class A Common Stock;self;House;capitol-exposed;2026-07-06 09:00:28.852393+00
ee2ac2da-57c0-4743-9c90-641f53aef092;AVGO;Kelly Morrison;2025-04-11;2025-05-13;BUY;1001;15000;Trust 2 Broadcom Inc. - Common Stock;self;House;capitol-exposed;2026-07-06 09:00:28.852393+00
6ee9b727-0b13-4ce1-ad58-a9a3e94a4ca2;META;Kelly Morrison;2025-04-11;2025-05-13;BUY;15001;50000;Interest Meta Platforms, Inc. - Class A Common Stock;self;House;capitol-exposed;2026-07-06 09:00:28.852393+00
5acd485b-a6f6-4dc8-9bcc-e0ecb104885e;GOOG;Robert P. Bresnahan, Jr.;2025-04-11;2025-05-11;BUY;1001;15000;Alphabet Inc. - Class C Capital Stock;self;House;capitol-exposed;2026-07-06 09:00:28.852393+00
696dc629-f32d-4563-8814-7ec956c7cb41;NVDA;Robert P. Bresnahan, Jr.;2025-04-11;2025-05-11;BUY;1001;15000;JP Morgan Brokerage Account #2 NVIDIA Corporation - Common Stock;self;House;capitol-exposed;2026-07-06 09:00:28.852393+00
e1c3664b-1dbe-42ac-a500-27a6a4af5285;PFE;Jefferson Shreve;2025-04-11;2025-05-08;SELL;15001;50000;Portfolio Rebalance Pfizer, Inc. Common Stock;self;House;capitol-exposed;2026-07-06 09:00:28.852393+00
06ca7adf-d55e-4d84-90c1-3c89a5114fd6;NFLX;Jefferson Shreve;2025-04-11;2025-05-08;BUY;15001;50000;Cap. Gains > $200? SO: CRT - Standard Unit Trust D: Portfolio Rebalance Netflix, Inc. - Common Stock;self;House;capitol-exposed;2026-07-06 09:00:28.852393+00
8bcf893f-6859-4f16-96f6-2ef51c80bdd4;COP;Jefferson Shreve;2025-04-11;2025-05-08;BUY;15001;50000;Portfolio Rebalance ConocoPhillips Common Stock;self;House;capitol-exposed;2026-07-06 09:00:28.852393+00
b6944d4c-e3cd-4da0-a521-857d4e9bfea3;WMT;Jefferson Shreve;2025-04-11;2025-05-08;BUY;15001;50000;Portfolio Rebalance Walmart Inc. Common Stock;self;House;capitol-exposed;2026-07-06 09:00:28.852393+00
154009ac-c7d9-4933-8637-b87106d25734;LMT;Jefferson Shreve;2025-04-11;2025-05-08;BUY;15001;50000;Cap. Gains > $200? SO: CRT - Standard Unit Trust D: Portfolio Rebalance Lockheed Martin Corporation Common Stock;self;House;capitol-exposed;2026-07-06 09:00:28.852393+00
24193fbf-b17f-493a-934c-6f9f4a9674d1;MCD;Jefferson Shreve;2025-04-11;2025-05-08;BUY;15001;50000;Cap. Gains > $200? McDonald's Corporation Common Stock;self;House;capitol-exposed;2026-07-06 09:00:28.852393+00
8168b48e-2130-4473-8758-0aa80e88dd2b;TGT;Shelley Moore Capito;2025-04-11;2025-05-07;SELL;1001;15000;TGT;self;Senate;capitol-exposed;2026-07-06 09:00:28.852393+00
b9af04e7-4562-4ff3-a23a-437ec7f9763d;V;Byron Donalds;2025-04-10;2025-05-24;BUY;1001;15000;Moran Wealth IRA Visa Inc.;self;House;capitol-exposed;2026-07-06 09:00:28.852393+00
2d5d7d1e-6f7b-4db8-a674-1be397810749;UNH;John J. McGuire III;2025-04-10;2025-05-16;BUY;1001;15000;UnitedHealth Group Incorporated Common Stock (UNH);self;House;capitol-exposed;2026-07-06 09:00:28.852393+00
24c14773-357b-4105-8441-4a8b4207bff3;MSFT;Jonathan L. Jackson;2025-04-10;2025-05-13;SELL;50001;100000;Microsoft Corporation - Common Stock;joint;House;capitol-exposed;2026-07-06 09:00:28.852393+00
649d157e-4443-4a12-a5b2-c93a910ca601;AAPL;Terri A. Sewell;2025-04-10;2025-05-12;BUY;1001;15000;Apple Inc. - Common Stock;self;House;capitol-exposed;2026-07-06 09:00:28.852393+00
aa310099-0523-4352-907b-d7562e5a6e91;NVDA;Terri A. Sewell;2025-04-10;2025-05-12;BUY;1001;15000;NVIDIA Corporation - Common Stock;self;House;capitol-exposed;2026-07-06 09:00:28.852393+00
672ddce7-8d50-4c73-942a-c0ea5d841283;SBUX;Jared Moskowitz;2025-04-10;2025-05-09;SELL;1001;15000;Starbucks Corporation - Common Stock;child;House;capitol-exposed;2026-07-06 09:00:28.852393+00
feeb4763-0541-4e6c-9901-ce7b167e998d;GS;Jared Moskowitz;2025-04-10;2025-05-09;SELL;1001;15000;Goldman Sachs Group, Inc.;child;House;capitol-exposed;2026-07-06 09:00:28.852393+00
64420688-ec9f-4970-b013-d0e2dc5d7bd1;GS;Jared Moskowitz;2025-04-10;2025-05-09;SELL;15001;50000;Morgan Stanley Active Assets (6) Goldman Sachs Group, Inc.;self;House;capitol-exposed;2026-07-06 09:00:28.852393+00
b9be56a9-3fba-428e-8240-82c8a74c9240;NKE;Shelley Moore Capito;2025-04-10;2025-05-07;SELL;1001;15000;NKE;self;Senate;capitol-exposed;2026-07-06 09:00:28.852393+00
18335ffc-3f4a-45d7-bff1-a8a3b0af6231;MA;Josh Gottheimer;2025-04-09;2025-05-14;SELL;1001;15000;Mastercard Incorporated Common Stock;joint;House;capitol-exposed;2026-07-06 09:00:28.852393+00
f7196ad3-a0c7-4895-b2c9-042b0d14f353;NVDA;Josh Gottheimer;2025-04-09;2025-05-14;SELL;1001;15000;NVIDIA Corporation - Common Stock;joint;House;capitol-exposed;2026-07-06 09:00:28.852393+00
dfeed291-f107-4fe2-8fed-8d32a5433fc7;LLY;Josh Gottheimer;2025-04-09;2025-05-14;SELL;1001;15000;Eli Lilly and Company Common Stock;joint;House;capitol-exposed;2026-07-06 09:00:28.852393+00
5994353c-966b-4bd2-81ba-9d42be8b4b11;NFLX;Josh Gottheimer;2025-04-09;2025-05-14;SELL;1001;15000;Netflix, Inc. - Common Stock;joint;House;capitol-exposed;2026-07-06 09:00:28.852393+00
2fcf9fa7-f102-4110-80fb-0a2315739059;META;Josh Gottheimer;2025-04-09;2025-05-14;SELL;1001;15000;Meta Platforms, Inc. - Class A Common Stock;joint;House;capitol-exposed;2026-07-06 09:00:28.852393+00
db483a38-8818-400e-860a-ac1d16735734;NOC;Josh Gottheimer;2025-04-09;2025-05-14;SELL;1001;15000;Northrop Grumman Corporation Common Stock;joint;House;capitol-exposed;2026-07-06 09:00:28.852393+00
ce9642cc-342a-441a-bbd4-6f78cdcc21b1;CVX;Josh Gottheimer;2025-04-09;2025-05-14;SELL;1001;15000;Chevron Corporation Common Stock;joint;House;capitol-exposed;2026-07-06 09:00:28.852393+00
bb7cd825-dab9-4865-8bd6-d9d7999148c3;JNJ;Josh Gottheimer;2025-04-09;2025-05-14;SELL;1001;15000;Johnson & Johnson Common Stock;joint;House;capitol-exposed;2026-07-06 09:00:28.852393+00
d237b4a8-7951-45d5-bfb3-a9281ad04c20;KO;Josh Gottheimer;2025-04-09;2025-05-14;SELL;1001;15000;Coca-Cola Company;joint;House;capitol-exposed;2026-07-06 09:00:28.852393+00
c1097959-1a0d-487f-bb3c-bbb590b0edc0;TSM;Josh Gottheimer;2025-04-09;2025-05-14;SELL;1001;15000;Taiwan Semiconductor Manufacturing Company Ltd.;joint;House;capitol-exposed;2026-07-06 09:00:28.852393+00
41a9e04f-4945-4bbe-9511-f3325216e706;SBUX;Josh Gottheimer;2025-04-09;2025-05-14;SELL;1001;15000;Starbucks Corporation - Common Stock;joint;House;capitol-exposed;2026-07-06 09:00:28.852393+00
744bc14b-158f-4990-95e5-109440dd1580;AAPL;Josh Gottheimer;2025-04-09;2025-05-14;SELL;1001;15000;Apple Inc. - Common Stock;joint;House;capitol-exposed;2026-07-06 09:00:28.852393+00
66e6393f-60ff-42aa-a5c7-e95f524940f4;GOOG;Josh Gottheimer;2025-04-09;2025-05-14;SELL;1001;15000;Alphabet Inc. - Class C Capital Stock;joint;House;capitol-exposed;2026-07-06 09:00:28.852393+00
8751f395-011e-46aa-b99c-4eb3b5aa2ba3;AVGO;John Boozman;2025-04-08;2025-05-15;BUY;1001;15000;AVGO;self;Senate;capitol-exposed;2026-07-06 09:00:28.852393+00
4ac657b6-8752-4c04-b995-a76e34d46a0d;JPM;John Boozman;2025-04-08;2025-05-15;SELL;1001;15000;JPM;self;Senate;capitol-exposed;2026-07-06 09:00:28.852393+00
2647f950-2a72-4fde-bbbd-d8f001106030;COP;Markwayne Mullin;2025-04-08;2025-05-13;SELL;15001;50000;COP;self;Senate;capitol-exposed;2026-07-06 09:00:28.852393+00
ed598bad-e356-4cd8-bba0-7cee2a0c8808;ADBE;Markwayne Mullin;2025-04-08;2025-05-13;SELL;15001;50000;ADBE;self;Senate;capitol-exposed;2026-07-06 09:00:28.852393+00
118f9941-476f-4760-b7ae-9be7cee2dfaf;CVX;Markwayne Mullin;2025-04-08;2025-05-13;SELL;15001;50000;CVX;self;Senate;capitol-exposed;2026-07-06 09:00:28.852393+00
0845e38c-0ccd-4e0b-9d38-397684affda6;BA;Bruce Westerman;2025-04-08;2025-05-12;BUY;1001;15000;Cap. Gains > $200? Boeing Company;self;House;capitol-exposed;2026-07-06 09:00:28.852393+00
4714ac4c-8b83-4532-99cb-d948926dca90;CAT;Bruce Westerman;2025-04-08;2025-05-12;BUY;1001;15000;Fisher IRA Caterpillar, Inc. Common Stock;self;House;capitol-exposed;2026-07-06 09:00:28.852393+00
08185180-6bcb-4b32-a61c-80c69223953e;MRK;Robert P. Bresnahan, Jr.;2025-04-08;2025-05-08;BUY;15001;50000;JP Morgan Brokerage Account Merck & Company, Inc. Common Stock;self;House;capitol-exposed;2026-07-06 09:00:28.852393+00
7f76ea58-0c1d-40ba-a229-8d57285eb78f;V;Robert P. Bresnahan, Jr.;2025-04-08;2025-05-08;BUY;15001;50000;JP Morgan Brokerage Account Visa Inc.;self;House;capitol-exposed;2026-07-06 09:00:28.852393+00
b943a2c9-64d9-423f-b63d-0eb4913aadba;ABBV;Robert P. Bresnahan, Jr.;2025-04-08;2025-05-08;SELL;1001;15000;AbbVie Inc. Common Stock;self;House;capitol-exposed;2026-07-06 09:00:28.852393+00
8805a973-ade2-4479-987a-dfc6cda74b9e;TSLA;Robert P. Bresnahan, Jr.;2025-04-08;2025-05-08;BUY;1001;15000;JP Morgan Brokerage Account Tesla, Inc. - Common Stock;self;House;capitol-exposed;2026-07-06 09:00:28.852393+00
41e19edf-ba46-4185-9d2b-9ffe27beb84d;COP;Robert P. Bresnahan, Jr.;2025-04-08;2025-05-08;SELL;1001;15000;JP Morgan Brokerage Account ConocoPhillips Common Stock;self;House;capitol-exposed;2026-07-06 09:00:28.852393+00
5498dfc2-8755-41f1-95ac-75eacf4b3113;PLTR;Robert P. Bresnahan, Jr.;2025-04-08;2025-05-08;BUY;1001;15000;JP Morgan Brokerage Account Palantir Technologies Inc. - Class A Common Stock;self;House;capitol-exposed;2026-07-06 09:00:28.852393+00
224f2498-6769-4397-ae4f-4c838952336b;AMZN;Robert P. Bresnahan, Jr.;2025-04-08;2025-05-08;BUY;1001;15000;JP Morgan Brokerage Account Amazon.com, Inc. - Common Stock;self;House;capitol-exposed;2026-07-06 09:00:28.852393+00
712c97d6-ff67-4708-899a-61b4e3c43721;MSFT;Robert P. Bresnahan, Jr.;2025-04-08;2025-05-08;BUY;15001;50000;JP Morgan Brokerage Account Microsoft Corporation - Common Stock;self;House;capitol-exposed;2026-07-06 09:00:28.852393+00
ba453d50-8201-41a9-affc-30773a5cece6;UNH;Robert P. Bresnahan, Jr.;2025-04-08;2025-05-08;BUY;15001;50000;JP Morgan Brokerage Account UnitedHealth Group Incorporated Common Stock;self;House;capitol-exposed;2026-07-06 09:00:28.852393+00
da9b68cf-12e8-44be-9a62-3e58c645d3e9;UPS;Robert P. Bresnahan, Jr.;2025-04-08;2025-05-08;BUY;1001;15000;JP Morgan Brokerage Account United Parcel Service, Inc. Common Stock;self;House;capitol-exposed;2026-07-06 09:00:28.852393+00
4c67c94c-10f6-4a33-85be-40766f2e551a;XOM;Robert P. Bresnahan, Jr.;2025-04-08;2025-05-08;BUY;1001;15000;JP Morgan Brokerage Account Exxon Mobil Corporation Common Stock;self;House;capitol-exposed;2026-07-06 09:00:28.852393+00
78cc7d4e-af68-4a23-b678-2428e6619d4d;DIS;Robert P. Bresnahan, Jr.;2025-04-08;2025-05-08;SELL;1001;15000;JP Morgan Brokerage Account Walt Disney Company;self;House;capitol-exposed;2026-07-06 09:00:28.852393+00
1c9398b0-f621-4f1b-9b02-72634ee5bb4c;NKE;Robert P. Bresnahan, Jr.;2025-04-08;2025-05-08;BUY;1001;15000;JP Morgan Brokerage Account Nike, Inc. Common Stock;self;House;capitol-exposed;2026-07-06 09:00:28.852393+00
ddfac12d-8329-4eaa-bb99-ecdfc4c549ad;BAC;Robert P. Bresnahan, Jr.;2025-04-08;2025-05-08;SELL;1001;15000;JP Morgan Brokerage Account Bank of America Corporation Common Stock;self;House;capitol-exposed;2026-07-06 09:00:28.852393+00
0d017640-1401-4ac9-9e93-7b24040162fa;NET;Robert P. Bresnahan, Jr.;2025-04-08;2025-05-08;SELL;1001;15000;Cap. Gains > $200? Cloudflare, Inc. Class A Common Stock;self;House;capitol-exposed;2026-07-06 09:00:28.852393+00
c1b87bd0-8836-4f68-b82f-4bae2ad09d13;CAT;Robert P. Bresnahan, Jr.;2025-04-08;2025-05-08;SELL;1001;15000;JP Morgan Brokerage Account Caterpillar, Inc. Common Stock;self;House;capitol-exposed;2026-07-06 09:00:28.852393+00
bf4beab5-1617-4e30-abcd-5eaa9b666da4;PEP;Robert P. Bresnahan, Jr.;2025-04-08;2025-05-08;BUY;15001;50000;JP Morgan Brokerage Account Pepsico, Inc.;self;House;capitol-exposed;2026-07-06 09:00:28.852393+00
ac46e9fa-4450-44b0-91a1-e72662837a22;CVX;Robert P. Bresnahan, Jr.;2025-04-08;2025-05-08;SELL;1001;15000;JP Morgan Brokerage Account Chevron Corporation Common Stock;self;House;capitol-exposed;2026-07-06 09:00:28.852393+00
96a6e957-d484-4eb8-a9d1-62a43e97f265;HON;Robert P. Bresnahan, Jr.;2025-04-08;2025-05-08;SELL;1001;15000;JP Morgan Brokerage Account Honeywell International Inc.;self;House;capitol-exposed;2026-07-06 09:00:28.852393+00
706c506d-69c6-4fa6-a220-f4709d4fcbda;ORCL;Robert P. Bresnahan, Jr.;2025-04-08;2025-05-08;SELL;1001;15000;JP Morgan Brokerage Account Oracle Corporation Common Stock;self;House;capitol-exposed;2026-07-06 09:00:28.852393+00
5e629dbd-7b88-4123-988c-2ca54d30ca6e;VZ;Robert P. Bresnahan, Jr.;2025-04-08;2025-05-08;BUY;15001;50000;JP Morgan Brokerage Account #4 Verizon Communications Inc. Common Stock;self;House;capitol-exposed;2026-07-06 09:00:28.852393+00
8c8423af-5194-43d8-b130-c40b2aca2bbb;ADBE;Robert P. Bresnahan, Jr.;2025-04-08;2025-05-08;BUY;15001;50000;JP Morgan Brokerage Account Adobe Inc. - Common Stock;self;House;capitol-exposed;2026-07-06 09:00:28.852393+00
b2cce292-a668-412a-a843-5c399b0e48c1;MSFT;Robert P. Bresnahan, Jr.;2025-04-08;2025-05-08;BUY;1001;15000;JP Morgan Brokerage Account Microsoft Corporation - Common Stock;self;House;capitol-exposed;2026-07-06 09:00:28.852393+00
19d888e4-95ab-4679-ad29-62557a4f70d6;PYPL;Robert P. Bresnahan, Jr.;2025-04-08;2025-05-08;BUY;1001;15000;JP Morgan Brokerage Account PayPal Holdings, Inc. - Common Stock;self;House;capitol-exposed;2026-07-06 09:00:28.852393+00
d1677808-d12b-4008-b0f6-fe4cfbaf939c;AAPL;Robert P. Bresnahan, Jr.;2025-04-08;2025-04-28;SELL;1001;15000;JP Morgan Brokerage Account Apple Inc. - Common Stock;self;House;capitol-exposed;2026-07-06 09:00:28.852393+00
c92663f6-5bf4-4a18-9fa5-c1765358a65c;GOOGL;Robert P. Bresnahan, Jr.;2025-04-08;2025-04-28;SELL;1001;15000;JP Morgan Brokerage Account Alphabet Inc. - Class A Common Stock;self;House;capitol-exposed;2026-07-06 09:00:28.852393+00
f8b5224f-4866-41d0-9482-6e2b6ecf0913;PG;Robert P. Bresnahan, Jr.;2025-04-08;2025-04-28;SELL;1001;15000;JP Morgan Brokerage Account Procter & Gamble Company;self;House;capitol-exposed;2026-07-06 09:00:28.852393+00
e9c1ab62-5501-405c-acb0-9062a44bd401;LLY;Robert P. Bresnahan, Jr.;2025-04-08;2025-04-28;SELL;1001;15000;ST] FS: New SO: JP Morgan Brokerage Account Eli Lilly and Company Common Stock;self;House;capitol-exposed;2026-07-06 09:00:28.852393+00
87b43896-d72f-4e39-8797-cd4a806aec68;TGT;Robert P. Bresnahan, Jr.;2025-04-08;2025-04-28;SELL;1001;15000;JP Morgan Brokerage Account Target Corporation Common Stock;self;House;capitol-exposed;2026-07-06 09:00:28.852393+00
bb5a462d-bee7-489a-b327-4fa0d46c2809;AMD;Robert P. Bresnahan, Jr.;2025-04-08;2025-04-28;SELL;15001;50000;JP Morgan Brokerage Account Advanced Micro Devices, Inc.;self;House;capitol-exposed;2026-07-06 09:00:28.852393+00
c36a4e2f-eda6-4a73-858a-d826705b73f1;PFE;Robert P. Bresnahan, Jr.;2025-04-08;2025-04-28;SELL;15001;50000;JP Morgan Brokerage Account Pfizer, Inc. Common Stock;self;House;capitol-exposed;2026-07-06 09:00:28.852393+00
54c24f6a-7e0e-46ba-8278-96bc0f19e022;MA;Robert P. Bresnahan, Jr.;2025-04-08;2025-04-28;SELL;1001;15000;JP Morgan Brokerage Account Mastercard Incorporated Common Stock;self;House;capitol-exposed;2026-07-06 09:00:28.852393+00
bb622267-9501-4540-ad67-9b59966c7104;BA;Robert P. Bresnahan, Jr.;2025-04-08;2025-04-28;SELL;1001;15000;JP Morgan Brokerage Account Boeing Company;self;House;capitol-exposed;2026-07-06 09:00:28.852393+00
616e6ded-634a-4801-a683-aff92680f010;GOOG;Robert P. Bresnahan, Jr.;2025-04-08;2025-04-28;SELL;1001;15000;JP Morgan Brokerage Account Alphabet Inc. - Class C Capital Stock;self;House;capitol-exposed;2026-07-06 09:00:28.852393+00
a3fc7752-ba15-470f-a237-cb048987cb21;JNJ;Robert P. Bresnahan, Jr.;2025-04-08;2025-04-28;SELL;1001;15000;JP Morgan Brokerage Account Johnson & Johnson Common Stock;self;House;capitol-exposed;2026-07-06 09:00:28.852393+00
3e6c54c0-af5a-45a3-ab0f-4e4669763333;QCOM;Robert P. Bresnahan, Jr.;2025-04-08;2025-04-28;SELL;1001;15000;JP Morgan Brokerage Account QUALCOMM Incorporated - Common Stock;self;House;capitol-exposed;2026-07-06 09:00:28.852393+00
2c9627f6-9490-4973-b8f0-cf47da98e8db;HD;Robert P. Bresnahan, Jr.;2025-04-08;2025-04-28;SELL;1001;15000;JP Morgan Brokerage Account Home Depot, Inc.;self;House;capitol-exposed;2026-07-06 09:00:28.852393+00
0b0382cf-133f-41d4-bc62-1b5dfe6f9b54;GS;Jonathan L. Jackson;2025-04-07;2025-08-25;SELL;1001;15000;Goldman Sachs Group, Inc.;spouse;House;capitol-exposed;2026-07-06 09:00:28.852393+00
47097f1c-3edf-4cbe-a33a-fde88d8df724;RTX;Julie Johnson;2025-04-07;2025-05-14;SELL;1001;15000;RTX Corporation Common Stock;joint;House;capitol-exposed;2026-07-06 09:00:28.852393+00
f41f1b57-5ac7-4837-889e-622bc6d89632;NFLX;Julie Johnson;2025-04-07;2025-05-14;SELL;15001;50000;Netflix, Inc. - Common Stock;joint;House;capitol-exposed;2026-07-06 09:00:28.852393+00
5565c75e-71c5-4806-befd-a388cfd381ae;XOM;Julie Johnson;2025-04-07;2025-05-14;SELL;1001;15000;Exxon Mobil Corporation Common Stock;joint;House;capitol-exposed;2026-07-06 09:00:28.852393+00
1ffefd08-1e8c-4000-88bd-a0835e5b327f;AAPL;Julie Johnson;2025-04-07;2025-05-14;SELL;1001;15000;Apple Inc. - Common Stock;joint;House;capitol-exposed;2026-07-06 09:00:28.852393+00
4e03b869-565c-425d-b6cd-8db2c1b98d2a;CRM;Julie Johnson;2025-04-07;2025-05-14;SELL;1001;15000;Salesforce, Inc. Common Stock;joint;House;capitol-exposed;2026-07-06 09:00:28.852393+00
c9024c54-76ed-4a0f-b7eb-0c1b1d6454f9;UNH;Julie Johnson;2025-04-07;2025-05-14;SELL;1001;15000;UnitedHealth Group Incorporated Common Stock;joint;House;capitol-exposed;2026-07-06 09:00:28.852393+00
44db7423-28a5-4c42-93e0-80bef385b38a;AMZN;Julie Johnson;2025-04-07;2025-05-14;SELL;15001;50000;Amazon.com, Inc. - Common Stock;joint;House;capitol-exposed;2026-07-06 09:00:28.852393+00
e1487a85-ff67-498e-869a-ebdae2a5af9d;LLY;Julie Johnson;2025-04-07;2025-05-14;SELL;1001;15000;Eli Lilly and Company Common Stock;joint;House;capitol-exposed;2026-07-06 09:00:28.852393+00
4018c2f4-b0ef-4c2f-a971-b43d2aa3af36;V;Julie Johnson;2025-04-07;2025-05-14;SELL;15001;50000;Visa Inc.;joint;House;capitol-exposed;2026-07-06 09:00:28.852393+00
966c7285-1b14-4329-972d-a01d8ca95964;UBER;Julie Johnson;2025-04-07;2025-05-14;SELL;1001;15000;Uber Technologies, Inc. Common Stock;joint;House;capitol-exposed;2026-07-06 09:00:28.852393+00
ce5231bb-cb1c-4827-b187-c66a57860435;META;Julie Johnson;2025-04-07;2025-05-14;SELL;15001;50000;Meta Platforms, Inc. - Class A Common Stock;joint;House;capitol-exposed;2026-07-06 09:00:28.852393+00
e0aae8c8-a8b2-4f65-9562-02aa76ca6757;NVDA;Julie Johnson;2025-04-07;2025-05-14;SELL;15001;50000;NVIDIA Corporation - Common Stock;joint;House;capitol-exposed;2026-07-06 09:00:28.852393+00
1493a595-ec4d-41e2-ae63-915c5d1cdc6a;HON;Julie Johnson;2025-04-07;2025-05-14;SELL;1001;15000;Honeywell International Inc.;joint;House;capitol-exposed;2026-07-06 09:00:28.852393+00
e4fb10b1-cc74-42fa-aaa7-cbd530fdd46e;ORCL;Julie Johnson;2025-04-07;2025-05-14;SELL;1001;15000;Oracle Corporation Common Stock;joint;House;capitol-exposed;2026-07-06 09:00:28.852393+00
14b4d296-8bf8-49cf-9e7b-470314f4c3c2;ADBE;Julie Johnson;2025-04-07;2025-05-14;SELL;1001;15000;Adobe Inc. - Common Stock;joint;House;capitol-exposed;2026-07-06 09:00:28.852393+00
88767cfa-7189-43d2-ae8e-8d9e66907b08;JPM;Julie Johnson;2025-04-07;2025-05-14;SELL;1001;15000;JP Morgan Chase & Co. Common Stock;joint;House;capitol-exposed;2026-07-06 09:00:28.852393+00
4bade1b6-e64d-46f1-a489-99c995acd1cd;GOOG;Julie Johnson;2025-04-07;2025-05-14;SELL;1001;15000;Alphabet Inc. - Class C Capital Stock;joint;House;capitol-exposed;2026-07-06 09:00:28.852393+00
f11bea58-445c-4609-ba54-5136eb031a67;MSFT;Julie Johnson;2025-04-07;2025-05-14;SELL;1001;15000;Microsoft Corporation - Common Stock;joint;House;capitol-exposed;2026-07-06 09:00:28.852393+00
93a9b540-3f93-4e17-89b7-ff063160b960;CVX;Julie Johnson;2025-04-07;2025-05-14;SELL;1001;15000;Chevron Corporation Common Stock;joint;House;capitol-exposed;2026-07-06 09:00:28.852393+00
85476291-9a13-4cf0-8d2e-4fcec626ce06;QCOM;Jared Moskowitz;2025-04-07;2025-05-09;BUY;1001;15000;Morgan Stanley Active Assets (1) QUALCOMM Incorporated - Common Stock;self;House;capitol-exposed;2026-07-06 09:00:28.852393+00
2c8f10c2-9556-46cc-935c-cc8319438899;ABBV;Jared Moskowitz;2025-04-07;2025-05-09;BUY;1001;15000;AbbVie Inc. Common Stock (ABBV);self;House;capitol-exposed;2026-07-06 09:00:28.852393+00
ccd0368f-7a34-4310-8c9d-1a509826d421;NVDA;Jared Moskowitz;2025-04-07;2025-05-09;BUY;1001;15000;Morgan Stanley Active Assets (1) NVIDIA Corporation - Common Stock;self;House;capitol-exposed;2026-07-06 09:00:28.852393+00
685a0e84-f52d-4221-bf98-ea7f00118b9e;AMZN;Jared Moskowitz;2025-04-07;2025-05-09;BUY;1001;15000;Morgan Stanley Active Assets (1) Amazon.com, Inc. - Common Stock;self;House;capitol-exposed;2026-07-06 09:00:28.852393+00
40233ea0-711f-433f-abc1-a5d416c7a346;HON;Jared Moskowitz;2025-04-07;2025-05-09;BUY;1001;15000;Morgan Stanley Active Assets (1) Honeywell International Inc.;self;House;capitol-exposed;2026-07-06 09:00:28.852393+00
2c5a9e07-7607-4466-ac7a-2698077ccf0f;ORCL;Jared Moskowitz;2025-04-07;2025-05-09;BUY;1001;15000;Morgan Stanley Active Assets (1) Oracle Corporation Common Stock;self;House;capitol-exposed;2026-07-06 09:00:28.852393+00
3c0f57bc-11d0-4115-aacc-8379a81f3510;LMT;Jared Moskowitz;2025-04-07;2025-05-09;BUY;1001;15000;ST] FS: New SO: Morgan Stanley Active Assets (1) Lockheed Martin Corporation Common Stock;self;House;capitol-exposed;2026-07-06 09:00:28.852393+00
7fa3eddb-a474-4157-93d4-561948560fc4;PEP;Jared Moskowitz;2025-04-07;2025-05-09;BUY;1001;15000;Morgan Stanley Active Assets (1) Pepsico, Inc.;self;House;capitol-exposed;2026-07-06 09:00:28.852393+00
7c55faf2-f519-4c0c-9762-7507dbfa0108;V;Jared Moskowitz;2025-04-07;2025-05-09;BUY;1001;15000;Cap. Gains > $200? SO: Morgan Stanley Active Assets (1) Visa Inc.;self;House;capitol-exposed;2026-07-06 09:00:28.852393+00
21ab0be3-ba97-4f54-b280-685e02f171a7;HD;Lloyd Doggett;2026-06-18;2026-07-06;BUY;1001;15000;Home Depot, Inc.;self;House;capitol-exposed;2026-07-08 09:00:24.716394+00
23bbc328-dc64-40f3-ba14-2b58b7b15eb1;JNJ;Lloyd Doggett;2026-06-09;2026-07-06;BUY;1001;15000;ʋʎʋʐʉ Sʖʃʖʗʕ: New Dʇʕʅʔʋʒʖʋʑʐ: Automatic reinvestment of dividends earned. Johnson & Johnson Common Stock;self;House;capitol-exposed;2026-07-08 09:00:24.716394+00
04c33826-258e-468d-a342-8ffb50a80446;UNH;Maria Elvira Salazar;2026-06-04;2026-07-07;SELL;1001;15000;ʋʎʋʐʉ Sʖʃʖʗʕ: New Sʗʄʊʑʎʆʋʐʉ Oʈ: UBS Brokerage Account UnitedHealth Group Incorporated Common Stock;self;House;capitol-exposed;2026-07-09 09:00:19.930214+00
830d2ddb-bacc-4ffa-b38c-a02bd7c1b1de;CRM;Maria Elvira Salazar;2026-06-02;2026-07-07;BUY;15001;50000;ʋʎʋʐʉ Sʖʃʖʗʕ: New Sʗʄʊʑʎʆʋʐʉ Oʈ: UBS Brokerage Account Salesforce, Inc. Common Stock;self;House;capitol-exposed;2026-07-09 09:00:19.930214+00
42798b11-1d90-49de-9401-089e89f96f0a;NVDA;Sheldon Whitehouse;2026-06-30;2026-07-09;SELL;15001;50000;NVDA;self;Senate;capitol-exposed;2026-07-10 09:00:15.992434+00
3386cf71-a2a4-477a-b1df-8038769d6c34;AAPL;Sheldon Whitehouse;2026-06-24;2026-07-09;SELL;15001;50000;AAPL;self;Senate;capitol-exposed;2026-07-10 09:00:15.992434+00
a698de73-1aed-4fc0-8b8d-0c3a0f8a6550;UNH;Richard McCormick;2026-06-12;2026-07-09;SELL;1001;15000;ʋʎʋʐʉ Sʖʃʖʗʕ: New Sʗʄʊʑʎʆʋʐʉ Oʈ: Growth Partners IRA Lʑʅʃʖʋʑʐ: US Dʇʕʅʔʋʒʖʋʑʐ: ETF UnitedHealth Group Incorporated Common Stock;self;House;capitol-exposed;2026-07-11 09:00:15.462693+00
44275fd1-1d95-4be2-a53a-2ce890c36ac8;UNH;John Boozman;2026-06-04;2026-07-13;BUY;1001;15000;UnitedHealth Group Incorporated Common Stock (DE);self;Senate;capitol-exposed;2026-07-14 09:00:17.111304+00
350a3d80-5896-4e7f-9211-e69f79f616e5;XOM;Kevin Hern;2026-07-02;2026-07-16;EXCHANGE;100001;250000;Exxon Mobil Corporation Common Stock;joint;House;capitol-exposed;2026-07-17 09:00:31.129165+00
a80b3970-4b60-4938-aed3-1832fad4101e;JNJ;Thomas H. Kean, Jr.;2026-06-29;2026-07-15;SELL;1001;15000;ʋʎʋʐʉ Sʖʃʖʗʕ: New Sʗʄʊʑʎʆʋʐʉ Oʈ: Kean Family Partnership Johnson & Johnson Common Stock;self;House;capitol-exposed;2026-07-17 09:00:31.129165+00
69c69b18-7d3c-4f9d-b2ce-5cd5fdc2afa7;GOOGL;Thomas H. Kean, Jr.;2026-06-24;2026-07-15;SELL;15001;50000;ʋʎʋʐʉ Sʖʃʖʗʕ: New Sʗʄʊʑʎʆʋʐʉ Oʈ: State Street Bank & Trust Co. Alphabet Inc. - Class A Common Stock;self;House;capitol-exposed;2026-07-17 09:00:31.129165+00
ff3510c1-5a08-4edf-88b0-40058e8984dd;MA;Tommy Tuberville;2026-06-08;2026-07-16;SELL;15001;50000;Mastercard Incorporated Common Stock;self;Senate;capitol-exposed;2026-07-17 09:00:31.129165+00
208fcc71-685d-4380-812b-be3b49161b47;LMT;Tommy Tuberville;2026-06-08;2026-07-16;SELL;15001;50000;Lockheed Martin Corporation Common Stock;self;Senate;capitol-exposed;2026-07-17 09:00:31.129165+00
2b4415b2-ac4b-499c-b264-2cd9ec5b4fdf;PG;Tommy Tuberville;2026-06-08;2026-07-16;SELL;15001;50000;Procter & Gamble Company (The) Common Stock;self;Senate;capitol-exposed;2026-07-17 09:00:31.129165+00
d65eae07-1b6a-4269-96d0-53ee49d6a260;PFE;Tommy Tuberville;2026-06-08;2026-07-16;SELL;15001;50000;Pfizer, Inc. Common Stock;self;Senate;capitol-exposed;2026-07-17 09:00:31.129165+00
32d6d776-6c5f-4e13-b182-a8cb8d3dc8e5;JNJ;Thomas H. Kean, Jr.;2026-06-02;2026-07-15;SELL;1001;15000;ʋʎʋʐʉ Sʖʃʖʗʕ: New Sʗʄʊʑʎʆʋʐʉ Oʈ: State Street Bank & Trust Co. Johnson & Johnson Common Stock;self;House;capitol-exposed;2026-07-17 09:00:31.129165+00
3373ce47-81b1-411c-85e6-92a27af75fcf;GOOGL;Thomas H. Kean, Jr.;2026-06-02;2026-07-15;SELL;1001;15000;Alphabet Inc. - Class A Common Stock;self;House;capitol-exposed;2026-07-17 09:00:31.129165+00
ea62daa3-f089-4ecc-8f40-9818699577a8;MSFT;Thomas H. Kean, Jr.;2026-06-02;2026-07-15;SELL;1001;15000;ʋʎʋʐʉ Sʖʃʖʗʕ: New Sʗʄʊʑʎʆʋʐʉ Oʈ: State Street Bank & Trust Co. Microsoft Corporation - Common Stock;self;House;capitol-exposed;2026-07-17 09:00:31.129165+00
e8738657-cf2f-410a-8352-cc08cb480148;NVDA;Cleo Fields;2026-06-26;2026-07-16;BUY;1001;15000;NVIDIA Corporation - Common Stock;self;House;capitol-exposed;2026-07-18 09:00:17.27429+00
82e8cf37-b0e1-47c3-8151-d7e321ee9079;AAPL;Dan Crenshaw;2026-06-01;2026-07-16;SELL;1001;15000;ʋʎʋʐʉ Sʖʃʖʗʕ: New Apple Inc. - Common Stock;self;House;capitol-exposed;2026-07-18 09:00:17.27429+00
17641c60-9e86-4bbe-901c-ff7504ca5f02;META;Dan Crenshaw;2026-06-01;2026-07-16;SELL;1001;15000;ʋʎʋʐʉ Sʖʃʖʗʕ: New Dʇʕʅʔʋʒʖʋʑʐ: 10 puts at $22.00 Meta Platforms, Inc. - Class A Common Stock;self;House;capitol-exposed;2026-07-18 09:00:17.27429+00
7e0b9a1c-b9a9-47cf-bf29-155774587a18;AMZN;Dan Crenshaw;2026-06-01;2026-07-16;SELL;1001;15000;ʋʎʋʐʉ Sʖʃʖʗʕ: New Amazon.com, Inc. - Common Stock;self;House;capitol-exposed;2026-07-18 09:00:17.27429+00
ba4c52d2-ef11-4332-ab78-a664f4e7e7e1;GOOG;Dan Crenshaw;2026-06-01;2026-07-16;SELL;1001;15000;Alphabet Inc. - Class C Capital Stock;self;House;capitol-exposed;2026-07-18 09:00:17.27429+00
6d34bd75-51c2-4b94-8941-a109b7811a81;META;Dan Crenshaw;2026-05-05;2026-07-16;SELL;1001;15000;ʋʎʋʐʉ Sʖʃʖʗʕ: New Dʇʕʅʔʋʒʖʋʑʐ: 10 puts at $11.80 Meta Platforms, Inc. - Class A Common Stock;self;House;capitol-exposed;2026-07-18 09:00:17.27429+00
d1f658f2-a530-4be3-9c43-4426f10cdacb;META;Dan Crenshaw;2026-04-28;2026-07-16;BUY;1001;15000;ʋʎʋʐʉ Sʖʃʖʗʕ: New Lʑʅʃʖʋʑʐ: US Dʇʕʅʔʋʒʖʋʑʐ: FAS is an ETF but was no searchable as an asset for some reason Meta Platforms, Inc. - Class A Common Stock;self;House;capitol-exposed;2026-07-18 09:00:17.27429+00
edaa3147-82eb-4eae-a4ef-bf08beaccde6;GE;Laurel M. Lee;2026-06-16;2026-07-19;SELL;1001;15000;GE Aerospace Common Stock;spouse;House;capitol-exposed;2026-07-21 09:00:16.562764+00
bb1d9f3a-95b4-4b1d-98b4-45d0bf7623d7;BAC;Laurel M. Lee;2026-06-02;2026-07-19;SELL;1001;15000;Bank of America Corporation Common Stock;spouse;House;capitol-exposed;2026-07-21 09:00:16.562764+00
7705a636-633f-4ea6-862f-f8dd08861509;HD;James A. Himes;2026-07-20;2026-07-20;SELL;15001;50000;Home Depot, Inc.;joint;House;capitol-exposed;2026-07-22 09:00:23.891262+00
f63a7709-4d11-42bf-9504-508d196cd249;XOM;James A. Himes;2026-07-20;2026-07-20;SELL;15001;50000;ExxonMobil Holdings Corporation Common Stock;joint;House;capitol-exposed;2026-07-22 09:00:23.891262+00
527c00b3-745f-4321-91e9-0fb106c8c39e;BAC;James A. Himes;2026-07-20;2026-07-20;SELL;1001;15000;Bank of America Corporation Common Stock;joint;House;capitol-exposed;2026-07-22 09:00:23.891262+00
d5b6dd2e-3abe-42ae-9b11-e0b7c84a5e94;GOOG;Jerry Moran;2026-06-23;2026-07-21;BUY;1001;15000;Alphabet Inc. - Class C Capital Stock;self;Senate;capitol-exposed;2026-07-22 09:00:23.891262+00
4755ece1-528c-47b1-854f-256ac339b14d;NVDA;Sam T. Liccardo;2026-07-21;2026-07-27;SELL;15001;50000;NVIDIA Corporation - Common Stock;self;House;capitol-exposed;2026-07-28 09:00:18.736357+00
84e0386d-c685-46ba-b45a-7c4813d792dd;HD;Jared Moskowitz;2026-06-17;2026-07-26;BUY;1001;15000;ʋʎʋʐʉ Sʖʃʖʗʕ: New Sʗʄʊʑʎʆʋʐʉ Oʈ: Morgan Stanley Active Assets (1) Home Depot, Inc.;self;House;capitol-exposed;2026-07-28 09:00:18.736357+00
43eeb447-240e-43e6-9181-59f700d51f53;MSFT;Jared Moskowitz;2026-06-17;2026-07-26;BUY;1001;15000;ʋʎʋʐʉ Sʖʃʖʗʕ: New Sʗʄʊʑʎʆʋʐʉ Oʈ: Morgan Stanley Active Assets (5) Microsoft Corporation - Common Stock;self;House;capitol-exposed;2026-07-28 09:00:18.736357+00
85b368fd-f4cd-4595-b55f-eca35b7b595b;META;Jared Moskowitz;2026-06-17;2026-07-26;BUY;1001;15000;ʋʎʋʐʉ Sʖʃʖʗʕ: New Sʗʄʊʑʎʆʋʐʉ Oʈ: Morgan Stanley Active Assets (5) Meta Platforms, Inc. - Class A Common Stock;self;House;capitol-exposed;2026-07-28 09:00:18.736357+00
a4972168-8254-448b-b072-2b8545c36afd;TSM;Cleo Fields;2026-07-10;2026-07-30;BUY;1001;15000;Taiwan Semiconductor Manufacturing Company Ltd.;self;House;capitol-exposed;2026-08-01 09:00:21.623707+00
dfb36dea-0256-4dea-a032-9727e2b67c39;KO;Lloyd Doggett;2026-07-01;2026-08-05;BUY;1001;15000;Coca-Cola Company;self;House;capitol-exposed;2026-08-07 09:00:16.990095+00
8e23b3de-a365-4fa9-8138-93c70d2cf018;NOW;Julie Johnson;2025-12-08;2026-08-05;BUY;1001;15000;ServiceNow, Inc. Common Stock;joint;House;capitol-exposed;2026-08-07 09:00:17.264458+00
e0f3f943-e479-4c6c-bc3b-beb810ce7147;NOW;Julie Johnson;2025-12-08;2026-08-05;SELL;1001;15000;ServiceNow, Inc. Common Stock;joint;House;capitol-exposed;2026-08-07 09:00:17.264458+00
583d9565-d5a0-43ad-b7cb-3cc41ed992e9;BA;Julie Johnson;2025-12-02;2026-08-05;SELL;1001;15000;Boeing Company;joint;House;capitol-exposed;2026-08-07 09:00:17.264458+00
d7770b72-2d3e-41bd-b114-0699d2b36d68;BA;Julie Johnson;2025-12-02;2026-08-05;BUY;1001;15000;Boeing Company;joint;House;capitol-exposed;2026-08-07 09:00:17.264458+00
e58d03c5-68ff-44da-8eb4-8a73d3c058b2;ADBE;Julie Johnson;2025-10-30;2026-08-05;BUY;1001;15000;Adobe Inc. - Common Stock;joint;House;capitol-exposed;2026-08-07 09:00:17.264458+00
b70badbb-bf64-441d-af68-1e0e9a5aa025;ADBE;Julie Johnson;2025-10-30;2026-08-05;SELL;1001;15000;Adobe Inc. - Common Stock;joint;House;capitol-exposed;2026-08-07 09:00:17.264458+00
c9c02fc6-5e76-4e93-8914-3d385a7d96fb;AVGO;David J. Taylor;2026-07-24;2026-08-06;BUY;1001;15000;ʋʎʋʐʉ Sʖʃʖʗʕ: New Sʗʄʊʑʎʆʋʐʉ Oʈ: David Taylor Trust > Schwab Joint Brokerage #1 (Home Grown) Broadcom Inc. - Common Stock;self;House;capitol-exposed;2026-08-08 09:00:17.758072+00
75b1f257-e965-4947-a92d-07f7d4c2f405;MSFT;David J. Taylor;2026-07-24;2026-08-06;BUY;1001;15000;ʋʎʋʐʉ Sʖʃʖʗʕ: New Sʗʄʊʑʎʆʋʐʉ Oʈ: David Taylor Trust > Sardinia Ready Mix 401(k) - Dave Microsoft Corporation - Common Stock;self;House;capitol-exposed;2026-08-08 09:00:17.758072+00
031c0170-4bc3-4214-a440-658e6e09456b;GOOGL;David J. Taylor;2026-07-17;2026-08-06;BUY;1001;15000;Alphabet Inc. - Class A Common Stock;self;House;capitol-exposed;2026-08-08 09:00:17.758072+00
3a14e598-ad33-4f64-840f-36869aac805b;HON;Julie Johnson;2025-09-23;2026-08-05;SELL;1001;15000;Honeywell International Inc.;joint;House;capitol-exposed;2026-08-09 09:00:21.158884+00
6b5276a8-dabc-4621-af32-1d2aa297f67f;HON;Julie Johnson;2025-09-23;2026-08-05;BUY;1001;15000;Honeywell International Inc.;joint;House;capitol-exposed;2026-08-09 09:00:21.158884+00
f6bfb3b2-fe41-4f45-9940-306c49cd6e1b;LLY;Michael A. Rulli;2026-07-01;2026-08-07;SELL;1001;15000;ʋʎʋʐʉ Sʖʃʖʗʕ: New Sʗʄʊʑʎʆʋʐʉ Oʈ: Merrill Lynch Managed Account Eli Lilly and Company Common Stock;self;House;capitol-exposed;2026-08-11 09:00:19.578395+00
b981a3fe-ff6b-4976-a638-5fc727806fed;GOOGL;Michael A. Rulli;2026-06-29;2026-08-07;BUY;1001;15000;Alphabet Inc. - Class A Common Stock;self;House;capitol-exposed;2026-08-11 09:00:19.578395+00
6b99ea3e-31d8-4bfc-994f-6b6d851c9181;AMZN;Michael A. Rulli;2026-06-25;2026-08-07;SELL;1001;15000;ʋʎʋʐʉ Sʖʃʖʗʕ: New Sʗʄʊʑʎʆʋʐʉ Oʈ: Merrill Lynch Managed Account Amazon.com, Inc. - Common Stock;self;House;capitol-exposed;2026-08-11 09:00:19.578395+00
97ea4353-1804-46f3-9c7f-56f688a75a34;NVDA;Michael A. Rulli;2026-06-25;2026-08-07;BUY;1001;15000;ʋʎʋʐʉ Sʖʃʖʗʕ: New Sʗʄʊʑʎʆʋʐʉ Oʈ: Merrill Lynch Managed Account NVIDIA Corporation - Common Stock;self;House;capitol-exposed;2026-08-11 09:00:19.578395+00
ec5255e9-deb3-40fc-b90b-e826f6088b12;MSFT;Michael A. Rulli;2026-06-25;2026-08-07;SELL;1001;15000;ʋʎʋʐʉ Sʖʃʖʗʕ: New Sʗʄʊʑʎʆʋʐʉ Oʈ: Merrill Lynch Managed Account Microsoft Corporation - Common Stock;self;House;capitol-exposed;2026-08-11 09:00:19.578395+00
1ddd8c52-e1ad-41d4-af99-3f754924d6b7;AAPL;Michael A. Rulli;2026-06-25;2026-08-07;SELL;1001;15000;ʋʎʋʐʉ Sʖʃʖʗʕ: New Sʗʄʊʑʎʆʋʐʉ Oʈ: Merrill Lynch Managed Account Apple Inc. - Common Stock;self;House;capitol-exposed;2026-08-11 09:00:19.578395+00
cafd21bd-5b5c-4536-aa8d-6d6a9abdb64d;GOOGL;Michael A. Rulli;2026-06-25;2026-08-07;BUY;1001;15000;ʋʎʋʐʉ Sʖʃʖʗʕ: New Sʗʄʊʑʎʆʋʐʉ Oʈ: Merrill Lynch Managed Account Alphabet Inc. - Class A Common Stock;self;House;capitol-exposed;2026-08-11 09:00:19.578395+00
3a7665d9-078b-473d-ac4e-cb7002320e34;PLTR;Michael A. Rulli;2026-05-06;2026-08-07;SELL;1001;15000;ʋʎʋʐʉ Sʖʃʖʗʕ: New Sʗʄʊʑʎʆʋʐʉ Oʈ: Merrill Lynch Managed Account Palantir Technologies Inc. - Class A Common Stock;self;House;capitol-exposed;2026-08-11 09:00:19.578395+00
220e52da-ba63-4d1e-ad2d-3e5957f67cc7;META;Michael A. Rulli;2026-05-06;2026-08-07;BUY;1001;15000;ʋʎʋʐʉ Sʖʃʖʗʕ: New Sʗʄʊʑʎʆʋʐʉ Oʈ: Merrill Lynch Managed Account Meta Platforms, Inc. - Class A Common Stock;self;House;capitol-exposed;2026-08-11 09:00:19.578395+00
6e1d28ed-3cd7-4f81-a02f-91245e2f3c91;MSFT;Michael A. Rulli;2026-02-20;2026-08-07;SELL;1001;15000;ʋʎʋʐʉ Sʖʃʖʗʕ: New Sʗʄʊʑʎʆʋʐʉ Oʈ: Merrill Lynch Managed Account Microsoft Corporation - Common Stock;self;House;capitol-exposed;2026-08-11 09:00:19.578395+00
492e4b66-46c1-4bbd-ad94-8eee2274283d;MSFT;Michael A. Rulli;2026-02-05;2026-08-07;BUY;1001;15000;ʋʎʋʐʉ Sʖʃʖʗʕ: New Sʗʄʊʑʎʆʋʐʉ Oʈ: Merrill Lynch Managed Account Microsoft Corporation - Common Stock;self;House;capitol-exposed;2026-08-11 09:00:19.578395+00
11432ff4-3413-4f8f-84a0-8d0dd6a26c1e;PLTR;Michael A. Rulli;2026-01-09;2026-08-07;BUY;1001;15000;ʋʎʋʐʉ Sʖʃʖʗʕ: New Sʗʄʊʑʎʆʋʐʉ Oʈ: Merrill Lynch Managed Account Palantir Technologies Inc. - Class A Common Stock;self;House;capitol-exposed;2026-08-11 09:00:19.845086+00
8b2efa30-4dde-4114-94c6-fe455f0e8467;META;Michael A. Rulli;2026-01-09;2026-08-07;SELL;1001;15000;Cap. Gains > $200? Meta Platforms, Inc. - Class A Common Stock;self;House;capitol-exposed;2026-08-11 09:00:19.845086+00
64bc244d-f7e8-43e9-832c-b8d9e9f766ec;LLY;Michael A. Rulli;2026-01-02;2026-08-07;BUY;1001;15000;ʋʎʋʐʉ Sʖʃʖʗʕ: New Sʗʄʊʑʎʆʋʐʉ Oʈ: Merrill Lynch Managed Account Eli Lilly and Company Common Stock;self;House;capitol-exposed;2026-08-11 09:00:19.845086+00
d27a6cec-832b-4a75-822b-4c20eda8c828;KO;Michael A. Rulli;2025-12-03;2026-08-07;BUY;1001;15000;ʋʎʋʐʉ Sʖʃʖʗʕ: New Sʗʄʊʑʎʆʋʐʉ Oʈ: Merrill Lynch Managed Account Coca-Cola Company;self;House;capitol-exposed;2026-08-11 09:00:19.845086+00
3f151485-a5ae-40c9-b460-bfec02e9857b;LLY;Michael A. Rulli;2025-12-02;2026-08-07;SELL;1001;15000;ʋʎʋʐʉ Sʖʃʖʗʕ: New Sʗʄʊʑʎʆʋʐʉ Oʈ: Merrill Lynch Managed Account Eli Lilly and Company Common Stock;self;House;capitol-exposed;2026-08-11 09:00:19.845086+00
59946ea1-dd6c-40cc-bb2a-23841c8b17c1;AAPL;Michael A. Rulli;2025-10-27;2026-08-07;SELL;1001;15000;Cap. Gains > $200? Apple Inc. - Common Stock;self;House;capitol-exposed;2026-08-11 09:00:19.845086+00
f3c7f6ca-cbca-448d-9379-ffb6b4aede8f;CRWD;Josh Gottheimer;2026-07-15;2026-08-10;BUY;1001;15000;CrowdStrike Holdings, Inc. - Class A Common Stock;joint;House;capitol-exposed;2026-08-12 09:00:22.418009+00
37225cd1-45a5-46fa-8217-cbde11734b75;META;Michael A. Rulli;2025-09-18;2026-08-07;BUY;1001;15000;ʋʎʋʐʉ Sʖʃʖʗʕ: New Sʗʄʊʑʎʆʋʐʉ Oʈ: Merrill Lynch Managed Account Meta Platforms, Inc. - Class A Common Stock;self;House;capitol-exposed;2026-08-12 09:00:22.846556+00
60624afe-5a6e-45e1-b2ef-5ae86e601567;DIS;Mike Kelly;2026-07-17;2026-08-12;SELL;1001;15000;Walt Disney Company;spouse;House;capitol-exposed;2026-08-13 09:00:26.89566+00
9d3fcdde-57a0-4a03-aae3-07f02a903bbe;PEP;Mike Kelly;2026-07-17;2026-08-12;SELL;15001;50000;Pepsico, Inc.;spouse;House;capitol-exposed;2026-08-13 09:00:26.89566+00